14-Mar-2026 12:38:58.102 INFO [main] org.apache.catalina.startup.VersionLoggerListener.log Server version name:   Apache Tomcat/10.1.52
14-Mar-2026 12:38:58.105 INFO [main] org.apache.catalina.startup.VersionLoggerListener.log Server built:          Jan 23 2026 19:29:07 UTC
14-Mar-2026 12:38:58.106 INFO [main] org.apache.catalina.startup.VersionLoggerListener.log Server version number: 10.1.52.0
14-Mar-2026 12:38:58.108 INFO [main] org.apache.catalina.startup.VersionLoggerListener.log OS Name:               Windows 11
14-Mar-2026 12:38:58.108 INFO [main] org.apache.catalina.startup.VersionLoggerListener.log OS Version:            10.0
14-Mar-2026 12:38:58.109 INFO [main] org.apache.catalina.startup.VersionLoggerListener.log Architecture:          amd64
14-Mar-2026 12:38:58.109 INFO [main] org.apache.catalina.startup.VersionLoggerListener.log Java Home:             C:\Program Files\Java\jdk-25.0.2
14-Mar-2026 12:38:58.110 INFO [main] org.apache.catalina.startup.VersionLoggerListener.log JVM Version:           25.0.2+10-LTS-69
14-Mar-2026 12:38:58.110 INFO [main] org.apache.catalina.startup.VersionLoggerListener.log JVM Vendor:            Oracle Corporation
14-Mar-2026 12:38:58.111 INFO [main] org.apache.catalina.startup.VersionLoggerListener.log CATALINA_BASE:         D:\STUDY\Website-projects\Talksy-chat-app\Backend\apache-tomcat-10.1.52\apache-tomcat-10.1.52
14-Mar-2026 12:38:58.113 INFO [main] org.apache.catalina.startup.VersionLoggerListener.log CATALINA_HOME:         D:\STUDY\Website-projects\Talksy-chat-app\Backend\apache-tomcat-10.1.52\apache-tomcat-10.1.52
14-Mar-2026 12:38:58.660 INFO [main] org.apache.catalina.startup.VersionLoggerListener.log Command line argument: -Djava.util.logging.config.file=D:\STUDY\Website-projects\Talksy-chat-app\Backend\apache-tomcat-10.1.52\apache-tomcat-10.1.52\conf\logging.properties
14-Mar-2026 12:38:58.662 INFO [main] org.apache.catalina.startup.VersionLoggerListener.log Command line argument: -Djava.util.logging.manager=org.apache.juli.ClassLoaderLogManager
14-Mar-2026 12:38:58.663 INFO [main] org.apache.catalina.startup.VersionLoggerListener.log Command line argument: -Djdk.tls.ephemeralDHKeySize=2048
14-Mar-2026 12:38:58.664 INFO [main] org.apache.catalina.startup.VersionLoggerListener.log Command line argument: -Djava.protocol.handler.pkgs=org.apache.catalina.webresources
14-Mar-2026 12:38:58.665 INFO [main] org.apache.catalina.startup.VersionLoggerListener.log Command line argument: -Dsun.io.useCanonCaches=false
14-Mar-2026 12:38:58.666 INFO [main] org.apache.catalina.startup.VersionLoggerListener.log Command line argument: --add-opens=java.base/java.lang=ALL-UNNAMED
14-Mar-2026 12:38:58.666 INFO [main] org.apache.catalina.startup.VersionLoggerListener.log Command line argument: --add-opens=java.base/java.lang.reflect=ALL-UNNAMED
14-Mar-2026 12:38:58.667 INFO [main] org.apache.catalina.startup.VersionLoggerListener.log Command line argument: --add-opens=java.base/java.io=ALL-UNNAMED
14-Mar-2026 12:38:58.668 INFO [main] org.apache.catalina.startup.VersionLoggerListener.log Command line argument: --add-opens=java.base/java.util=ALL-UNNAMED
14-Mar-2026 12:38:58.669 INFO [main] org.apache.catalina.startup.VersionLoggerListener.log Command line argument: --add-opens=java.base/java.util.concurrent=ALL-UNNAMED
14-Mar-2026 12:38:58.670 INFO [main] org.apache.catalina.startup.VersionLoggerListener.log Command line argument: --add-opens=java.rmi/sun.rmi.transport=ALL-UNNAMED
14-Mar-2026 12:38:58.671 INFO [main] org.apache.catalina.startup.VersionLoggerListener.log Command line argument: -Dcatalina.base=D:\STUDY\Website-projects\Talksy-chat-app\Backend\apache-tomcat-10.1.52\apache-tomcat-10.1.52
14-Mar-2026 12:38:58.671 INFO [main] org.apache.catalina.startup.VersionLoggerListener.log Command line argument: -Dcatalina.home=D:\STUDY\Website-projects\Talksy-chat-app\Backend\apache-tomcat-10.1.52\apache-tomcat-10.1.52
14-Mar-2026 12:38:58.672 INFO [main] org.apache.catalina.startup.VersionLoggerListener.log Command line argument: -Djava.io.tmpdir=D:\STUDY\Website-projects\Talksy-chat-app\Backend\apache-tomcat-10.1.52\apache-tomcat-10.1.52\temp
14-Mar-2026 12:38:58.695 INFO [main] org.apache.catalina.core.AprLifecycleListener.lifecycleEvent The Apache Tomcat Native library which allows using OpenSSL was not found on the java.library.path: [C:\Program Files\Java\jdk-25.0.2\bin;C:\WINDOWS\Sun\Java\bin;C:\WINDOWS\system32;C:\WINDOWS;C:\Program Files\Common Files\Oracle\Java\javapath;C:\WINDOWS\system32;C:\WINDOWS;C:\WINDOWS\System32\Wbem;C:\WINDOWS\System32\WindowsPowerShell\v1.0\;C:\WINDOWS\System32\OpenSSH\;C:\ProgramData\chocolatey\bin;C:\Program Files (x86)\Microsoft SQL Server\100\Tools\Binn\;C:\Program Files\Microsoft SQL Server\100\Tools\Binn\;C:\Program Files\Microsoft SQL Server\100\DTS\Binn\;C:\Program Files\nodejs\;C:\Program Files\Java\jdk-25.0.2\bin;C:\Program Files\MySQL\MySQL Shell 8.0\bin\;C:\Users\HP\AppData\Local\Microsoft\WindowsApps;C:\Users\HP\AppData\Local\Programs\Microsoft VS Code\bin;C:\Users\HP\AppData\Local\Programs\Antigravity\bin;C:\Users\HP\AppData\Roaming\npm;.]
14-Mar-2026 12:38:59.320 INFO [main] org.apache.coyote.AbstractProtocol.init Initializing ProtocolHandler ["http-nio-8080"]
14-Mar-2026 12:38:59.372 INFO [main] org.apache.catalina.startup.Catalina.load Server initialization in [1561] milliseconds
14-Mar-2026 12:38:59.485 INFO [main] org.apache.catalina.core.StandardService.startInternal Starting service [Catalina]
14-Mar-2026 12:38:59.486 INFO [main] org.apache.catalina.core.StandardEngine.startInternal Starting Servlet engine: [Apache Tomcat/10.1.52]
14-Mar-2026 12:38:59.516 INFO [main] org.apache.catalina.startup.HostConfig.deployDirectory Deploying web application directory [D:\STUDY\Website-projects\Talksy-chat-app\Backend\apache-tomcat-10.1.52\apache-tomcat-10.1.52\webapps\chatapp]
14-Mar-2026 12:39:00.586 INFO [main] org.apache.jasper.servlet.TldScanner.scanJars At least one JAR was scanned for TLDs yet contained no TLDs. Enable debug logging for this logger for a complete list of JARs that were scanned but no TLDs were found in them. Skipping unneeded JARs during scanning can improve startup time and JSP compilation time.
14-Mar-2026 12:39:00.731 INFO [main] org.apache.catalina.startup.HostConfig.deployDirectory Deployment of web application directory [D:\STUDY\Website-projects\Talksy-chat-app\Backend\apache-tomcat-10.1.52\apache-tomcat-10.1.52\webapps\chatapp] has finished in [1,203] ms
14-Mar-2026 12:39:00.733 INFO [main] org.apache.catalina.startup.HostConfig.deployDirectory Deploying web application directory [D:\STUDY\Website-projects\Talksy-chat-app\Backend\apache-tomcat-10.1.52\apache-tomcat-10.1.52\webapps\docs]
14-Mar-2026 12:39:01.115 INFO [main] org.apache.jasper.servlet.TldScanner.scanJars At least one JAR was scanned for TLDs yet contained no TLDs. Enable debug logging for this logger for a complete list of JARs that were scanned but no TLDs were found in them. Skipping unneeded JARs during scanning can improve startup time and JSP compilation time.
14-Mar-2026 12:39:01.121 INFO [main] org.apache.catalina.startup.HostConfig.deployDirectory Deployment of web application directory [D:\STUDY\Website-projects\Talksy-chat-app\Backend\apache-tomcat-10.1.52\apache-tomcat-10.1.52\webapps\docs] has finished in [388] ms
14-Mar-2026 12:39:01.122 INFO [main] org.apache.catalina.startup.HostConfig.deployDirectory Deploying web application directory [D:\STUDY\Website-projects\Talksy-chat-app\Backend\apache-tomcat-10.1.52\apache-tomcat-10.1.52\webapps\examples]
14-Mar-2026 12:39:02.043 INFO [main] org.apache.jasper.servlet.TldScanner.scanJars At least one JAR was scanned for TLDs yet contained no TLDs. Enable debug logging for this logger for a complete list of JARs that were scanned but no TLDs were found in them. Skipping unneeded JARs during scanning can improve startup time and JSP compilation time.
14-Mar-2026 12:39:02.116 INFO [main] org.apache.catalina.startup.HostConfig.deployDirectory Deployment of web application directory [D:\STUDY\Website-projects\Talksy-chat-app\Backend\apache-tomcat-10.1.52\apache-tomcat-10.1.52\webapps\examples] has finished in [993] ms
14-Mar-2026 12:39:02.116 INFO [main] org.apache.catalina.startup.HostConfig.deployDirectory Deploying web application directory [D:\STUDY\Website-projects\Talksy-chat-app\Backend\apache-tomcat-10.1.52\apache-tomcat-10.1.52\webapps\host-manager]
14-Mar-2026 12:39:02.475 INFO [main] org.apache.jasper.servlet.TldScanner.scanJars At least one JAR was scanned for TLDs yet contained no TLDs. Enable debug logging for this logger for a complete list of JARs that were scanned but no TLDs were found in them. Skipping unneeded JARs during scanning can improve startup time and JSP compilation time.
14-Mar-2026 12:39:02.491 INFO [main] org.apache.catalina.startup.HostConfig.deployDirectory Deployment of web application directory [D:\STUDY\Website-projects\Talksy-chat-app\Backend\apache-tomcat-10.1.52\apache-tomcat-10.1.52\webapps\host-manager] has finished in [375] ms
14-Mar-2026 12:39:02.493 INFO [main] org.apache.catalina.startup.HostConfig.deployDirectory Deploying web application directory [D:\STUDY\Website-projects\Talksy-chat-app\Backend\apache-tomcat-10.1.52\apache-tomcat-10.1.52\webapps\manager]
14-Mar-2026 12:39:02.826 INFO [main] org.apache.jasper.servlet.TldScanner.scanJars At least one JAR was scanned for TLDs yet contained no TLDs. Enable debug logging for this logger for a complete list of JARs that were scanned but no TLDs were found in them. Skipping unneeded JARs during scanning can improve startup time and JSP compilation time.
14-Mar-2026 12:39:02.832 INFO [main] org.apache.catalina.startup.HostConfig.deployDirectory Deployment of web application directory [D:\STUDY\Website-projects\Talksy-chat-app\Backend\apache-tomcat-10.1.52\apache-tomcat-10.1.52\webapps\manager] has finished in [339] ms
14-Mar-2026 12:39:02.832 INFO [main] org.apache.catalina.startup.HostConfig.deployDirectory Deploying web application directory [D:\STUDY\Website-projects\Talksy-chat-app\Backend\apache-tomcat-10.1.52\apache-tomcat-10.1.52\webapps\ROOT]
14-Mar-2026 12:39:03.262 INFO [main] org.apache.jasper.servlet.TldScanner.scanJars At least one JAR was scanned for TLDs yet contained no TLDs. Enable debug logging for this logger for a complete list of JARs that were scanned but no TLDs were found in them. Skipping unneeded JARs during scanning can improve startup time and JSP compilation time.
14-Mar-2026 12:39:03.270 INFO [main] org.apache.catalina.startup.HostConfig.deployDirectory Deployment of web application directory [D:\STUDY\Website-projects\Talksy-chat-app\Backend\apache-tomcat-10.1.52\apache-tomcat-10.1.52\webapps\ROOT] has finished in [438] ms
14-Mar-2026 12:39:03.275 INFO [main] org.apache.coyote.AbstractProtocol.start Starting ProtocolHandler ["http-nio-8080"]
14-Mar-2026 12:39:03.321 INFO [main] org.apache.catalina.startup.Catalina.start Server startup in [3944] milliseconds
14-Mar-2026 12:44:14.047 INFO [main] org.apache.catalina.startup.VersionLoggerListener.log Server version name:   Apache Tomcat/10.1.52
14-Mar-2026 12:44:14.054 INFO [main] org.apache.catalina.startup.VersionLoggerListener.log Server built:          Jan 23 2026 19:29:07 UTC
14-Mar-2026 12:44:14.055 INFO [main] org.apache.catalina.startup.VersionLoggerListener.log Server version number: 10.1.52.0
14-Mar-2026 12:44:14.056 INFO [main] org.apache.catalina.startup.VersionLoggerListener.log OS Name:               Windows 11
14-Mar-2026 12:44:14.056 INFO [main] org.apache.catalina.startup.VersionLoggerListener.log OS Version:            10.0
14-Mar-2026 12:44:14.057 INFO [main] org.apache.catalina.startup.VersionLoggerListener.log Architecture:          amd64
14-Mar-2026 12:44:14.059 INFO [main] org.apache.catalina.startup.VersionLoggerListener.log Java Home:             C:\Program Files\Java\jdk-25.0.2
14-Mar-2026 12:44:14.059 INFO [main] org.apache.catalina.startup.VersionLoggerListener.log JVM Version:           25.0.2+10-LTS-69
14-Mar-2026 12:44:14.060 INFO [main] org.apache.catalina.startup.VersionLoggerListener.log JVM Vendor:            Oracle Corporation
14-Mar-2026 12:44:14.061 INFO [main] org.apache.catalina.startup.VersionLoggerListener.log CATALINA_BASE:         D:\STUDY\Website-projects\Talksy-chat-app\Backend\apache-tomcat-10.1.52\apache-tomcat-10.1.52
14-Mar-2026 12:44:14.061 INFO [main] org.apache.catalina.startup.VersionLoggerListener.log CATALINA_HOME:         D:\STUDY\Website-projects\Talksy-chat-app\Backend\apache-tomcat-10.1.52\apache-tomcat-10.1.52
14-Mar-2026 12:44:14.078 INFO [main] org.apache.catalina.startup.VersionLoggerListener.log Command line argument: -Djava.util.logging.config.file=D:\STUDY\Website-projects\Talksy-chat-app\Backend\apache-tomcat-10.1.52\apache-tomcat-10.1.52\conf\logging.properties
14-Mar-2026 12:44:14.078 INFO [main] org.apache.catalina.startup.VersionLoggerListener.log Command line argument: -Djava.util.logging.manager=org.apache.juli.ClassLoaderLogManager
14-Mar-2026 12:44:14.079 INFO [main] org.apache.catalina.startup.VersionLoggerListener.log Command line argument: -Djdk.tls.ephemeralDHKeySize=2048
14-Mar-2026 12:44:14.079 INFO [main] org.apache.catalina.startup.VersionLoggerListener.log Command line argument: -Djava.protocol.handler.pkgs=org.apache.catalina.webresources
14-Mar-2026 12:44:14.080 INFO [main] org.apache.catalina.startup.VersionLoggerListener.log Command line argument: -Dsun.io.useCanonCaches=false
14-Mar-2026 12:44:14.081 INFO [main] org.apache.catalina.startup.VersionLoggerListener.log Command line argument: --add-opens=java.base/java.lang=ALL-UNNAMED
14-Mar-2026 12:44:14.081 INFO [main] org.apache.catalina.startup.VersionLoggerListener.log Command line argument: --add-opens=java.base/java.lang.reflect=ALL-UNNAMED
14-Mar-2026 12:44:14.081 INFO [main] org.apache.catalina.startup.VersionLoggerListener.log Command line argument: --add-opens=java.base/java.io=ALL-UNNAMED
14-Mar-2026 12:44:14.081 INFO [main] org.apache.catalina.startup.VersionLoggerListener.log Command line argument: --add-opens=java.base/java.util=ALL-UNNAMED
14-Mar-2026 12:44:14.082 INFO [main] org.apache.catalina.startup.VersionLoggerListener.log Command line argument: --add-opens=java.base/java.util.concurrent=ALL-UNNAMED
14-Mar-2026 12:44:14.082 INFO [main] org.apache.catalina.startup.VersionLoggerListener.log Command line argument: --add-opens=java.rmi/sun.rmi.transport=ALL-UNNAMED
14-Mar-2026 12:44:14.083 INFO [main] org.apache.catalina.startup.VersionLoggerListener.log Command line argument: -Dcatalina.base=D:\STUDY\Website-projects\Talksy-chat-app\Backend\apache-tomcat-10.1.52\apache-tomcat-10.1.52
14-Mar-2026 12:44:14.083 INFO [main] org.apache.catalina.startup.VersionLoggerListener.log Command line argument: -Dcatalina.home=D:\STUDY\Website-projects\Talksy-chat-app\Backend\apache-tomcat-10.1.52\apache-tomcat-10.1.52
14-Mar-2026 12:44:14.084 INFO [main] org.apache.catalina.startup.VersionLoggerListener.log Command line argument: -Djava.io.tmpdir=D:\STUDY\Website-projects\Talksy-chat-app\Backend\apache-tomcat-10.1.52\apache-tomcat-10.1.52\temp
14-Mar-2026 12:44:14.096 INFO [main] org.apache.catalina.core.AprLifecycleListener.lifecycleEvent The Apache Tomcat Native library which allows using OpenSSL was not found on the java.library.path: [C:\Program Files\Java\jdk-25.0.2\bin;C:\WINDOWS\Sun\Java\bin;C:\WINDOWS\system32;C:\WINDOWS;C:\Program Files\Common Files\Oracle\Java\javapath;C:\WINDOWS\system32;C:\WINDOWS;C:\WINDOWS\System32\Wbem;C:\WINDOWS\System32\WindowsPowerShell\v1.0\;C:\WINDOWS\System32\OpenSSH\;C:\ProgramData\chocolatey\bin;C:\Program Files (x86)\Microsoft SQL Server\100\Tools\Binn\;C:\Program Files\Microsoft SQL Server\100\Tools\Binn\;C:\Program Files\Microsoft SQL Server\100\DTS\Binn\;C:\Program Files\nodejs\;C:\Program Files\Java\jdk-25.0.2\bin;C:\Program Files\MySQL\MySQL Shell 8.0\bin\;C:\Users\HP\AppData\Local\Microsoft\WindowsApps;C:\Users\HP\AppData\Local\Programs\Microsoft VS Code\bin;C:\Users\HP\AppData\Local\Programs\Antigravity\bin;C:\Users\HP\AppData\Roaming\npm;.]
14-Mar-2026 12:44:14.747 INFO [main] org.apache.coyote.AbstractProtocol.init Initializing ProtocolHandler ["http-nio-8080"]
14-Mar-2026 12:44:14.815 INFO [main] org.apache.catalina.startup.Catalina.load Server initialization in [1035] milliseconds
14-Mar-2026 12:44:14.953 INFO [main] org.apache.catalina.core.StandardService.startInternal Starting service [Catalina]
14-Mar-2026 12:44:14.954 INFO [main] org.apache.catalina.core.StandardEngine.startInternal Starting Servlet engine: [Apache Tomcat/10.1.52]
14-Mar-2026 12:44:14.977 INFO [main] org.apache.catalina.startup.HostConfig.deployDirectory Deploying web application directory [D:\STUDY\Website-projects\Talksy-chat-app\Backend\apache-tomcat-10.1.52\apache-tomcat-10.1.52\webapps\chatapp]
14-Mar-2026 12:44:16.484 INFO [main] org.apache.jasper.servlet.TldScanner.scanJars At least one JAR was scanned for TLDs yet contained no TLDs. Enable debug logging for this logger for a complete list of JARs that were scanned but no TLDs were found in them. Skipping unneeded JARs during scanning can improve startup time and JSP compilation time.
14-Mar-2026 12:44:16.686 INFO [main] org.apache.catalina.startup.HostConfig.deployDirectory Deployment of web application directory [D:\STUDY\Website-projects\Talksy-chat-app\Backend\apache-tomcat-10.1.52\apache-tomcat-10.1.52\webapps\chatapp] has finished in [1,701] ms
14-Mar-2026 12:44:16.687 INFO [main] org.apache.catalina.startup.HostConfig.deployDirectory Deploying web application directory [D:\STUDY\Website-projects\Talksy-chat-app\Backend\apache-tomcat-10.1.52\apache-tomcat-10.1.52\webapps\docs]
14-Mar-2026 12:44:17.160 INFO [main] org.apache.jasper.servlet.TldScanner.scanJars At least one JAR was scanned for TLDs yet contained no TLDs. Enable debug logging for this logger for a complete list of JARs that were scanned but no TLDs were found in them. Skipping unneeded JARs during scanning can improve startup time and JSP compilation time.
14-Mar-2026 12:44:17.172 INFO [main] org.apache.catalina.startup.HostConfig.deployDirectory Deployment of web application directory [D:\STUDY\Website-projects\Talksy-chat-app\Backend\apache-tomcat-10.1.52\apache-tomcat-10.1.52\webapps\docs] has finished in [485] ms
14-Mar-2026 12:44:17.173 INFO [main] org.apache.catalina.startup.HostConfig.deployDirectory Deploying web application directory [D:\STUDY\Website-projects\Talksy-chat-app\Backend\apache-tomcat-10.1.52\apache-tomcat-10.1.52\webapps\examples]
14-Mar-2026 12:44:18.659 INFO [main] org.apache.jasper.servlet.TldScanner.scanJars At least one JAR was scanned for TLDs yet contained no TLDs. Enable debug logging for this logger for a complete list of JARs that were scanned but no TLDs were found in them. Skipping unneeded JARs during scanning can improve startup time and JSP compilation time.
14-Mar-2026 12:44:18.765 INFO [main] org.apache.catalina.startup.HostConfig.deployDirectory Deployment of web application directory [D:\STUDY\Website-projects\Talksy-chat-app\Backend\apache-tomcat-10.1.52\apache-tomcat-10.1.52\webapps\examples] has finished in [1,591] ms
14-Mar-2026 12:44:18.765 INFO [main] org.apache.catalina.startup.HostConfig.deployDirectory Deploying web application directory [D:\STUDY\Website-projects\Talksy-chat-app\Backend\apache-tomcat-10.1.52\apache-tomcat-10.1.52\webapps\host-manager]
14-Mar-2026 12:44:19.154 INFO [main] org.apache.jasper.servlet.TldScanner.scanJars At least one JAR was scanned for TLDs yet contained no TLDs. Enable debug logging for this logger for a complete list of JARs that were scanned but no TLDs were found in them. Skipping unneeded JARs during scanning can improve startup time and JSP compilation time.
14-Mar-2026 12:44:19.176 INFO [main] org.apache.catalina.startup.HostConfig.deployDirectory Deployment of web application directory [D:\STUDY\Website-projects\Talksy-chat-app\Backend\apache-tomcat-10.1.52\apache-tomcat-10.1.52\webapps\host-manager] has finished in [411] ms
14-Mar-2026 12:44:19.177 INFO [main] org.apache.catalina.startup.HostConfig.deployDirectory Deploying web application directory [D:\STUDY\Website-projects\Talksy-chat-app\Backend\apache-tomcat-10.1.52\apache-tomcat-10.1.52\webapps\manager]
14-Mar-2026 12:44:19.570 INFO [main] org.apache.jasper.servlet.TldScanner.scanJars At least one JAR was scanned for TLDs yet contained no TLDs. Enable debug logging for this logger for a complete list of JARs that were scanned but no TLDs were found in them. Skipping unneeded JARs during scanning can improve startup time and JSP compilation time.
14-Mar-2026 12:44:19.575 INFO [main] org.apache.catalina.startup.HostConfig.deployDirectory Deployment of web application directory [D:\STUDY\Website-projects\Talksy-chat-app\Backend\apache-tomcat-10.1.52\apache-tomcat-10.1.52\webapps\manager] has finished in [398] ms
14-Mar-2026 12:44:19.576 INFO [main] org.apache.catalina.startup.HostConfig.deployDirectory Deploying web application directory [D:\STUDY\Website-projects\Talksy-chat-app\Backend\apache-tomcat-10.1.52\apache-tomcat-10.1.52\webapps\ROOT]
14-Mar-2026 12:44:19.985 INFO [main] org.apache.jasper.servlet.TldScanner.scanJars At least one JAR was scanned for TLDs yet contained no TLDs. Enable debug logging for this logger for a complete list of JARs that were scanned but no TLDs were found in them. Skipping unneeded JARs during scanning can improve startup time and JSP compilation time.
14-Mar-2026 12:44:19.990 INFO [main] org.apache.catalina.startup.HostConfig.deployDirectory Deployment of web application directory [D:\STUDY\Website-projects\Talksy-chat-app\Backend\apache-tomcat-10.1.52\apache-tomcat-10.1.52\webapps\ROOT] has finished in [415] ms
14-Mar-2026 12:44:19.995 INFO [main] org.apache.coyote.AbstractProtocol.start Starting ProtocolHandler ["http-nio-8080"]
14-Mar-2026 12:44:20.085 INFO [main] org.apache.catalina.startup.Catalina.start Server startup in [5264] milliseconds
14-Mar-2026 12:54:21.259 INFO [Catalina-utility-1] org.apache.catalina.startup.HostConfig.reload Reloading context [/chatapp]
14-Mar-2026 12:54:21.280 INFO [Catalina-utility-1] org.apache.catalina.core.StandardContext.reload Reloading Context with name [/chatapp] has started
14-Mar-2026 12:54:22.196 INFO [Catalina-utility-1] org.apache.jasper.servlet.TldScanner.scanJars At least one JAR was scanned for TLDs yet contained no TLDs. Enable debug logging for this logger for a complete list of JARs that were scanned but no TLDs were found in them. Skipping unneeded JARs during scanning can improve startup time and JSP compilation time.
14-Mar-2026 12:54:22.204 INFO [Catalina-utility-1] org.apache.catalina.core.StandardContext.reload Reloading Context with name [/chatapp] is completed
14-Mar-2026 13:28:08.025 INFO [main] org.apache.catalina.startup.VersionLoggerListener.log Server version name:   Apache Tomcat/10.1.52
14-Mar-2026 13:28:08.028 INFO [main] org.apache.catalina.startup.VersionLoggerListener.log Server built:          Jan 23 2026 19:29:07 UTC
14-Mar-2026 13:28:08.029 INFO [main] org.apache.catalina.startup.VersionLoggerListener.log Server version number: 10.1.52.0
14-Mar-2026 13:28:08.029 INFO [main] org.apache.catalina.startup.VersionLoggerListener.log OS Name:               Windows 11
14-Mar-2026 13:28:08.029 INFO [main] org.apache.catalina.startup.VersionLoggerListener.log OS Version:            10.0
14-Mar-2026 13:28:08.030 INFO [main] org.apache.catalina.startup.VersionLoggerListener.log Architecture:          amd64
14-Mar-2026 13:28:08.030 INFO [main] org.apache.catalina.startup.VersionLoggerListener.log Java Home:             C:\Program Files\Java\jdk-25.0.2
14-Mar-2026 13:28:08.030 INFO [main] org.apache.catalina.startup.VersionLoggerListener.log JVM Version:           25.0.2+10-LTS-69
14-Mar-2026 13:28:08.031 INFO [main] org.apache.catalina.startup.VersionLoggerListener.log JVM Vendor:            Oracle Corporation
14-Mar-2026 13:28:08.031 INFO [main] org.apache.catalina.startup.VersionLoggerListener.log CATALINA_BASE:         D:\STUDY\Website-projects\Talksy-chat-app\Backend\apache-tomcat-10.1.52\apache-tomcat-10.1.52
14-Mar-2026 13:28:08.031 INFO [main] org.apache.catalina.startup.VersionLoggerListener.log CATALINA_HOME:         D:\STUDY\Website-projects\Talksy-chat-app\Backend\apache-tomcat-10.1.52\apache-tomcat-10.1.52
14-Mar-2026 13:28:08.047 INFO [main] org.apache.catalina.startup.VersionLoggerListener.log Command line argument: -Djava.util.logging.config.file=D:\STUDY\Website-projects\Talksy-chat-app\Backend\apache-tomcat-10.1.52\apache-tomcat-10.1.52\conf\logging.properties
14-Mar-2026 13:28:08.048 INFO [main] org.apache.catalina.startup.VersionLoggerListener.log Command line argument: -Djava.util.logging.manager=org.apache.juli.ClassLoaderLogManager
14-Mar-2026 13:28:08.048 INFO [main] org.apache.catalina.startup.VersionLoggerListener.log Command line argument: -Djdk.tls.ephemeralDHKeySize=2048
14-Mar-2026 13:28:08.048 INFO [main] org.apache.catalina.startup.VersionLoggerListener.log Command line argument: -Djava.protocol.handler.pkgs=org.apache.catalina.webresources
14-Mar-2026 13:28:08.048 INFO [main] org.apache.catalina.startup.VersionLoggerListener.log Command line argument: -Dsun.io.useCanonCaches=false
14-Mar-2026 13:28:08.048 INFO [main] org.apache.catalina.startup.VersionLoggerListener.log Command line argument: --add-opens=java.base/java.lang=ALL-UNNAMED
14-Mar-2026 13:28:08.048 INFO [main] org.apache.catalina.startup.VersionLoggerListener.log Command line argument: --add-opens=java.base/java.lang.reflect=ALL-UNNAMED
14-Mar-2026 13:28:08.048 INFO [main] org.apache.catalina.startup.VersionLoggerListener.log Command line argument: --add-opens=java.base/java.io=ALL-UNNAMED
14-Mar-2026 13:28:08.049 INFO [main] org.apache.catalina.startup.VersionLoggerListener.log Command line argument: --add-opens=java.base/java.util=ALL-UNNAMED
14-Mar-2026 13:28:08.049 INFO [main] org.apache.catalina.startup.VersionLoggerListener.log Command line argument: --add-opens=java.base/java.util.concurrent=ALL-UNNAMED
14-Mar-2026 13:28:08.049 INFO [main] org.apache.catalina.startup.VersionLoggerListener.log Command line argument: --add-opens=java.rmi/sun.rmi.transport=ALL-UNNAMED
14-Mar-2026 13:28:08.049 INFO [main] org.apache.catalina.startup.VersionLoggerListener.log Command line argument: -Dcatalina.base=D:\STUDY\Website-projects\Talksy-chat-app\Backend\apache-tomcat-10.1.52\apache-tomcat-10.1.52
14-Mar-2026 13:28:08.050 INFO [main] org.apache.catalina.startup.VersionLoggerListener.log Command line argument: -Dcatalina.home=D:\STUDY\Website-projects\Talksy-chat-app\Backend\apache-tomcat-10.1.52\apache-tomcat-10.1.52
14-Mar-2026 13:28:08.050 INFO [main] org.apache.catalina.startup.VersionLoggerListener.log Command line argument: -Djava.io.tmpdir=D:\STUDY\Website-projects\Talksy-chat-app\Backend\apache-tomcat-10.1.52\apache-tomcat-10.1.52\temp
14-Mar-2026 13:28:08.061 INFO [main] org.apache.catalina.core.AprLifecycleListener.lifecycleEvent The Apache Tomcat Native library which allows using OpenSSL was not found on the java.library.path: [C:\Program Files\Java\jdk-25.0.2\bin;C:\WINDOWS\Sun\Java\bin;C:\WINDOWS\system32;C:\WINDOWS;C:\Program Files\Common Files\Oracle\Java\javapath;C:\WINDOWS\system32;C:\WINDOWS;C:\WINDOWS\System32\Wbem;C:\WINDOWS\System32\WindowsPowerShell\v1.0\;C:\WINDOWS\System32\OpenSSH\;C:\ProgramData\chocolatey\bin;C:\Program Files (x86)\Microsoft SQL Server\100\Tools\Binn\;C:\Program Files\Microsoft SQL Server\100\Tools\Binn\;C:\Program Files\Microsoft SQL Server\100\DTS\Binn\;C:\Program Files\nodejs\;C:\Program Files\Java\jdk-25.0.2\bin;C:\Program Files\MySQL\MySQL Shell 8.0\bin\;C:\Users\HP\AppData\Local\Microsoft\WindowsApps;C:\Users\HP\AppData\Local\Programs\Microsoft VS Code\bin;C:\Users\HP\AppData\Local\Programs\Antigravity\bin;C:\Users\HP\AppData\Roaming\npm;.]
14-Mar-2026 13:28:08.417 INFO [main] org.apache.coyote.AbstractProtocol.init Initializing ProtocolHandler ["http-nio-8080"]
14-Mar-2026 13:28:08.460 INFO [main] org.apache.catalina.startup.Catalina.load Server initialization in [689] milliseconds
14-Mar-2026 13:28:08.516 INFO [main] org.apache.catalina.core.StandardService.startInternal Starting service [Catalina]
14-Mar-2026 13:28:08.517 INFO [main] org.apache.catalina.core.StandardEngine.startInternal Starting Servlet engine: [Apache Tomcat/10.1.52]
14-Mar-2026 13:28:08.530 INFO [main] org.apache.catalina.startup.HostConfig.deployDirectory Deploying web application directory [D:\STUDY\Website-projects\Talksy-chat-app\Backend\apache-tomcat-10.1.52\apache-tomcat-10.1.52\webapps\chatapp]
14-Mar-2026 13:28:09.218 INFO [main] org.apache.jasper.servlet.TldScanner.scanJars At least one JAR was scanned for TLDs yet contained no TLDs. Enable debug logging for this logger for a complete list of JARs that were scanned but no TLDs were found in them. Skipping unneeded JARs during scanning can improve startup time and JSP compilation time.
14-Mar-2026 13:28:09.323 INFO [main] org.apache.catalina.startup.HostConfig.deployDirectory Deployment of web application directory [D:\STUDY\Website-projects\Talksy-chat-app\Backend\apache-tomcat-10.1.52\apache-tomcat-10.1.52\webapps\chatapp] has finished in [787] ms
14-Mar-2026 13:28:09.324 INFO [main] org.apache.catalina.startup.HostConfig.deployDirectory Deploying web application directory [D:\STUDY\Website-projects\Talksy-chat-app\Backend\apache-tomcat-10.1.52\apache-tomcat-10.1.52\webapps\docs]
14-Mar-2026 13:28:09.638 INFO [main] org.apache.jasper.servlet.TldScanner.scanJars At least one JAR was scanned for TLDs yet contained no TLDs. Enable debug logging for this logger for a complete list of JARs that were scanned but no TLDs were found in them. Skipping unneeded JARs during scanning can improve startup time and JSP compilation time.
14-Mar-2026 13:28:09.643 INFO [main] org.apache.catalina.startup.HostConfig.deployDirectory Deployment of web application directory [D:\STUDY\Website-projects\Talksy-chat-app\Backend\apache-tomcat-10.1.52\apache-tomcat-10.1.52\webapps\docs] has finished in [319] ms
14-Mar-2026 13:28:09.644 INFO [main] org.apache.catalina.startup.HostConfig.deployDirectory Deploying web application directory [D:\STUDY\Website-projects\Talksy-chat-app\Backend\apache-tomcat-10.1.52\apache-tomcat-10.1.52\webapps\examples]
14-Mar-2026 13:28:10.284 INFO [main] org.apache.jasper.servlet.TldScanner.scanJars At least one JAR was scanned for TLDs yet contained no TLDs. Enable debug logging for this logger for a complete list of JARs that were scanned but no TLDs were found in them. Skipping unneeded JARs during scanning can improve startup time and JSP compilation time.
14-Mar-2026 13:28:10.364 INFO [main] org.apache.catalina.startup.HostConfig.deployDirectory Deployment of web application directory [D:\STUDY\Website-projects\Talksy-chat-app\Backend\apache-tomcat-10.1.52\apache-tomcat-10.1.52\webapps\examples] has finished in [720] ms
14-Mar-2026 13:28:10.365 INFO [main] org.apache.catalina.startup.HostConfig.deployDirectory Deploying web application directory [D:\STUDY\Website-projects\Talksy-chat-app\Backend\apache-tomcat-10.1.52\apache-tomcat-10.1.52\webapps\host-manager]
14-Mar-2026 13:28:10.651 INFO [main] org.apache.jasper.servlet.TldScanner.scanJars At least one JAR was scanned for TLDs yet contained no TLDs. Enable debug logging for this logger for a complete list of JARs that were scanned but no TLDs were found in them. Skipping unneeded JARs during scanning can improve startup time and JSP compilation time.
14-Mar-2026 13:28:10.665 INFO [main] org.apache.catalina.startup.HostConfig.deployDirectory Deployment of web application directory [D:\STUDY\Website-projects\Talksy-chat-app\Backend\apache-tomcat-10.1.52\apache-tomcat-10.1.52\webapps\host-manager] has finished in [300] ms
14-Mar-2026 13:28:10.666 INFO [main] org.apache.catalina.startup.HostConfig.deployDirectory Deploying web application directory [D:\STUDY\Website-projects\Talksy-chat-app\Backend\apache-tomcat-10.1.52\apache-tomcat-10.1.52\webapps\manager]
14-Mar-2026 13:28:10.877 INFO [main] org.apache.jasper.servlet.TldScanner.scanJars At least one JAR was scanned for TLDs yet contained no TLDs. Enable debug logging for this logger for a complete list of JARs that were scanned but no TLDs were found in them. Skipping unneeded JARs during scanning can improve startup time and JSP compilation time.
14-Mar-2026 13:28:10.881 INFO [main] org.apache.catalina.startup.HostConfig.deployDirectory Deployment of web application directory [D:\STUDY\Website-projects\Talksy-chat-app\Backend\apache-tomcat-10.1.52\apache-tomcat-10.1.52\webapps\manager] has finished in [214] ms
14-Mar-2026 13:28:10.881 INFO [main] org.apache.catalina.startup.HostConfig.deployDirectory Deploying web application directory [D:\STUDY\Website-projects\Talksy-chat-app\Backend\apache-tomcat-10.1.52\apache-tomcat-10.1.52\webapps\ROOT]
14-Mar-2026 13:28:11.074 INFO [main] org.apache.jasper.servlet.TldScanner.scanJars At least one JAR was scanned for TLDs yet contained no TLDs. Enable debug logging for this logger for a complete list of JARs that were scanned but no TLDs were found in them. Skipping unneeded JARs during scanning can improve startup time and JSP compilation time.
14-Mar-2026 13:28:11.079 INFO [main] org.apache.catalina.startup.HostConfig.deployDirectory Deployment of web application directory [D:\STUDY\Website-projects\Talksy-chat-app\Backend\apache-tomcat-10.1.52\apache-tomcat-10.1.52\webapps\ROOT] has finished in [198] ms
14-Mar-2026 13:28:11.083 INFO [main] org.apache.coyote.AbstractProtocol.start Starting ProtocolHandler ["http-nio-8080"]
14-Mar-2026 13:28:11.133 INFO [main] org.apache.catalina.startup.Catalina.start Server startup in [2671] milliseconds
14-Mar-2026 13:36:53.121 INFO [main] org.apache.catalina.startup.VersionLoggerListener.log Server version name:   Apache Tomcat/10.1.52
14-Mar-2026 13:36:53.125 INFO [main] org.apache.catalina.startup.VersionLoggerListener.log Server built:          Jan 23 2026 19:29:07 UTC
14-Mar-2026 13:36:53.126 INFO [main] org.apache.catalina.startup.VersionLoggerListener.log Server version number: 10.1.52.0
14-Mar-2026 13:36:53.126 INFO [main] org.apache.catalina.startup.VersionLoggerListener.log OS Name:               Windows 11
14-Mar-2026 13:36:53.126 INFO [main] org.apache.catalina.startup.VersionLoggerListener.log OS Version:            10.0
14-Mar-2026 13:36:53.126 INFO [main] org.apache.catalina.startup.VersionLoggerListener.log Architecture:          amd64
14-Mar-2026 13:36:53.127 INFO [main] org.apache.catalina.startup.VersionLoggerListener.log Java Home:             C:\Program Files\Java\jdk-25.0.2
14-Mar-2026 13:36:53.127 INFO [main] org.apache.catalina.startup.VersionLoggerListener.log JVM Version:           25.0.2+10-LTS-69
14-Mar-2026 13:36:53.127 INFO [main] org.apache.catalina.startup.VersionLoggerListener.log JVM Vendor:            Oracle Corporation
14-Mar-2026 13:36:53.128 INFO [main] org.apache.catalina.startup.VersionLoggerListener.log CATALINA_BASE:         D:\STUDY\Website-projects\Talksy-chat-app\Backend\apache-tomcat-10.1.52\apache-tomcat-10.1.52
14-Mar-2026 13:36:53.128 INFO [main] org.apache.catalina.startup.VersionLoggerListener.log CATALINA_HOME:         D:\STUDY\Website-projects\Talksy-chat-app\Backend\apache-tomcat-10.1.52\apache-tomcat-10.1.52
14-Mar-2026 13:36:53.147 INFO [main] org.apache.catalina.startup.VersionLoggerListener.log Command line argument: -Djava.util.logging.config.file=D:\STUDY\Website-projects\Talksy-chat-app\Backend\apache-tomcat-10.1.52\apache-tomcat-10.1.52\conf\logging.properties
14-Mar-2026 13:36:53.147 INFO [main] org.apache.catalina.startup.VersionLoggerListener.log Command line argument: -Djava.util.logging.manager=org.apache.juli.ClassLoaderLogManager
14-Mar-2026 13:36:53.147 INFO [main] org.apache.catalina.startup.VersionLoggerListener.log Command line argument: -Djdk.tls.ephemeralDHKeySize=2048
14-Mar-2026 13:36:53.148 INFO [main] org.apache.catalina.startup.VersionLoggerListener.log Command line argument: -Djava.protocol.handler.pkgs=org.apache.catalina.webresources
14-Mar-2026 13:36:53.148 INFO [main] org.apache.catalina.startup.VersionLoggerListener.log Command line argument: -Dsun.io.useCanonCaches=false
14-Mar-2026 13:36:53.148 INFO [main] org.apache.catalina.startup.VersionLoggerListener.log Command line argument: --add-opens=java.base/java.lang=ALL-UNNAMED
14-Mar-2026 13:36:53.148 INFO [main] org.apache.catalina.startup.VersionLoggerListener.log Command line argument: --add-opens=java.base/java.lang.reflect=ALL-UNNAMED
14-Mar-2026 13:36:53.149 INFO [main] org.apache.catalina.startup.VersionLoggerListener.log Command line argument: --add-opens=java.base/java.io=ALL-UNNAMED
14-Mar-2026 13:36:53.149 INFO [main] org.apache.catalina.startup.VersionLoggerListener.log Command line argument: --add-opens=java.base/java.util=ALL-UNNAMED
14-Mar-2026 13:36:53.149 INFO [main] org.apache.catalina.startup.VersionLoggerListener.log Command line argument: --add-opens=java.base/java.util.concurrent=ALL-UNNAMED
14-Mar-2026 13:36:53.150 INFO [main] org.apache.catalina.startup.VersionLoggerListener.log Command line argument: --add-opens=java.rmi/sun.rmi.transport=ALL-UNNAMED
14-Mar-2026 13:36:53.150 INFO [main] org.apache.catalina.startup.VersionLoggerListener.log Command line argument: -Dcatalina.base=D:\STUDY\Website-projects\Talksy-chat-app\Backend\apache-tomcat-10.1.52\apache-tomcat-10.1.52
14-Mar-2026 13:36:53.151 INFO [main] org.apache.catalina.startup.VersionLoggerListener.log Command line argument: -Dcatalina.home=D:\STUDY\Website-projects\Talksy-chat-app\Backend\apache-tomcat-10.1.52\apache-tomcat-10.1.52
14-Mar-2026 13:36:53.151 INFO [main] org.apache.catalina.startup.VersionLoggerListener.log Command line argument: -Djava.io.tmpdir=D:\STUDY\Website-projects\Talksy-chat-app\Backend\apache-tomcat-10.1.52\apache-tomcat-10.1.52\temp
14-Mar-2026 13:36:53.159 INFO [main] org.apache.catalina.core.AprLifecycleListener.lifecycleEvent The Apache Tomcat Native library which allows using OpenSSL was not found on the java.library.path: [C:\Program Files\Java\jdk-25.0.2\bin;C:\WINDOWS\Sun\Java\bin;C:\WINDOWS\system32;C:\WINDOWS;C:\Program Files\Common Files\Oracle\Java\javapath;C:\WINDOWS\system32;C:\WINDOWS;C:\WINDOWS\System32\Wbem;C:\WINDOWS\System32\WindowsPowerShell\v1.0\;C:\WINDOWS\System32\OpenSSH\;C:\ProgramData\chocolatey\bin;C:\Program Files (x86)\Microsoft SQL Server\100\Tools\Binn\;C:\Program Files\Microsoft SQL Server\100\Tools\Binn\;C:\Program Files\Microsoft SQL Server\100\DTS\Binn\;C:\Program Files\nodejs\;C:\Program Files\Java\jdk-25.0.2\bin;C:\Program Files\MySQL\MySQL Shell 8.0\bin\;C:\Users\HP\AppData\Local\Microsoft\WindowsApps;C:\Users\HP\AppData\Local\Programs\Microsoft VS Code\bin;C:\Users\HP\AppData\Local\Programs\Antigravity\bin;C:\Users\HP\AppData\Roaming\npm;.]
14-Mar-2026 13:36:53.489 INFO [main] org.apache.coyote.AbstractProtocol.init Initializing ProtocolHandler ["http-nio-8080"]
14-Mar-2026 13:36:53.522 INFO [main] org.apache.catalina.startup.Catalina.load Server initialization in [612] milliseconds
14-Mar-2026 13:36:53.578 INFO [main] org.apache.catalina.core.StandardService.startInternal Starting service [Catalina]
14-Mar-2026 13:36:53.579 INFO [main] org.apache.catalina.core.StandardEngine.startInternal Starting Servlet engine: [Apache Tomcat/10.1.52]
14-Mar-2026 13:36:53.590 INFO [main] org.apache.catalina.startup.HostConfig.deployDirectory Deploying web application directory [D:\STUDY\Website-projects\Talksy-chat-app\Backend\apache-tomcat-10.1.52\apache-tomcat-10.1.52\webapps\chatapp]
14-Mar-2026 13:36:54.244 INFO [main] org.apache.jasper.servlet.TldScanner.scanJars At least one JAR was scanned for TLDs yet contained no TLDs. Enable debug logging for this logger for a complete list of JARs that were scanned but no TLDs were found in them. Skipping unneeded JARs during scanning can improve startup time and JSP compilation time.
14-Mar-2026 13:36:54.324 INFO [main] org.apache.catalina.startup.HostConfig.deployDirectory Deployment of web application directory [D:\STUDY\Website-projects\Talksy-chat-app\Backend\apache-tomcat-10.1.52\apache-tomcat-10.1.52\webapps\chatapp] has finished in [730] ms
14-Mar-2026 13:36:54.324 INFO [main] org.apache.catalina.startup.HostConfig.deployDirectory Deploying web application directory [D:\STUDY\Website-projects\Talksy-chat-app\Backend\apache-tomcat-10.1.52\apache-tomcat-10.1.52\webapps\docs]
14-Mar-2026 13:36:54.614 INFO [main] org.apache.jasper.servlet.TldScanner.scanJars At least one JAR was scanned for TLDs yet contained no TLDs. Enable debug logging for this logger for a complete list of JARs that were scanned but no TLDs were found in them. Skipping unneeded JARs during scanning can improve startup time and JSP compilation time.
14-Mar-2026 13:36:54.623 INFO [main] org.apache.catalina.startup.HostConfig.deployDirectory Deployment of web application directory [D:\STUDY\Website-projects\Talksy-chat-app\Backend\apache-tomcat-10.1.52\apache-tomcat-10.1.52\webapps\docs] has finished in [299] ms
14-Mar-2026 13:36:54.623 INFO [main] org.apache.catalina.startup.HostConfig.deployDirectory Deploying web application directory [D:\STUDY\Website-projects\Talksy-chat-app\Backend\apache-tomcat-10.1.52\apache-tomcat-10.1.52\webapps\examples]
14-Mar-2026 13:36:55.230 INFO [main] org.apache.jasper.servlet.TldScanner.scanJars At least one JAR was scanned for TLDs yet contained no TLDs. Enable debug logging for this logger for a complete list of JARs that were scanned but no TLDs were found in them. Skipping unneeded JARs during scanning can improve startup time and JSP compilation time.
14-Mar-2026 13:36:55.278 INFO [main] org.apache.catalina.startup.HostConfig.deployDirectory Deployment of web application directory [D:\STUDY\Website-projects\Talksy-chat-app\Backend\apache-tomcat-10.1.52\apache-tomcat-10.1.52\webapps\examples] has finished in [654] ms
14-Mar-2026 13:36:55.278 INFO [main] org.apache.catalina.startup.HostConfig.deployDirectory Deploying web application directory [D:\STUDY\Website-projects\Talksy-chat-app\Backend\apache-tomcat-10.1.52\apache-tomcat-10.1.52\webapps\host-manager]
14-Mar-2026 13:36:55.557 INFO [main] org.apache.jasper.servlet.TldScanner.scanJars At least one JAR was scanned for TLDs yet contained no TLDs. Enable debug logging for this logger for a complete list of JARs that were scanned but no TLDs were found in them. Skipping unneeded JARs during scanning can improve startup time and JSP compilation time.
14-Mar-2026 13:36:55.573 INFO [main] org.apache.catalina.startup.HostConfig.deployDirectory Deployment of web application directory [D:\STUDY\Website-projects\Talksy-chat-app\Backend\apache-tomcat-10.1.52\apache-tomcat-10.1.52\webapps\host-manager] has finished in [295] ms
14-Mar-2026 13:36:55.573 INFO [main] org.apache.catalina.startup.HostConfig.deployDirectory Deploying web application directory [D:\STUDY\Website-projects\Talksy-chat-app\Backend\apache-tomcat-10.1.52\apache-tomcat-10.1.52\webapps\manager]
14-Mar-2026 13:36:55.796 INFO [main] org.apache.jasper.servlet.TldScanner.scanJars At least one JAR was scanned for TLDs yet contained no TLDs. Enable debug logging for this logger for a complete list of JARs that were scanned but no TLDs were found in them. Skipping unneeded JARs during scanning can improve startup time and JSP compilation time.
14-Mar-2026 13:36:55.802 INFO [main] org.apache.catalina.startup.HostConfig.deployDirectory Deployment of web application directory [D:\STUDY\Website-projects\Talksy-chat-app\Backend\apache-tomcat-10.1.52\apache-tomcat-10.1.52\webapps\manager] has finished in [229] ms
14-Mar-2026 13:36:55.803 INFO [main] org.apache.catalina.startup.HostConfig.deployDirectory Deploying web application directory [D:\STUDY\Website-projects\Talksy-chat-app\Backend\apache-tomcat-10.1.52\apache-tomcat-10.1.52\webapps\ROOT]
14-Mar-2026 13:36:56.021 INFO [main] org.apache.jasper.servlet.TldScanner.scanJars At least one JAR was scanned for TLDs yet contained no TLDs. Enable debug logging for this logger for a complete list of JARs that were scanned but no TLDs were found in them. Skipping unneeded JARs during scanning can improve startup time and JSP compilation time.
14-Mar-2026 13:36:56.026 INFO [main] org.apache.catalina.startup.HostConfig.deployDirectory Deployment of web application directory [D:\STUDY\Website-projects\Talksy-chat-app\Backend\apache-tomcat-10.1.52\apache-tomcat-10.1.52\webapps\ROOT] has finished in [223] ms
14-Mar-2026 13:36:56.031 INFO [main] org.apache.coyote.AbstractProtocol.start Starting ProtocolHandler ["http-nio-8080"]
14-Mar-2026 13:36:56.089 INFO [main] org.apache.catalina.startup.Catalina.start Server startup in [2565] milliseconds
14-Mar-2026 15:13:57.488 INFO [main] org.apache.catalina.startup.VersionLoggerListener.log Server version name:   Apache Tomcat/10.1.52
14-Mar-2026 15:13:57.491 INFO [main] org.apache.catalina.startup.VersionLoggerListener.log Server built:          Jan 23 2026 19:29:07 UTC
14-Mar-2026 15:13:57.492 INFO [main] org.apache.catalina.startup.VersionLoggerListener.log Server version number: 10.1.52.0
14-Mar-2026 15:13:57.493 INFO [main] org.apache.catalina.startup.VersionLoggerListener.log OS Name:               Windows 11
14-Mar-2026 15:13:57.493 INFO [main] org.apache.catalina.startup.VersionLoggerListener.log OS Version:            10.0
14-Mar-2026 15:13:57.493 INFO [main] org.apache.catalina.startup.VersionLoggerListener.log Architecture:          amd64
14-Mar-2026 15:13:57.493 INFO [main] org.apache.catalina.startup.VersionLoggerListener.log Java Home:             C:\Program Files\Java\jdk-25.0.2
14-Mar-2026 15:13:57.493 INFO [main] org.apache.catalina.startup.VersionLoggerListener.log JVM Version:           25.0.2+10-LTS-69
14-Mar-2026 15:13:57.494 INFO [main] org.apache.catalina.startup.VersionLoggerListener.log JVM Vendor:            Oracle Corporation
14-Mar-2026 15:13:57.494 INFO [main] org.apache.catalina.startup.VersionLoggerListener.log CATALINA_BASE:         D:\STUDY\Website-projects\Talksy-chat-app\Backend\apache-tomcat-10.1.52\apache-tomcat-10.1.52
14-Mar-2026 15:13:57.494 INFO [main] org.apache.catalina.startup.VersionLoggerListener.log CATALINA_HOME:         D:\STUDY\Website-projects\Talksy-chat-app\Backend\apache-tomcat-10.1.52\apache-tomcat-10.1.52
14-Mar-2026 15:13:57.513 INFO [main] org.apache.catalina.startup.VersionLoggerListener.log Command line argument: -Djava.util.logging.config.file=D:\STUDY\Website-projects\Talksy-chat-app\Backend\apache-tomcat-10.1.52\apache-tomcat-10.1.52\conf\logging.properties
14-Mar-2026 15:13:57.513 INFO [main] org.apache.catalina.startup.VersionLoggerListener.log Command line argument: -Djava.util.logging.manager=org.apache.juli.ClassLoaderLogManager
14-Mar-2026 15:13:57.513 INFO [main] org.apache.catalina.startup.VersionLoggerListener.log Command line argument: -Djdk.tls.ephemeralDHKeySize=2048
14-Mar-2026 15:13:57.514 INFO [main] org.apache.catalina.startup.VersionLoggerListener.log Command line argument: -Djava.protocol.handler.pkgs=org.apache.catalina.webresources
14-Mar-2026 15:13:57.514 INFO [main] org.apache.catalina.startup.VersionLoggerListener.log Command line argument: -Dsun.io.useCanonCaches=false
14-Mar-2026 15:13:57.514 INFO [main] org.apache.catalina.startup.VersionLoggerListener.log Command line argument: --add-opens=java.base/java.lang=ALL-UNNAMED
14-Mar-2026 15:13:57.514 INFO [main] org.apache.catalina.startup.VersionLoggerListener.log Command line argument: --add-opens=java.base/java.lang.reflect=ALL-UNNAMED
14-Mar-2026 15:13:57.514 INFO [main] org.apache.catalina.startup.VersionLoggerListener.log Command line argument: --add-opens=java.base/java.io=ALL-UNNAMED
14-Mar-2026 15:13:57.515 INFO [main] org.apache.catalina.startup.VersionLoggerListener.log Command line argument: --add-opens=java.base/java.util=ALL-UNNAMED
14-Mar-2026 15:13:57.515 INFO [main] org.apache.catalina.startup.VersionLoggerListener.log Command line argument: --add-opens=java.base/java.util.concurrent=ALL-UNNAMED
14-Mar-2026 15:13:57.515 INFO [main] org.apache.catalina.startup.VersionLoggerListener.log Command line argument: --add-opens=java.rmi/sun.rmi.transport=ALL-UNNAMED
14-Mar-2026 15:13:57.515 INFO [main] org.apache.catalina.startup.VersionLoggerListener.log Command line argument: -Dcatalina.base=D:\STUDY\Website-projects\Talksy-chat-app\Backend\apache-tomcat-10.1.52\apache-tomcat-10.1.52
14-Mar-2026 15:13:57.516 INFO [main] org.apache.catalina.startup.VersionLoggerListener.log Command line argument: -Dcatalina.home=D:\STUDY\Website-projects\Talksy-chat-app\Backend\apache-tomcat-10.1.52\apache-tomcat-10.1.52
14-Mar-2026 15:13:57.516 INFO [main] org.apache.catalina.startup.VersionLoggerListener.log Command line argument: -Djava.io.tmpdir=D:\STUDY\Website-projects\Talksy-chat-app\Backend\apache-tomcat-10.1.52\apache-tomcat-10.1.52\temp
14-Mar-2026 15:13:57.528 INFO [main] org.apache.catalina.core.AprLifecycleListener.lifecycleEvent The Apache Tomcat Native library which allows using OpenSSL was not found on the java.library.path: [C:\Program Files\Java\jdk-25.0.2\bin;C:\WINDOWS\Sun\Java\bin;C:\WINDOWS\system32;C:\WINDOWS;C:\Program Files\Common Files\Oracle\Java\javapath;C:\WINDOWS\system32;C:\WINDOWS;C:\WINDOWS\System32\Wbem;C:\WINDOWS\System32\WindowsPowerShell\v1.0\;C:\WINDOWS\System32\OpenSSH\;C:\ProgramData\chocolatey\bin;C:\Program Files (x86)\Microsoft SQL Server\100\Tools\Binn\;C:\Program Files\Microsoft SQL Server\100\Tools\Binn\;C:\Program Files\Microsoft SQL Server\100\DTS\Binn\;C:\Program Files\nodejs\;C:\Program Files\Java\jdk-25.0.2\bin;C:\Program Files\MySQL\MySQL Shell 8.0\bin\;C:\Users\HP\AppData\Local\Microsoft\WindowsApps;C:\Users\HP\AppData\Local\Programs\Microsoft VS Code\bin;C:\Users\HP\AppData\Local\Programs\Antigravity\bin;C:\Users\HP\AppData\Roaming\npm;.]
14-Mar-2026 15:13:57.865 INFO [main] org.apache.coyote.AbstractProtocol.init Initializing ProtocolHandler ["http-nio-8080"]
14-Mar-2026 15:13:57.902 INFO [main] org.apache.catalina.startup.Catalina.load Server initialization in [672] milliseconds
14-Mar-2026 15:13:57.963 INFO [main] org.apache.catalina.core.StandardService.startInternal Starting service [Catalina]
14-Mar-2026 15:13:57.964 INFO [main] org.apache.catalina.core.StandardEngine.startInternal Starting Servlet engine: [Apache Tomcat/10.1.52]
14-Mar-2026 15:13:57.977 INFO [main] org.apache.catalina.startup.HostConfig.deployDirectory Deploying web application directory [D:\STUDY\Website-projects\Talksy-chat-app\Backend\apache-tomcat-10.1.52\apache-tomcat-10.1.52\webapps\chatapp]
14-Mar-2026 15:13:58.787 INFO [main] org.apache.jasper.servlet.TldScanner.scanJars At least one JAR was scanned for TLDs yet contained no TLDs. Enable debug logging for this logger for a complete list of JARs that were scanned but no TLDs were found in them. Skipping unneeded JARs during scanning can improve startup time and JSP compilation time.
14-Mar-2026 15:13:58.896 INFO [main] org.apache.catalina.startup.HostConfig.deployDirectory Deployment of web application directory [D:\STUDY\Website-projects\Talksy-chat-app\Backend\apache-tomcat-10.1.52\apache-tomcat-10.1.52\webapps\chatapp] has finished in [915] ms
14-Mar-2026 15:13:58.897 INFO [main] org.apache.catalina.startup.HostConfig.deployDirectory Deploying web application directory [D:\STUDY\Website-projects\Talksy-chat-app\Backend\apache-tomcat-10.1.52\apache-tomcat-10.1.52\webapps\docs]
14-Mar-2026 15:13:59.150 INFO [main] org.apache.jasper.servlet.TldScanner.scanJars At least one JAR was scanned for TLDs yet contained no TLDs. Enable debug logging for this logger for a complete list of JARs that were scanned but no TLDs were found in them. Skipping unneeded JARs during scanning can improve startup time and JSP compilation time.
14-Mar-2026 15:13:59.157 INFO [main] org.apache.catalina.startup.HostConfig.deployDirectory Deployment of web application directory [D:\STUDY\Website-projects\Talksy-chat-app\Backend\apache-tomcat-10.1.52\apache-tomcat-10.1.52\webapps\docs] has finished in [260] ms
14-Mar-2026 15:13:59.157 INFO [main] org.apache.catalina.startup.HostConfig.deployDirectory Deploying web application directory [D:\STUDY\Website-projects\Talksy-chat-app\Backend\apache-tomcat-10.1.52\apache-tomcat-10.1.52\webapps\examples]
14-Mar-2026 15:13:59.805 INFO [main] org.apache.jasper.servlet.TldScanner.scanJars At least one JAR was scanned for TLDs yet contained no TLDs. Enable debug logging for this logger for a complete list of JARs that were scanned but no TLDs were found in them. Skipping unneeded JARs during scanning can improve startup time and JSP compilation time.
14-Mar-2026 15:13:59.862 INFO [main] org.apache.catalina.startup.HostConfig.deployDirectory Deployment of web application directory [D:\STUDY\Website-projects\Talksy-chat-app\Backend\apache-tomcat-10.1.52\apache-tomcat-10.1.52\webapps\examples] has finished in [705] ms
14-Mar-2026 15:13:59.863 INFO [main] org.apache.catalina.startup.HostConfig.deployDirectory Deploying web application directory [D:\STUDY\Website-projects\Talksy-chat-app\Backend\apache-tomcat-10.1.52\apache-tomcat-10.1.52\webapps\host-manager]
14-Mar-2026 15:14:00.123 INFO [main] org.apache.jasper.servlet.TldScanner.scanJars At least one JAR was scanned for TLDs yet contained no TLDs. Enable debug logging for this logger for a complete list of JARs that were scanned but no TLDs were found in them. Skipping unneeded JARs during scanning can improve startup time and JSP compilation time.
14-Mar-2026 15:14:00.137 INFO [main] org.apache.catalina.startup.HostConfig.deployDirectory Deployment of web application directory [D:\STUDY\Website-projects\Talksy-chat-app\Backend\apache-tomcat-10.1.52\apache-tomcat-10.1.52\webapps\host-manager] has finished in [274] ms
14-Mar-2026 15:14:00.138 INFO [main] org.apache.catalina.startup.HostConfig.deployDirectory Deploying web application directory [D:\STUDY\Website-projects\Talksy-chat-app\Backend\apache-tomcat-10.1.52\apache-tomcat-10.1.52\webapps\manager]
14-Mar-2026 15:14:00.411 INFO [main] org.apache.jasper.servlet.TldScanner.scanJars At least one JAR was scanned for TLDs yet contained no TLDs. Enable debug logging for this logger for a complete list of JARs that were scanned but no TLDs were found in them. Skipping unneeded JARs during scanning can improve startup time and JSP compilation time.
14-Mar-2026 15:14:00.415 INFO [main] org.apache.catalina.startup.HostConfig.deployDirectory Deployment of web application directory [D:\STUDY\Website-projects\Talksy-chat-app\Backend\apache-tomcat-10.1.52\apache-tomcat-10.1.52\webapps\manager] has finished in [277] ms
14-Mar-2026 15:14:00.416 INFO [main] org.apache.catalina.startup.HostConfig.deployDirectory Deploying web application directory [D:\STUDY\Website-projects\Talksy-chat-app\Backend\apache-tomcat-10.1.52\apache-tomcat-10.1.52\webapps\ROOT]
14-Mar-2026 15:14:00.617 INFO [main] org.apache.jasper.servlet.TldScanner.scanJars At least one JAR was scanned for TLDs yet contained no TLDs. Enable debug logging for this logger for a complete list of JARs that were scanned but no TLDs were found in them. Skipping unneeded JARs during scanning can improve startup time and JSP compilation time.
14-Mar-2026 15:14:00.622 INFO [main] org.apache.catalina.startup.HostConfig.deployDirectory Deployment of web application directory [D:\STUDY\Website-projects\Talksy-chat-app\Backend\apache-tomcat-10.1.52\apache-tomcat-10.1.52\webapps\ROOT] has finished in [205] ms
14-Mar-2026 15:14:00.626 INFO [main] org.apache.coyote.AbstractProtocol.start Starting ProtocolHandler ["http-nio-8080"]
14-Mar-2026 15:14:00.666 INFO [main] org.apache.catalina.startup.Catalina.start Server startup in [2761] milliseconds
14-Mar-2026 15:30:32.982 SEVERE [http-nio-8080-exec-1] org.apache.tomcat.websocket.pojo.PojoEndpointBase.onError No error handling configured for [ChatServer] and the following error occurred
	java.io.EOFException
		at org.apache.tomcat.util.net.NioEndpoint$NioSocketWrapper.fillReadBuffer(NioEndpoint.java:1334)
		at org.apache.tomcat.util.net.NioEndpoint$NioSocketWrapper.read(NioEndpoint.java:1218)
		at org.apache.tomcat.websocket.server.WsFrameServer.onDataAvailable(WsFrameServer.java:74)
		at org.apache.tomcat.websocket.server.WsFrameServer.doOnDataAvailable(WsFrameServer.java:184)
		at org.apache.tomcat.websocket.server.WsFrameServer.notifyDataAvailable(WsFrameServer.java:164)
		at org.apache.tomcat.websocket.server.WsHttpUpgradeHandler.upgradeDispatch(WsHttpUpgradeHandler.java:152)
		at org.apache.coyote.http11.upgrade.UpgradeProcessorInternal.dispatch(UpgradeProcessorInternal.java:60)
		at org.apache.coyote.AbstractProcessorLight.process(AbstractProcessorLight.java:57)
		at org.apache.coyote.AbstractProtocol$ConnectionHandler.process(AbstractProtocol.java:903)
		at org.apache.tomcat.util.net.NioEndpoint$SocketProcessor.doRun(NioEndpoint.java:1775)
		at org.apache.tomcat.util.net.SocketProcessorBase.run(SocketProcessorBase.java:52)
		at org.apache.tomcat.util.threads.ThreadPoolExecutor.runWorker(ThreadPoolExecutor.java:973)
		at org.apache.tomcat.util.threads.ThreadPoolExecutor$Worker.run(ThreadPoolExecutor.java:491)
		at org.apache.tomcat.util.threads.TaskThread$WrappingRunnable.run(TaskThread.java:63)
		at java.base/java.lang.Thread.run(Thread.java:1474)
14-Mar-2026 15:30:32.984 SEVERE [http-nio-8080-exec-2] org.apache.tomcat.websocket.pojo.PojoEndpointBase.onError No error handling configured for [ChatServer] and the following error occurred
	java.io.EOFException
		at org.apache.tomcat.util.net.NioEndpoint$NioSocketWrapper.fillReadBuffer(NioEndpoint.java:1334)
		at org.apache.tomcat.util.net.NioEndpoint$NioSocketWrapper.read(NioEndpoint.java:1218)
		at org.apache.tomcat.websocket.server.WsFrameServer.onDataAvailable(WsFrameServer.java:74)
		at org.apache.tomcat.websocket.server.WsFrameServer.doOnDataAvailable(WsFrameServer.java:184)
		at org.apache.tomcat.websocket.server.WsFrameServer.notifyDataAvailable(WsFrameServer.java:164)
		at org.apache.tomcat.websocket.server.WsHttpUpgradeHandler.upgradeDispatch(WsHttpUpgradeHandler.java:152)
		at org.apache.coyote.http11.upgrade.UpgradeProcessorInternal.dispatch(UpgradeProcessorInternal.java:60)
		at org.apache.coyote.AbstractProcessorLight.process(AbstractProcessorLight.java:57)
		at org.apache.coyote.AbstractProtocol$ConnectionHandler.process(AbstractProtocol.java:903)
		at org.apache.tomcat.util.net.NioEndpoint$SocketProcessor.doRun(NioEndpoint.java:1775)
		at org.apache.tomcat.util.net.SocketProcessorBase.run(SocketProcessorBase.java:52)
		at org.apache.tomcat.util.threads.ThreadPoolExecutor.runWorker(ThreadPoolExecutor.java:973)
		at org.apache.tomcat.util.threads.ThreadPoolExecutor$Worker.run(ThreadPoolExecutor.java:491)
		at org.apache.tomcat.util.threads.TaskThread$WrappingRunnable.run(TaskThread.java:63)
		at java.base/java.lang.Thread.run(Thread.java:1474)
14-Mar-2026 19:16:17.180 INFO [main] org.apache.catalina.startup.VersionLoggerListener.log Server version name:   Apache Tomcat/10.1.52
14-Mar-2026 19:16:17.185 INFO [main] org.apache.catalina.startup.VersionLoggerListener.log Server built:          Jan 23 2026 19:29:07 UTC
14-Mar-2026 19:16:17.186 INFO [main] org.apache.catalina.startup.VersionLoggerListener.log Server version number: 10.1.52.0
14-Mar-2026 19:16:17.186 INFO [main] org.apache.catalina.startup.VersionLoggerListener.log OS Name:               Windows 11
14-Mar-2026 19:16:17.187 INFO [main] org.apache.catalina.startup.VersionLoggerListener.log OS Version:            10.0
14-Mar-2026 19:16:17.187 INFO [main] org.apache.catalina.startup.VersionLoggerListener.log Architecture:          amd64
14-Mar-2026 19:16:17.187 INFO [main] org.apache.catalina.startup.VersionLoggerListener.log Java Home:             C:\Program Files\Java\jdk-25.0.2
14-Mar-2026 19:16:17.187 INFO [main] org.apache.catalina.startup.VersionLoggerListener.log JVM Version:           25.0.2+10-LTS-69
14-Mar-2026 19:16:17.188 INFO [main] org.apache.catalina.startup.VersionLoggerListener.log JVM Vendor:            Oracle Corporation
14-Mar-2026 19:16:17.188 INFO [main] org.apache.catalina.startup.VersionLoggerListener.log CATALINA_BASE:         D:\STUDY\Website-projects\Talksy-chat-app\Backend\apache-tomcat-10.1.52\apache-tomcat-10.1.52
14-Mar-2026 19:16:17.188 INFO [main] org.apache.catalina.startup.VersionLoggerListener.log CATALINA_HOME:         D:\STUDY\Website-projects\Talksy-chat-app\Backend\apache-tomcat-10.1.52\apache-tomcat-10.1.52
14-Mar-2026 19:16:17.225 INFO [main] org.apache.catalina.startup.VersionLoggerListener.log Command line argument: -Djava.util.logging.config.file=D:\STUDY\Website-projects\Talksy-chat-app\Backend\apache-tomcat-10.1.52\apache-tomcat-10.1.52\conf\logging.properties
14-Mar-2026 19:16:17.226 INFO [main] org.apache.catalina.startup.VersionLoggerListener.log Command line argument: -Djava.util.logging.manager=org.apache.juli.ClassLoaderLogManager
14-Mar-2026 19:16:17.226 INFO [main] org.apache.catalina.startup.VersionLoggerListener.log Command line argument: -Djdk.tls.ephemeralDHKeySize=2048
14-Mar-2026 19:16:17.226 INFO [main] org.apache.catalina.startup.VersionLoggerListener.log Command line argument: -Djava.protocol.handler.pkgs=org.apache.catalina.webresources
14-Mar-2026 19:16:17.227 INFO [main] org.apache.catalina.startup.VersionLoggerListener.log Command line argument: -Dsun.io.useCanonCaches=false
14-Mar-2026 19:16:17.228 INFO [main] org.apache.catalina.startup.VersionLoggerListener.log Command line argument: --add-opens=java.base/java.lang=ALL-UNNAMED
14-Mar-2026 19:16:17.228 INFO [main] org.apache.catalina.startup.VersionLoggerListener.log Command line argument: --add-opens=java.base/java.lang.reflect=ALL-UNNAMED
14-Mar-2026 19:16:17.228 INFO [main] org.apache.catalina.startup.VersionLoggerListener.log Command line argument: --add-opens=java.base/java.io=ALL-UNNAMED
14-Mar-2026 19:16:17.229 INFO [main] org.apache.catalina.startup.VersionLoggerListener.log Command line argument: --add-opens=java.base/java.util=ALL-UNNAMED
14-Mar-2026 19:16:17.229 INFO [main] org.apache.catalina.startup.VersionLoggerListener.log Command line argument: --add-opens=java.base/java.util.concurrent=ALL-UNNAMED
14-Mar-2026 19:16:17.230 INFO [main] org.apache.catalina.startup.VersionLoggerListener.log Command line argument: --add-opens=java.rmi/sun.rmi.transport=ALL-UNNAMED
14-Mar-2026 19:16:17.230 INFO [main] org.apache.catalina.startup.VersionLoggerListener.log Command line argument: -Dcatalina.base=D:\STUDY\Website-projects\Talksy-chat-app\Backend\apache-tomcat-10.1.52\apache-tomcat-10.1.52
14-Mar-2026 19:16:17.230 INFO [main] org.apache.catalina.startup.VersionLoggerListener.log Command line argument: -Dcatalina.home=D:\STUDY\Website-projects\Talksy-chat-app\Backend\apache-tomcat-10.1.52\apache-tomcat-10.1.52
14-Mar-2026 19:16:17.230 INFO [main] org.apache.catalina.startup.VersionLoggerListener.log Command line argument: -Djava.io.tmpdir=D:\STUDY\Website-projects\Talksy-chat-app\Backend\apache-tomcat-10.1.52\apache-tomcat-10.1.52\temp
14-Mar-2026 19:16:17.246 INFO [main] org.apache.catalina.core.AprLifecycleListener.lifecycleEvent The Apache Tomcat Native library which allows using OpenSSL was not found on the java.library.path: [C:\Program Files\Java\jdk-25.0.2\bin;C:\WINDOWS\Sun\Java\bin;C:\WINDOWS\system32;C:\WINDOWS;C:\Program Files\Common Files\Oracle\Java\javapath;C:\WINDOWS\system32;C:\WINDOWS;C:\WINDOWS\System32\Wbem;C:\WINDOWS\System32\WindowsPowerShell\v1.0\;C:\WINDOWS\System32\OpenSSH\;C:\ProgramData\chocolatey\bin;C:\Program Files (x86)\Microsoft SQL Server\100\Tools\Binn\;C:\Program Files\Microsoft SQL Server\100\Tools\Binn\;C:\Program Files\Microsoft SQL Server\100\DTS\Binn\;C:\Program Files\nodejs\;C:\Program Files\Java\jdk-25.0.2\bin;C:\Program Files\MySQL\MySQL Shell 8.0\bin\;C:\Users\HP\AppData\Local\Microsoft\WindowsApps;C:\Users\HP\AppData\Local\Programs\Microsoft VS Code\bin;C:\Users\HP\AppData\Local\Programs\Antigravity\bin;C:\Users\HP\AppData\Roaming\npm;.]
14-Mar-2026 19:16:17.533 INFO [main] org.apache.coyote.AbstractProtocol.init Initializing ProtocolHandler ["http-nio-8080"]
14-Mar-2026 19:16:17.577 INFO [main] org.apache.catalina.startup.Catalina.load Server initialization in [660] milliseconds
14-Mar-2026 19:16:17.623 INFO [main] org.apache.catalina.core.StandardService.startInternal Starting service [Catalina]
14-Mar-2026 19:16:17.624 INFO [main] org.apache.catalina.core.StandardEngine.startInternal Starting Servlet engine: [Apache Tomcat/10.1.52]
14-Mar-2026 19:16:17.638 INFO [main] org.apache.catalina.startup.HostConfig.deployDirectory Deploying web application directory [D:\STUDY\Website-projects\Talksy-chat-app\Backend\apache-tomcat-10.1.52\apache-tomcat-10.1.52\webapps\chatapp]
14-Mar-2026 19:16:18.265 INFO [main] org.apache.jasper.servlet.TldScanner.scanJars At least one JAR was scanned for TLDs yet contained no TLDs. Enable debug logging for this logger for a complete list of JARs that were scanned but no TLDs were found in them. Skipping unneeded JARs during scanning can improve startup time and JSP compilation time.
14-Mar-2026 19:16:18.332 INFO [main] org.apache.catalina.startup.HostConfig.deployDirectory Deployment of web application directory [D:\STUDY\Website-projects\Talksy-chat-app\Backend\apache-tomcat-10.1.52\apache-tomcat-10.1.52\webapps\chatapp] has finished in [692] ms
14-Mar-2026 19:16:18.332 INFO [main] org.apache.catalina.startup.HostConfig.deployDirectory Deploying web application directory [D:\STUDY\Website-projects\Talksy-chat-app\Backend\apache-tomcat-10.1.52\apache-tomcat-10.1.52\webapps\docs]
14-Mar-2026 19:16:18.573 INFO [main] org.apache.jasper.servlet.TldScanner.scanJars At least one JAR was scanned for TLDs yet contained no TLDs. Enable debug logging for this logger for a complete list of JARs that were scanned but no TLDs were found in them. Skipping unneeded JARs during scanning can improve startup time and JSP compilation time.
14-Mar-2026 19:16:18.579 INFO [main] org.apache.catalina.startup.HostConfig.deployDirectory Deployment of web application directory [D:\STUDY\Website-projects\Talksy-chat-app\Backend\apache-tomcat-10.1.52\apache-tomcat-10.1.52\webapps\docs] has finished in [247] ms
14-Mar-2026 19:16:18.580 INFO [main] org.apache.catalina.startup.HostConfig.deployDirectory Deploying web application directory [D:\STUDY\Website-projects\Talksy-chat-app\Backend\apache-tomcat-10.1.52\apache-tomcat-10.1.52\webapps\examples]
14-Mar-2026 19:16:19.156 INFO [main] org.apache.jasper.servlet.TldScanner.scanJars At least one JAR was scanned for TLDs yet contained no TLDs. Enable debug logging for this logger for a complete list of JARs that were scanned but no TLDs were found in them. Skipping unneeded JARs during scanning can improve startup time and JSP compilation time.
14-Mar-2026 19:16:19.205 INFO [main] org.apache.catalina.startup.HostConfig.deployDirectory Deployment of web application directory [D:\STUDY\Website-projects\Talksy-chat-app\Backend\apache-tomcat-10.1.52\apache-tomcat-10.1.52\webapps\examples] has finished in [626] ms
14-Mar-2026 19:16:19.205 INFO [main] org.apache.catalina.startup.HostConfig.deployDirectory Deploying web application directory [D:\STUDY\Website-projects\Talksy-chat-app\Backend\apache-tomcat-10.1.52\apache-tomcat-10.1.52\webapps\host-manager]
14-Mar-2026 19:16:19.436 INFO [main] org.apache.jasper.servlet.TldScanner.scanJars At least one JAR was scanned for TLDs yet contained no TLDs. Enable debug logging for this logger for a complete list of JARs that were scanned but no TLDs were found in them. Skipping unneeded JARs during scanning can improve startup time and JSP compilation time.
14-Mar-2026 19:16:19.451 INFO [main] org.apache.catalina.startup.HostConfig.deployDirectory Deployment of web application directory [D:\STUDY\Website-projects\Talksy-chat-app\Backend\apache-tomcat-10.1.52\apache-tomcat-10.1.52\webapps\host-manager] has finished in [246] ms
14-Mar-2026 19:16:19.452 INFO [main] org.apache.catalina.startup.HostConfig.deployDirectory Deploying web application directory [D:\STUDY\Website-projects\Talksy-chat-app\Backend\apache-tomcat-10.1.52\apache-tomcat-10.1.52\webapps\manager]
14-Mar-2026 19:16:19.645 INFO [main] org.apache.jasper.servlet.TldScanner.scanJars At least one JAR was scanned for TLDs yet contained no TLDs. Enable debug logging for this logger for a complete list of JARs that were scanned but no TLDs were found in them. Skipping unneeded JARs during scanning can improve startup time and JSP compilation time.
14-Mar-2026 19:16:19.648 INFO [main] org.apache.catalina.startup.HostConfig.deployDirectory Deployment of web application directory [D:\STUDY\Website-projects\Talksy-chat-app\Backend\apache-tomcat-10.1.52\apache-tomcat-10.1.52\webapps\manager] has finished in [196] ms
14-Mar-2026 19:16:19.648 INFO [main] org.apache.catalina.startup.HostConfig.deployDirectory Deploying web application directory [D:\STUDY\Website-projects\Talksy-chat-app\Backend\apache-tomcat-10.1.52\apache-tomcat-10.1.52\webapps\ROOT]
14-Mar-2026 19:16:19.831 INFO [main] org.apache.jasper.servlet.TldScanner.scanJars At least one JAR was scanned for TLDs yet contained no TLDs. Enable debug logging for this logger for a complete list of JARs that were scanned but no TLDs were found in them. Skipping unneeded JARs during scanning can improve startup time and JSP compilation time.
14-Mar-2026 19:16:19.834 INFO [main] org.apache.catalina.startup.HostConfig.deployDirectory Deployment of web application directory [D:\STUDY\Website-projects\Talksy-chat-app\Backend\apache-tomcat-10.1.52\apache-tomcat-10.1.52\webapps\ROOT] has finished in [186] ms
14-Mar-2026 19:16:19.838 INFO [main] org.apache.coyote.AbstractProtocol.start Starting ProtocolHandler ["http-nio-8080"]
14-Mar-2026 19:16:19.864 INFO [main] org.apache.catalina.startup.Catalina.start Server startup in [2284] milliseconds
14-Mar-2026 19:43:56.205 INFO [main] org.apache.catalina.startup.VersionLoggerListener.log Server version name:   Apache Tomcat/10.1.52
14-Mar-2026 19:43:56.209 INFO [main] org.apache.catalina.startup.VersionLoggerListener.log Server built:          Jan 23 2026 19:29:07 UTC
14-Mar-2026 19:43:56.210 INFO [main] org.apache.catalina.startup.VersionLoggerListener.log Server version number: 10.1.52.0
14-Mar-2026 19:43:56.211 INFO [main] org.apache.catalina.startup.VersionLoggerListener.log OS Name:               Windows 11
14-Mar-2026 19:43:56.211 INFO [main] org.apache.catalina.startup.VersionLoggerListener.log OS Version:            10.0
14-Mar-2026 19:43:56.211 INFO [main] org.apache.catalina.startup.VersionLoggerListener.log Architecture:          amd64
14-Mar-2026 19:43:56.211 INFO [main] org.apache.catalina.startup.VersionLoggerListener.log Java Home:             C:\Program Files\Java\jdk-25.0.2
14-Mar-2026 19:43:56.212 INFO [main] org.apache.catalina.startup.VersionLoggerListener.log JVM Version:           25.0.2+10-LTS-69
14-Mar-2026 19:43:56.212 INFO [main] org.apache.catalina.startup.VersionLoggerListener.log JVM Vendor:            Oracle Corporation
14-Mar-2026 19:43:56.212 INFO [main] org.apache.catalina.startup.VersionLoggerListener.log CATALINA_BASE:         D:\STUDY\Website-projects\Talksy-chat-app\Backend\apache-tomcat-10.1.52\apache-tomcat-10.1.52
14-Mar-2026 19:43:56.212 INFO [main] org.apache.catalina.startup.VersionLoggerListener.log CATALINA_HOME:         D:\STUDY\Website-projects\Talksy-chat-app\Backend\apache-tomcat-10.1.52\apache-tomcat-10.1.52
14-Mar-2026 19:43:56.232 INFO [main] org.apache.catalina.startup.VersionLoggerListener.log Command line argument: -Djava.util.logging.config.file=D:\STUDY\Website-projects\Talksy-chat-app\Backend\apache-tomcat-10.1.52\apache-tomcat-10.1.52\conf\logging.properties
14-Mar-2026 19:43:56.233 INFO [main] org.apache.catalina.startup.VersionLoggerListener.log Command line argument: -Djava.util.logging.manager=org.apache.juli.ClassLoaderLogManager
14-Mar-2026 19:43:56.233 INFO [main] org.apache.catalina.startup.VersionLoggerListener.log Command line argument: -Djdk.tls.ephemeralDHKeySize=2048
14-Mar-2026 19:43:56.233 INFO [main] org.apache.catalina.startup.VersionLoggerListener.log Command line argument: -Djava.protocol.handler.pkgs=org.apache.catalina.webresources
14-Mar-2026 19:43:56.233 INFO [main] org.apache.catalina.startup.VersionLoggerListener.log Command line argument: -Dsun.io.useCanonCaches=false
14-Mar-2026 19:43:56.234 INFO [main] org.apache.catalina.startup.VersionLoggerListener.log Command line argument: --add-opens=java.base/java.lang=ALL-UNNAMED
14-Mar-2026 19:43:56.234 INFO [main] org.apache.catalina.startup.VersionLoggerListener.log Command line argument: --add-opens=java.base/java.lang.reflect=ALL-UNNAMED
14-Mar-2026 19:43:56.234 INFO [main] org.apache.catalina.startup.VersionLoggerListener.log Command line argument: --add-opens=java.base/java.io=ALL-UNNAMED
14-Mar-2026 19:43:56.234 INFO [main] org.apache.catalina.startup.VersionLoggerListener.log Command line argument: --add-opens=java.base/java.util=ALL-UNNAMED
14-Mar-2026 19:43:56.234 INFO [main] org.apache.catalina.startup.VersionLoggerListener.log Command line argument: --add-opens=java.base/java.util.concurrent=ALL-UNNAMED
14-Mar-2026 19:43:56.234 INFO [main] org.apache.catalina.startup.VersionLoggerListener.log Command line argument: --add-opens=java.rmi/sun.rmi.transport=ALL-UNNAMED
14-Mar-2026 19:43:56.235 INFO [main] org.apache.catalina.startup.VersionLoggerListener.log Command line argument: -Dcatalina.base=D:\STUDY\Website-projects\Talksy-chat-app\Backend\apache-tomcat-10.1.52\apache-tomcat-10.1.52
14-Mar-2026 19:43:56.235 INFO [main] org.apache.catalina.startup.VersionLoggerListener.log Command line argument: -Dcatalina.home=D:\STUDY\Website-projects\Talksy-chat-app\Backend\apache-tomcat-10.1.52\apache-tomcat-10.1.52
14-Mar-2026 19:43:56.235 INFO [main] org.apache.catalina.startup.VersionLoggerListener.log Command line argument: -Djava.io.tmpdir=D:\STUDY\Website-projects\Talksy-chat-app\Backend\apache-tomcat-10.1.52\apache-tomcat-10.1.52\temp
14-Mar-2026 19:43:56.244 INFO [main] org.apache.catalina.core.AprLifecycleListener.lifecycleEvent The Apache Tomcat Native library which allows using OpenSSL was not found on the java.library.path: [C:\Program Files\Java\jdk-25.0.2\bin;C:\WINDOWS\Sun\Java\bin;C:\WINDOWS\system32;C:\WINDOWS;C:\Program Files\Common Files\Oracle\Java\javapath;C:\WINDOWS\system32;C:\WINDOWS;C:\WINDOWS\System32\Wbem;C:\WINDOWS\System32\WindowsPowerShell\v1.0\;C:\WINDOWS\System32\OpenSSH\;C:\ProgramData\chocolatey\bin;C:\Program Files (x86)\Microsoft SQL Server\100\Tools\Binn\;C:\Program Files\Microsoft SQL Server\100\Tools\Binn\;C:\Program Files\Microsoft SQL Server\100\DTS\Binn\;C:\Program Files\nodejs\;C:\Program Files\Java\jdk-25.0.2\bin;C:\Program Files\MySQL\MySQL Shell 8.0\bin\;C:\Users\HP\AppData\Local\Microsoft\WindowsApps;C:\Users\HP\AppData\Local\Programs\Microsoft VS Code\bin;C:\Users\HP\AppData\Local\Programs\Antigravity\bin;C:\Users\HP\AppData\Roaming\npm;.]
14-Mar-2026 19:43:56.573 INFO [main] org.apache.coyote.AbstractProtocol.init Initializing ProtocolHandler ["http-nio-8080"]
14-Mar-2026 19:43:56.612 INFO [main] org.apache.catalina.startup.Catalina.load Server initialization in [676] milliseconds
14-Mar-2026 19:43:56.672 INFO [main] org.apache.catalina.core.StandardService.startInternal Starting service [Catalina]
14-Mar-2026 19:43:56.672 INFO [main] org.apache.catalina.core.StandardEngine.startInternal Starting Servlet engine: [Apache Tomcat/10.1.52]
14-Mar-2026 19:43:56.686 INFO [main] org.apache.catalina.startup.HostConfig.deployDirectory Deploying web application directory [D:\STUDY\Website-projects\Talksy-chat-app\Backend\apache-tomcat-10.1.52\apache-tomcat-10.1.52\webapps\chatapp]
14-Mar-2026 19:43:57.343 INFO [main] org.apache.jasper.servlet.TldScanner.scanJars At least one JAR was scanned for TLDs yet contained no TLDs. Enable debug logging for this logger for a complete list of JARs that were scanned but no TLDs were found in them. Skipping unneeded JARs during scanning can improve startup time and JSP compilation time.
14-Mar-2026 19:43:57.442 INFO [main] org.apache.catalina.startup.HostConfig.deployDirectory Deployment of web application directory [D:\STUDY\Website-projects\Talksy-chat-app\Backend\apache-tomcat-10.1.52\apache-tomcat-10.1.52\webapps\chatapp] has finished in [751] ms
14-Mar-2026 19:43:57.442 INFO [main] org.apache.catalina.startup.HostConfig.deployDirectory Deploying web application directory [D:\STUDY\Website-projects\Talksy-chat-app\Backend\apache-tomcat-10.1.52\apache-tomcat-10.1.52\webapps\docs]
14-Mar-2026 19:43:57.732 INFO [main] org.apache.jasper.servlet.TldScanner.scanJars At least one JAR was scanned for TLDs yet contained no TLDs. Enable debug logging for this logger for a complete list of JARs that were scanned but no TLDs were found in them. Skipping unneeded JARs during scanning can improve startup time and JSP compilation time.
14-Mar-2026 19:43:57.748 INFO [main] org.apache.catalina.startup.HostConfig.deployDirectory Deployment of web application directory [D:\STUDY\Website-projects\Talksy-chat-app\Backend\apache-tomcat-10.1.52\apache-tomcat-10.1.52\webapps\docs] has finished in [306] ms
14-Mar-2026 19:43:57.748 INFO [main] org.apache.catalina.startup.HostConfig.deployDirectory Deploying web application directory [D:\STUDY\Website-projects\Talksy-chat-app\Backend\apache-tomcat-10.1.52\apache-tomcat-10.1.52\webapps\examples]
14-Mar-2026 19:43:58.308 INFO [main] org.apache.jasper.servlet.TldScanner.scanJars At least one JAR was scanned for TLDs yet contained no TLDs. Enable debug logging for this logger for a complete list of JARs that were scanned but no TLDs were found in them. Skipping unneeded JARs during scanning can improve startup time and JSP compilation time.
14-Mar-2026 19:43:58.342 INFO [main] org.apache.catalina.startup.HostConfig.deployDirectory Deployment of web application directory [D:\STUDY\Website-projects\Talksy-chat-app\Backend\apache-tomcat-10.1.52\apache-tomcat-10.1.52\webapps\examples] has finished in [594] ms
14-Mar-2026 19:43:58.343 INFO [main] org.apache.catalina.startup.HostConfig.deployDirectory Deploying web application directory [D:\STUDY\Website-projects\Talksy-chat-app\Backend\apache-tomcat-10.1.52\apache-tomcat-10.1.52\webapps\host-manager]
14-Mar-2026 19:43:58.586 INFO [main] org.apache.jasper.servlet.TldScanner.scanJars At least one JAR was scanned for TLDs yet contained no TLDs. Enable debug logging for this logger for a complete list of JARs that were scanned but no TLDs were found in them. Skipping unneeded JARs during scanning can improve startup time and JSP compilation time.
14-Mar-2026 19:43:58.602 INFO [main] org.apache.catalina.startup.HostConfig.deployDirectory Deployment of web application directory [D:\STUDY\Website-projects\Talksy-chat-app\Backend\apache-tomcat-10.1.52\apache-tomcat-10.1.52\webapps\host-manager] has finished in [258] ms
14-Mar-2026 19:43:58.602 INFO [main] org.apache.catalina.startup.HostConfig.deployDirectory Deploying web application directory [D:\STUDY\Website-projects\Talksy-chat-app\Backend\apache-tomcat-10.1.52\apache-tomcat-10.1.52\webapps\manager]
14-Mar-2026 19:43:58.854 INFO [main] org.apache.jasper.servlet.TldScanner.scanJars At least one JAR was scanned for TLDs yet contained no TLDs. Enable debug logging for this logger for a complete list of JARs that were scanned but no TLDs were found in them. Skipping unneeded JARs during scanning can improve startup time and JSP compilation time.
14-Mar-2026 19:43:58.859 INFO [main] org.apache.catalina.startup.HostConfig.deployDirectory Deployment of web application directory [D:\STUDY\Website-projects\Talksy-chat-app\Backend\apache-tomcat-10.1.52\apache-tomcat-10.1.52\webapps\manager] has finished in [257] ms
14-Mar-2026 19:43:58.859 INFO [main] org.apache.catalina.startup.HostConfig.deployDirectory Deploying web application directory [D:\STUDY\Website-projects\Talksy-chat-app\Backend\apache-tomcat-10.1.52\apache-tomcat-10.1.52\webapps\ROOT]
14-Mar-2026 19:43:59.047 INFO [main] org.apache.jasper.servlet.TldScanner.scanJars At least one JAR was scanned for TLDs yet contained no TLDs. Enable debug logging for this logger for a complete list of JARs that were scanned but no TLDs were found in them. Skipping unneeded JARs during scanning can improve startup time and JSP compilation time.
14-Mar-2026 19:43:59.050 INFO [main] org.apache.catalina.startup.HostConfig.deployDirectory Deployment of web application directory [D:\STUDY\Website-projects\Talksy-chat-app\Backend\apache-tomcat-10.1.52\apache-tomcat-10.1.52\webapps\ROOT] has finished in [191] ms
14-Mar-2026 19:43:59.055 INFO [main] org.apache.coyote.AbstractProtocol.start Starting ProtocolHandler ["http-nio-8080"]
14-Mar-2026 19:43:59.121 INFO [main] org.apache.catalina.startup.Catalina.start Server startup in [2505] milliseconds
14-Mar-2026 19:50:02.481 INFO [main] org.apache.catalina.startup.VersionLoggerListener.log Server version name:   Apache Tomcat/10.1.52
14-Mar-2026 19:50:02.486 INFO [main] org.apache.catalina.startup.VersionLoggerListener.log Server built:          Jan 23 2026 19:29:07 UTC
14-Mar-2026 19:50:02.487 INFO [main] org.apache.catalina.startup.VersionLoggerListener.log Server version number: 10.1.52.0
14-Mar-2026 19:50:02.488 INFO [main] org.apache.catalina.startup.VersionLoggerListener.log OS Name:               Windows 11
14-Mar-2026 19:50:02.488 INFO [main] org.apache.catalina.startup.VersionLoggerListener.log OS Version:            10.0
14-Mar-2026 19:50:02.488 INFO [main] org.apache.catalina.startup.VersionLoggerListener.log Architecture:          amd64
14-Mar-2026 19:50:02.488 INFO [main] org.apache.catalina.startup.VersionLoggerListener.log Java Home:             C:\Program Files\Java\jdk-25.0.2
14-Mar-2026 19:50:02.489 INFO [main] org.apache.catalina.startup.VersionLoggerListener.log JVM Version:           25.0.2+10-LTS-69
14-Mar-2026 19:50:02.489 INFO [main] org.apache.catalina.startup.VersionLoggerListener.log JVM Vendor:            Oracle Corporation
14-Mar-2026 19:50:02.489 INFO [main] org.apache.catalina.startup.VersionLoggerListener.log CATALINA_BASE:         D:\STUDY\Website-projects\Talksy-chat-app\Backend\apache-tomcat-10.1.52\apache-tomcat-10.1.52
14-Mar-2026 19:50:02.489 INFO [main] org.apache.catalina.startup.VersionLoggerListener.log CATALINA_HOME:         D:\STUDY\Website-projects\Talksy-chat-app\Backend\apache-tomcat-10.1.52\apache-tomcat-10.1.52
14-Mar-2026 19:50:02.509 INFO [main] org.apache.catalina.startup.VersionLoggerListener.log Command line argument: -Djava.util.logging.config.file=D:\STUDY\Website-projects\Talksy-chat-app\Backend\apache-tomcat-10.1.52\apache-tomcat-10.1.52\conf\logging.properties
14-Mar-2026 19:50:02.510 INFO [main] org.apache.catalina.startup.VersionLoggerListener.log Command line argument: -Djava.util.logging.manager=org.apache.juli.ClassLoaderLogManager
14-Mar-2026 19:50:02.510 INFO [main] org.apache.catalina.startup.VersionLoggerListener.log Command line argument: -Djdk.tls.ephemeralDHKeySize=2048
14-Mar-2026 19:50:02.510 INFO [main] org.apache.catalina.startup.VersionLoggerListener.log Command line argument: -Djava.protocol.handler.pkgs=org.apache.catalina.webresources
14-Mar-2026 19:50:02.510 INFO [main] org.apache.catalina.startup.VersionLoggerListener.log Command line argument: -Dsun.io.useCanonCaches=false
14-Mar-2026 19:50:02.511 INFO [main] org.apache.catalina.startup.VersionLoggerListener.log Command line argument: --add-opens=java.base/java.lang=ALL-UNNAMED
14-Mar-2026 19:50:02.511 INFO [main] org.apache.catalina.startup.VersionLoggerListener.log Command line argument: --add-opens=java.base/java.lang.reflect=ALL-UNNAMED
14-Mar-2026 19:50:02.511 INFO [main] org.apache.catalina.startup.VersionLoggerListener.log Command line argument: --add-opens=java.base/java.io=ALL-UNNAMED
14-Mar-2026 19:50:02.512 INFO [main] org.apache.catalina.startup.VersionLoggerListener.log Command line argument: --add-opens=java.base/java.util=ALL-UNNAMED
14-Mar-2026 19:50:02.512 INFO [main] org.apache.catalina.startup.VersionLoggerListener.log Command line argument: --add-opens=java.base/java.util.concurrent=ALL-UNNAMED
14-Mar-2026 19:50:02.512 INFO [main] org.apache.catalina.startup.VersionLoggerListener.log Command line argument: --add-opens=java.rmi/sun.rmi.transport=ALL-UNNAMED
14-Mar-2026 19:50:02.513 INFO [main] org.apache.catalina.startup.VersionLoggerListener.log Command line argument: -Dcatalina.base=D:\STUDY\Website-projects\Talksy-chat-app\Backend\apache-tomcat-10.1.52\apache-tomcat-10.1.52
14-Mar-2026 19:50:02.513 INFO [main] org.apache.catalina.startup.VersionLoggerListener.log Command line argument: -Dcatalina.home=D:\STUDY\Website-projects\Talksy-chat-app\Backend\apache-tomcat-10.1.52\apache-tomcat-10.1.52
14-Mar-2026 19:50:02.513 INFO [main] org.apache.catalina.startup.VersionLoggerListener.log Command line argument: -Djava.io.tmpdir=D:\STUDY\Website-projects\Talksy-chat-app\Backend\apache-tomcat-10.1.52\apache-tomcat-10.1.52\temp
14-Mar-2026 19:50:02.521 INFO [main] org.apache.catalina.core.AprLifecycleListener.lifecycleEvent The Apache Tomcat Native library which allows using OpenSSL was not found on the java.library.path: [C:\Program Files\Java\jdk-25.0.2\bin;C:\WINDOWS\Sun\Java\bin;C:\WINDOWS\system32;C:\WINDOWS;C:\Program Files\Common Files\Oracle\Java\javapath;C:\WINDOWS\system32;C:\WINDOWS;C:\WINDOWS\System32\Wbem;C:\WINDOWS\System32\WindowsPowerShell\v1.0\;C:\WINDOWS\System32\OpenSSH\;C:\ProgramData\chocolatey\bin;C:\Program Files (x86)\Microsoft SQL Server\100\Tools\Binn\;C:\Program Files\Microsoft SQL Server\100\Tools\Binn\;C:\Program Files\Microsoft SQL Server\100\DTS\Binn\;C:\Program Files\nodejs\;C:\Program Files\Java\jdk-25.0.2\bin;C:\Program Files\MySQL\MySQL Shell 8.0\bin\;C:\Users\HP\AppData\Local\Microsoft\WindowsApps;C:\Users\HP\AppData\Local\Programs\Microsoft VS Code\bin;C:\Users\HP\AppData\Local\Programs\Antigravity\bin;C:\Users\HP\AppData\Roaming\npm;.]
14-Mar-2026 19:50:02.835 INFO [main] org.apache.coyote.AbstractProtocol.init Initializing ProtocolHandler ["http-nio-8080"]
14-Mar-2026 19:50:02.867 INFO [main] org.apache.catalina.startup.Catalina.load Server initialization in [619] milliseconds
14-Mar-2026 19:50:02.921 INFO [main] org.apache.catalina.core.StandardService.startInternal Starting service [Catalina]
14-Mar-2026 19:50:02.922 INFO [main] org.apache.catalina.core.StandardEngine.startInternal Starting Servlet engine: [Apache Tomcat/10.1.52]
14-Mar-2026 19:50:02.934 INFO [main] org.apache.catalina.startup.HostConfig.deployDirectory Deploying web application directory [D:\STUDY\Website-projects\Talksy-chat-app\Backend\apache-tomcat-10.1.52\apache-tomcat-10.1.52\webapps\chatapp]
14-Mar-2026 19:50:03.566 INFO [main] org.apache.jasper.servlet.TldScanner.scanJars At least one JAR was scanned for TLDs yet contained no TLDs. Enable debug logging for this logger for a complete list of JARs that were scanned but no TLDs were found in them. Skipping unneeded JARs during scanning can improve startup time and JSP compilation time.
14-Mar-2026 19:50:03.659 INFO [main] org.apache.catalina.startup.HostConfig.deployDirectory Deployment of web application directory [D:\STUDY\Website-projects\Talksy-chat-app\Backend\apache-tomcat-10.1.52\apache-tomcat-10.1.52\webapps\chatapp] has finished in [721] ms
14-Mar-2026 19:50:03.660 INFO [main] org.apache.catalina.startup.HostConfig.deployDirectory Deploying web application directory [D:\STUDY\Website-projects\Talksy-chat-app\Backend\apache-tomcat-10.1.52\apache-tomcat-10.1.52\webapps\docs]
14-Mar-2026 19:50:03.931 INFO [main] org.apache.jasper.servlet.TldScanner.scanJars At least one JAR was scanned for TLDs yet contained no TLDs. Enable debug logging for this logger for a complete list of JARs that were scanned but no TLDs were found in them. Skipping unneeded JARs during scanning can improve startup time and JSP compilation time.
14-Mar-2026 19:50:03.938 INFO [main] org.apache.catalina.startup.HostConfig.deployDirectory Deployment of web application directory [D:\STUDY\Website-projects\Talksy-chat-app\Backend\apache-tomcat-10.1.52\apache-tomcat-10.1.52\webapps\docs] has finished in [278] ms
14-Mar-2026 19:50:03.938 INFO [main] org.apache.catalina.startup.HostConfig.deployDirectory Deploying web application directory [D:\STUDY\Website-projects\Talksy-chat-app\Backend\apache-tomcat-10.1.52\apache-tomcat-10.1.52\webapps\examples]
14-Mar-2026 19:50:04.466 INFO [main] org.apache.jasper.servlet.TldScanner.scanJars At least one JAR was scanned for TLDs yet contained no TLDs. Enable debug logging for this logger for a complete list of JARs that were scanned but no TLDs were found in them. Skipping unneeded JARs during scanning can improve startup time and JSP compilation time.
14-Mar-2026 19:50:04.521 INFO [main] org.apache.catalina.startup.HostConfig.deployDirectory Deployment of web application directory [D:\STUDY\Website-projects\Talksy-chat-app\Backend\apache-tomcat-10.1.52\apache-tomcat-10.1.52\webapps\examples] has finished in [582] ms
14-Mar-2026 19:50:04.521 INFO [main] org.apache.catalina.startup.HostConfig.deployDirectory Deploying web application directory [D:\STUDY\Website-projects\Talksy-chat-app\Backend\apache-tomcat-10.1.52\apache-tomcat-10.1.52\webapps\host-manager]
14-Mar-2026 19:50:04.765 INFO [main] org.apache.jasper.servlet.TldScanner.scanJars At least one JAR was scanned for TLDs yet contained no TLDs. Enable debug logging for this logger for a complete list of JARs that were scanned but no TLDs were found in them. Skipping unneeded JARs during scanning can improve startup time and JSP compilation time.
14-Mar-2026 19:50:04.800 INFO [main] org.apache.catalina.startup.HostConfig.deployDirectory Deployment of web application directory [D:\STUDY\Website-projects\Talksy-chat-app\Backend\apache-tomcat-10.1.52\apache-tomcat-10.1.52\webapps\host-manager] has finished in [279] ms
14-Mar-2026 19:50:04.801 INFO [main] org.apache.catalina.startup.HostConfig.deployDirectory Deploying web application directory [D:\STUDY\Website-projects\Talksy-chat-app\Backend\apache-tomcat-10.1.52\apache-tomcat-10.1.52\webapps\manager]
14-Mar-2026 19:50:05.012 INFO [main] org.apache.jasper.servlet.TldScanner.scanJars At least one JAR was scanned for TLDs yet contained no TLDs. Enable debug logging for this logger for a complete list of JARs that were scanned but no TLDs were found in them. Skipping unneeded JARs during scanning can improve startup time and JSP compilation time.
14-Mar-2026 19:50:05.017 INFO [main] org.apache.catalina.startup.HostConfig.deployDirectory Deployment of web application directory [D:\STUDY\Website-projects\Talksy-chat-app\Backend\apache-tomcat-10.1.52\apache-tomcat-10.1.52\webapps\manager] has finished in [216] ms
14-Mar-2026 19:50:05.018 INFO [main] org.apache.catalina.startup.HostConfig.deployDirectory Deploying web application directory [D:\STUDY\Website-projects\Talksy-chat-app\Backend\apache-tomcat-10.1.52\apache-tomcat-10.1.52\webapps\ROOT]
14-Mar-2026 19:50:05.221 INFO [main] org.apache.jasper.servlet.TldScanner.scanJars At least one JAR was scanned for TLDs yet contained no TLDs. Enable debug logging for this logger for a complete list of JARs that were scanned but no TLDs were found in them. Skipping unneeded JARs during scanning can improve startup time and JSP compilation time.
14-Mar-2026 19:50:05.226 INFO [main] org.apache.catalina.startup.HostConfig.deployDirectory Deployment of web application directory [D:\STUDY\Website-projects\Talksy-chat-app\Backend\apache-tomcat-10.1.52\apache-tomcat-10.1.52\webapps\ROOT] has finished in [208] ms
14-Mar-2026 19:50:05.231 INFO [main] org.apache.coyote.AbstractProtocol.start Starting ProtocolHandler ["http-nio-8080"]
14-Mar-2026 19:50:05.283 INFO [main] org.apache.catalina.startup.Catalina.start Server startup in [2413] milliseconds
14-Mar-2026 19:56:00.308 INFO [main] org.apache.catalina.startup.VersionLoggerListener.log Server version name:   Apache Tomcat/10.1.52
14-Mar-2026 19:56:00.312 INFO [main] org.apache.catalina.startup.VersionLoggerListener.log Server built:          Jan 23 2026 19:29:07 UTC
14-Mar-2026 19:56:00.313 INFO [main] org.apache.catalina.startup.VersionLoggerListener.log Server version number: 10.1.52.0
14-Mar-2026 19:56:00.314 INFO [main] org.apache.catalina.startup.VersionLoggerListener.log OS Name:               Windows 11
14-Mar-2026 19:56:00.314 INFO [main] org.apache.catalina.startup.VersionLoggerListener.log OS Version:            10.0
14-Mar-2026 19:56:00.314 INFO [main] org.apache.catalina.startup.VersionLoggerListener.log Architecture:          amd64
14-Mar-2026 19:56:00.315 INFO [main] org.apache.catalina.startup.VersionLoggerListener.log Java Home:             C:\Program Files\Java\jdk-25.0.2
14-Mar-2026 19:56:00.315 INFO [main] org.apache.catalina.startup.VersionLoggerListener.log JVM Version:           25.0.2+10-LTS-69
14-Mar-2026 19:56:00.315 INFO [main] org.apache.catalina.startup.VersionLoggerListener.log JVM Vendor:            Oracle Corporation
14-Mar-2026 19:56:00.316 INFO [main] org.apache.catalina.startup.VersionLoggerListener.log CATALINA_BASE:         D:\STUDY\Website-projects\Talksy-chat-app\Backend\apache-tomcat-10.1.52\apache-tomcat-10.1.52
14-Mar-2026 19:56:00.316 INFO [main] org.apache.catalina.startup.VersionLoggerListener.log CATALINA_HOME:         D:\STUDY\Website-projects\Talksy-chat-app\Backend\apache-tomcat-10.1.52\apache-tomcat-10.1.52
14-Mar-2026 19:56:00.335 INFO [main] org.apache.catalina.startup.VersionLoggerListener.log Command line argument: -Djava.util.logging.config.file=D:\STUDY\Website-projects\Talksy-chat-app\Backend\apache-tomcat-10.1.52\apache-tomcat-10.1.52\conf\logging.properties
14-Mar-2026 19:56:00.336 INFO [main] org.apache.catalina.startup.VersionLoggerListener.log Command line argument: -Djava.util.logging.manager=org.apache.juli.ClassLoaderLogManager
14-Mar-2026 19:56:00.336 INFO [main] org.apache.catalina.startup.VersionLoggerListener.log Command line argument: -Djdk.tls.ephemeralDHKeySize=2048
14-Mar-2026 19:56:00.336 INFO [main] org.apache.catalina.startup.VersionLoggerListener.log Command line argument: -Djava.protocol.handler.pkgs=org.apache.catalina.webresources
14-Mar-2026 19:56:00.337 INFO [main] org.apache.catalina.startup.VersionLoggerListener.log Command line argument: -Dsun.io.useCanonCaches=false
14-Mar-2026 19:56:00.337 INFO [main] org.apache.catalina.startup.VersionLoggerListener.log Command line argument: --add-opens=java.base/java.lang=ALL-UNNAMED
14-Mar-2026 19:56:00.337 INFO [main] org.apache.catalina.startup.VersionLoggerListener.log Command line argument: --add-opens=java.base/java.lang.reflect=ALL-UNNAMED
14-Mar-2026 19:56:00.338 INFO [main] org.apache.catalina.startup.VersionLoggerListener.log Command line argument: --add-opens=java.base/java.io=ALL-UNNAMED
14-Mar-2026 19:56:00.338 INFO [main] org.apache.catalina.startup.VersionLoggerListener.log Command line argument: --add-opens=java.base/java.util=ALL-UNNAMED
14-Mar-2026 19:56:00.338 INFO [main] org.apache.catalina.startup.VersionLoggerListener.log Command line argument: --add-opens=java.base/java.util.concurrent=ALL-UNNAMED
14-Mar-2026 19:56:00.338 INFO [main] org.apache.catalina.startup.VersionLoggerListener.log Command line argument: --add-opens=java.rmi/sun.rmi.transport=ALL-UNNAMED
14-Mar-2026 19:56:00.338 INFO [main] org.apache.catalina.startup.VersionLoggerListener.log Command line argument: -Dcatalina.base=D:\STUDY\Website-projects\Talksy-chat-app\Backend\apache-tomcat-10.1.52\apache-tomcat-10.1.52
14-Mar-2026 19:56:00.339 INFO [main] org.apache.catalina.startup.VersionLoggerListener.log Command line argument: -Dcatalina.home=D:\STUDY\Website-projects\Talksy-chat-app\Backend\apache-tomcat-10.1.52\apache-tomcat-10.1.52
14-Mar-2026 19:56:00.339 INFO [main] org.apache.catalina.startup.VersionLoggerListener.log Command line argument: -Djava.io.tmpdir=D:\STUDY\Website-projects\Talksy-chat-app\Backend\apache-tomcat-10.1.52\apache-tomcat-10.1.52\temp
14-Mar-2026 19:56:00.346 INFO [main] org.apache.catalina.core.AprLifecycleListener.lifecycleEvent The Apache Tomcat Native library which allows using OpenSSL was not found on the java.library.path: [C:\Program Files\Java\jdk-25.0.2\bin;C:\WINDOWS\Sun\Java\bin;C:\WINDOWS\system32;C:\WINDOWS;C:\Program Files\Common Files\Oracle\Java\javapath;C:\WINDOWS\system32;C:\WINDOWS;C:\WINDOWS\System32\Wbem;C:\WINDOWS\System32\WindowsPowerShell\v1.0\;C:\WINDOWS\System32\OpenSSH\;C:\ProgramData\chocolatey\bin;C:\Program Files (x86)\Microsoft SQL Server\100\Tools\Binn\;C:\Program Files\Microsoft SQL Server\100\Tools\Binn\;C:\Program Files\Microsoft SQL Server\100\DTS\Binn\;C:\Program Files\nodejs\;C:\Program Files\Java\jdk-25.0.2\bin;C:\Program Files\MySQL\MySQL Shell 8.0\bin\;C:\Users\HP\AppData\Local\Microsoft\WindowsApps;C:\Users\HP\AppData\Local\Programs\Microsoft VS Code\bin;C:\Users\HP\AppData\Local\Programs\Antigravity\bin;C:\Users\HP\AppData\Roaming\npm;.]
14-Mar-2026 19:56:00.664 INFO [main] org.apache.coyote.AbstractProtocol.init Initializing ProtocolHandler ["http-nio-8080"]
14-Mar-2026 19:56:00.695 INFO [main] org.apache.catalina.startup.Catalina.load Server initialization in [595] milliseconds
14-Mar-2026 19:56:00.752 INFO [main] org.apache.catalina.core.StandardService.startInternal Starting service [Catalina]
14-Mar-2026 19:56:00.752 INFO [main] org.apache.catalina.core.StandardEngine.startInternal Starting Servlet engine: [Apache Tomcat/10.1.52]
14-Mar-2026 19:56:00.767 INFO [main] org.apache.catalina.startup.HostConfig.deployDirectory Deploying web application directory [D:\STUDY\Website-projects\Talksy-chat-app\Backend\apache-tomcat-10.1.52\apache-tomcat-10.1.52\webapps\chatapp]
14-Mar-2026 19:56:01.372 INFO [main] org.apache.jasper.servlet.TldScanner.scanJars At least one JAR was scanned for TLDs yet contained no TLDs. Enable debug logging for this logger for a complete list of JARs that were scanned but no TLDs were found in them. Skipping unneeded JARs during scanning can improve startup time and JSP compilation time.
14-Mar-2026 19:56:01.443 INFO [main] org.apache.catalina.startup.HostConfig.deployDirectory Deployment of web application directory [D:\STUDY\Website-projects\Talksy-chat-app\Backend\apache-tomcat-10.1.52\apache-tomcat-10.1.52\webapps\chatapp] has finished in [673] ms
14-Mar-2026 19:56:01.444 INFO [main] org.apache.catalina.startup.HostConfig.deployDirectory Deploying web application directory [D:\STUDY\Website-projects\Talksy-chat-app\Backend\apache-tomcat-10.1.52\apache-tomcat-10.1.52\webapps\docs]
14-Mar-2026 19:56:01.728 INFO [main] org.apache.jasper.servlet.TldScanner.scanJars At least one JAR was scanned for TLDs yet contained no TLDs. Enable debug logging for this logger for a complete list of JARs that were scanned but no TLDs were found in them. Skipping unneeded JARs during scanning can improve startup time and JSP compilation time.
14-Mar-2026 19:56:01.735 INFO [main] org.apache.catalina.startup.HostConfig.deployDirectory Deployment of web application directory [D:\STUDY\Website-projects\Talksy-chat-app\Backend\apache-tomcat-10.1.52\apache-tomcat-10.1.52\webapps\docs] has finished in [290] ms
14-Mar-2026 19:56:01.735 INFO [main] org.apache.catalina.startup.HostConfig.deployDirectory Deploying web application directory [D:\STUDY\Website-projects\Talksy-chat-app\Backend\apache-tomcat-10.1.52\apache-tomcat-10.1.52\webapps\examples]
14-Mar-2026 19:56:02.320 INFO [main] org.apache.jasper.servlet.TldScanner.scanJars At least one JAR was scanned for TLDs yet contained no TLDs. Enable debug logging for this logger for a complete list of JARs that were scanned but no TLDs were found in them. Skipping unneeded JARs during scanning can improve startup time and JSP compilation time.
14-Mar-2026 19:56:02.359 INFO [main] org.apache.catalina.startup.HostConfig.deployDirectory Deployment of web application directory [D:\STUDY\Website-projects\Talksy-chat-app\Backend\apache-tomcat-10.1.52\apache-tomcat-10.1.52\webapps\examples] has finished in [624] ms
14-Mar-2026 19:56:02.359 INFO [main] org.apache.catalina.startup.HostConfig.deployDirectory Deploying web application directory [D:\STUDY\Website-projects\Talksy-chat-app\Backend\apache-tomcat-10.1.52\apache-tomcat-10.1.52\webapps\host-manager]
14-Mar-2026 19:56:02.607 INFO [main] org.apache.jasper.servlet.TldScanner.scanJars At least one JAR was scanned for TLDs yet contained no TLDs. Enable debug logging for this logger for a complete list of JARs that were scanned but no TLDs were found in them. Skipping unneeded JARs during scanning can improve startup time and JSP compilation time.
14-Mar-2026 19:56:02.622 INFO [main] org.apache.catalina.startup.HostConfig.deployDirectory Deployment of web application directory [D:\STUDY\Website-projects\Talksy-chat-app\Backend\apache-tomcat-10.1.52\apache-tomcat-10.1.52\webapps\host-manager] has finished in [263] ms
14-Mar-2026 19:56:02.623 INFO [main] org.apache.catalina.startup.HostConfig.deployDirectory Deploying web application directory [D:\STUDY\Website-projects\Talksy-chat-app\Backend\apache-tomcat-10.1.52\apache-tomcat-10.1.52\webapps\manager]
14-Mar-2026 19:56:02.843 INFO [main] org.apache.jasper.servlet.TldScanner.scanJars At least one JAR was scanned for TLDs yet contained no TLDs. Enable debug logging for this logger for a complete list of JARs that were scanned but no TLDs were found in them. Skipping unneeded JARs during scanning can improve startup time and JSP compilation time.
14-Mar-2026 19:56:02.848 INFO [main] org.apache.catalina.startup.HostConfig.deployDirectory Deployment of web application directory [D:\STUDY\Website-projects\Talksy-chat-app\Backend\apache-tomcat-10.1.52\apache-tomcat-10.1.52\webapps\manager] has finished in [225] ms
14-Mar-2026 19:56:02.849 INFO [main] org.apache.catalina.startup.HostConfig.deployDirectory Deploying web application directory [D:\STUDY\Website-projects\Talksy-chat-app\Backend\apache-tomcat-10.1.52\apache-tomcat-10.1.52\webapps\ROOT]
14-Mar-2026 19:56:03.051 INFO [main] org.apache.jasper.servlet.TldScanner.scanJars At least one JAR was scanned for TLDs yet contained no TLDs. Enable debug logging for this logger for a complete list of JARs that were scanned but no TLDs were found in them. Skipping unneeded JARs during scanning can improve startup time and JSP compilation time.
14-Mar-2026 19:56:03.056 INFO [main] org.apache.catalina.startup.HostConfig.deployDirectory Deployment of web application directory [D:\STUDY\Website-projects\Talksy-chat-app\Backend\apache-tomcat-10.1.52\apache-tomcat-10.1.52\webapps\ROOT] has finished in [206] ms
14-Mar-2026 19:56:03.059 INFO [main] org.apache.coyote.AbstractProtocol.start Starting ProtocolHandler ["http-nio-8080"]
14-Mar-2026 19:56:03.134 INFO [main] org.apache.catalina.startup.Catalina.start Server startup in [2436] milliseconds
14-Mar-2026 20:02:53.437 INFO [main] org.apache.catalina.startup.VersionLoggerListener.log Server version name:   Apache Tomcat/10.1.52
14-Mar-2026 20:02:53.441 INFO [main] org.apache.catalina.startup.VersionLoggerListener.log Server built:          Jan 23 2026 19:29:07 UTC
14-Mar-2026 20:02:53.442 INFO [main] org.apache.catalina.startup.VersionLoggerListener.log Server version number: 10.1.52.0
14-Mar-2026 20:02:53.442 INFO [main] org.apache.catalina.startup.VersionLoggerListener.log OS Name:               Windows 11
14-Mar-2026 20:02:53.442 INFO [main] org.apache.catalina.startup.VersionLoggerListener.log OS Version:            10.0
14-Mar-2026 20:02:53.443 INFO [main] org.apache.catalina.startup.VersionLoggerListener.log Architecture:          amd64
14-Mar-2026 20:02:53.443 INFO [main] org.apache.catalina.startup.VersionLoggerListener.log Java Home:             C:\Program Files\Java\jdk-25.0.2
14-Mar-2026 20:02:53.443 INFO [main] org.apache.catalina.startup.VersionLoggerListener.log JVM Version:           25.0.2+10-LTS-69
14-Mar-2026 20:02:53.444 INFO [main] org.apache.catalina.startup.VersionLoggerListener.log JVM Vendor:            Oracle Corporation
14-Mar-2026 20:02:53.444 INFO [main] org.apache.catalina.startup.VersionLoggerListener.log CATALINA_BASE:         D:\STUDY\Website-projects\Talksy-chat-app\Backend\apache-tomcat-10.1.52\apache-tomcat-10.1.52
14-Mar-2026 20:02:53.444 INFO [main] org.apache.catalina.startup.VersionLoggerListener.log CATALINA_HOME:         D:\STUDY\Website-projects\Talksy-chat-app\Backend\apache-tomcat-10.1.52\apache-tomcat-10.1.52
14-Mar-2026 20:02:53.467 INFO [main] org.apache.catalina.startup.VersionLoggerListener.log Command line argument: -Djava.util.logging.config.file=D:\STUDY\Website-projects\Talksy-chat-app\Backend\apache-tomcat-10.1.52\apache-tomcat-10.1.52\conf\logging.properties
14-Mar-2026 20:02:53.468 INFO [main] org.apache.catalina.startup.VersionLoggerListener.log Command line argument: -Djava.util.logging.manager=org.apache.juli.ClassLoaderLogManager
14-Mar-2026 20:02:53.468 INFO [main] org.apache.catalina.startup.VersionLoggerListener.log Command line argument: -Djdk.tls.ephemeralDHKeySize=2048
14-Mar-2026 20:02:53.469 INFO [main] org.apache.catalina.startup.VersionLoggerListener.log Command line argument: -Djava.protocol.handler.pkgs=org.apache.catalina.webresources
14-Mar-2026 20:02:53.469 INFO [main] org.apache.catalina.startup.VersionLoggerListener.log Command line argument: -Dsun.io.useCanonCaches=false
14-Mar-2026 20:02:53.469 INFO [main] org.apache.catalina.startup.VersionLoggerListener.log Command line argument: --add-opens=java.base/java.lang=ALL-UNNAMED
14-Mar-2026 20:02:53.470 INFO [main] org.apache.catalina.startup.VersionLoggerListener.log Command line argument: --add-opens=java.base/java.lang.reflect=ALL-UNNAMED
14-Mar-2026 20:02:53.470 INFO [main] org.apache.catalina.startup.VersionLoggerListener.log Command line argument: --add-opens=java.base/java.io=ALL-UNNAMED
14-Mar-2026 20:02:53.470 INFO [main] org.apache.catalina.startup.VersionLoggerListener.log Command line argument: --add-opens=java.base/java.util=ALL-UNNAMED
14-Mar-2026 20:02:53.470 INFO [main] org.apache.catalina.startup.VersionLoggerListener.log Command line argument: --add-opens=java.base/java.util.concurrent=ALL-UNNAMED
14-Mar-2026 20:02:53.471 INFO [main] org.apache.catalina.startup.VersionLoggerListener.log Command line argument: --add-opens=java.rmi/sun.rmi.transport=ALL-UNNAMED
14-Mar-2026 20:02:53.471 INFO [main] org.apache.catalina.startup.VersionLoggerListener.log Command line argument: -Dcatalina.base=D:\STUDY\Website-projects\Talksy-chat-app\Backend\apache-tomcat-10.1.52\apache-tomcat-10.1.52
14-Mar-2026 20:02:53.471 INFO [main] org.apache.catalina.startup.VersionLoggerListener.log Command line argument: -Dcatalina.home=D:\STUDY\Website-projects\Talksy-chat-app\Backend\apache-tomcat-10.1.52\apache-tomcat-10.1.52
14-Mar-2026 20:02:53.471 INFO [main] org.apache.catalina.startup.VersionLoggerListener.log Command line argument: -Djava.io.tmpdir=D:\STUDY\Website-projects\Talksy-chat-app\Backend\apache-tomcat-10.1.52\apache-tomcat-10.1.52\temp
14-Mar-2026 20:02:53.483 INFO [main] org.apache.catalina.core.AprLifecycleListener.lifecycleEvent The Apache Tomcat Native library which allows using OpenSSL was not found on the java.library.path: [C:\Program Files\Java\jdk-25.0.2\bin;C:\WINDOWS\Sun\Java\bin;C:\WINDOWS\system32;C:\WINDOWS;C:\Program Files\Common Files\Oracle\Java\javapath;C:\WINDOWS\system32;C:\WINDOWS;C:\WINDOWS\System32\Wbem;C:\WINDOWS\System32\WindowsPowerShell\v1.0\;C:\WINDOWS\System32\OpenSSH\;C:\ProgramData\chocolatey\bin;C:\Program Files (x86)\Microsoft SQL Server\100\Tools\Binn\;C:\Program Files\Microsoft SQL Server\100\Tools\Binn\;C:\Program Files\Microsoft SQL Server\100\DTS\Binn\;C:\Program Files\nodejs\;C:\Program Files\Java\jdk-25.0.2\bin;C:\Program Files\MySQL\MySQL Shell 8.0\bin\;C:\Users\HP\AppData\Local\Microsoft\WindowsApps;C:\Users\HP\AppData\Local\Programs\Microsoft VS Code\bin;C:\Users\HP\AppData\Local\Programs\Antigravity\bin;C:\Users\HP\AppData\Roaming\npm;.]
14-Mar-2026 20:02:53.801 INFO [main] org.apache.coyote.AbstractProtocol.init Initializing ProtocolHandler ["http-nio-8080"]
14-Mar-2026 20:02:53.836 INFO [main] org.apache.catalina.startup.Catalina.load Server initialization in [612] milliseconds
14-Mar-2026 20:02:53.900 INFO [main] org.apache.catalina.core.StandardService.startInternal Starting service [Catalina]
14-Mar-2026 20:02:53.900 INFO [main] org.apache.catalina.core.StandardEngine.startInternal Starting Servlet engine: [Apache Tomcat/10.1.52]
14-Mar-2026 20:02:53.912 INFO [main] org.apache.catalina.startup.HostConfig.deployDirectory Deploying web application directory [D:\STUDY\Website-projects\Talksy-chat-app\Backend\apache-tomcat-10.1.52\apache-tomcat-10.1.52\webapps\chatapp]
14-Mar-2026 20:02:54.557 INFO [main] org.apache.jasper.servlet.TldScanner.scanJars At least one JAR was scanned for TLDs yet contained no TLDs. Enable debug logging for this logger for a complete list of JARs that were scanned but no TLDs were found in them. Skipping unneeded JARs during scanning can improve startup time and JSP compilation time.
14-Mar-2026 20:02:54.639 INFO [main] org.apache.catalina.startup.HostConfig.deployDirectory Deployment of web application directory [D:\STUDY\Website-projects\Talksy-chat-app\Backend\apache-tomcat-10.1.52\apache-tomcat-10.1.52\webapps\chatapp] has finished in [724] ms
14-Mar-2026 20:02:54.639 INFO [main] org.apache.catalina.startup.HostConfig.deployDirectory Deploying web application directory [D:\STUDY\Website-projects\Talksy-chat-app\Backend\apache-tomcat-10.1.52\apache-tomcat-10.1.52\webapps\docs]
14-Mar-2026 20:02:54.909 INFO [main] org.apache.jasper.servlet.TldScanner.scanJars At least one JAR was scanned for TLDs yet contained no TLDs. Enable debug logging for this logger for a complete list of JARs that were scanned but no TLDs were found in them. Skipping unneeded JARs during scanning can improve startup time and JSP compilation time.
14-Mar-2026 20:02:54.916 INFO [main] org.apache.catalina.startup.HostConfig.deployDirectory Deployment of web application directory [D:\STUDY\Website-projects\Talksy-chat-app\Backend\apache-tomcat-10.1.52\apache-tomcat-10.1.52\webapps\docs] has finished in [277] ms
14-Mar-2026 20:02:54.917 INFO [main] org.apache.catalina.startup.HostConfig.deployDirectory Deploying web application directory [D:\STUDY\Website-projects\Talksy-chat-app\Backend\apache-tomcat-10.1.52\apache-tomcat-10.1.52\webapps\examples]
14-Mar-2026 20:02:55.417 INFO [main] org.apache.jasper.servlet.TldScanner.scanJars At least one JAR was scanned for TLDs yet contained no TLDs. Enable debug logging for this logger for a complete list of JARs that were scanned but no TLDs were found in them. Skipping unneeded JARs during scanning can improve startup time and JSP compilation time.
14-Mar-2026 20:02:55.465 INFO [main] org.apache.catalina.startup.HostConfig.deployDirectory Deployment of web application directory [D:\STUDY\Website-projects\Talksy-chat-app\Backend\apache-tomcat-10.1.52\apache-tomcat-10.1.52\webapps\examples] has finished in [548] ms
14-Mar-2026 20:02:55.466 INFO [main] org.apache.catalina.startup.HostConfig.deployDirectory Deploying web application directory [D:\STUDY\Website-projects\Talksy-chat-app\Backend\apache-tomcat-10.1.52\apache-tomcat-10.1.52\webapps\host-manager]
14-Mar-2026 20:02:55.739 INFO [main] org.apache.jasper.servlet.TldScanner.scanJars At least one JAR was scanned for TLDs yet contained no TLDs. Enable debug logging for this logger for a complete list of JARs that were scanned but no TLDs were found in them. Skipping unneeded JARs during scanning can improve startup time and JSP compilation time.
14-Mar-2026 20:02:55.770 INFO [main] org.apache.catalina.startup.HostConfig.deployDirectory Deployment of web application directory [D:\STUDY\Website-projects\Talksy-chat-app\Backend\apache-tomcat-10.1.52\apache-tomcat-10.1.52\webapps\host-manager] has finished in [304] ms
14-Mar-2026 20:02:55.770 INFO [main] org.apache.catalina.startup.HostConfig.deployDirectory Deploying web application directory [D:\STUDY\Website-projects\Talksy-chat-app\Backend\apache-tomcat-10.1.52\apache-tomcat-10.1.52\webapps\manager]
14-Mar-2026 20:02:55.999 INFO [main] org.apache.jasper.servlet.TldScanner.scanJars At least one JAR was scanned for TLDs yet contained no TLDs. Enable debug logging for this logger for a complete list of JARs that were scanned but no TLDs were found in them. Skipping unneeded JARs during scanning can improve startup time and JSP compilation time.
14-Mar-2026 20:02:56.004 INFO [main] org.apache.catalina.startup.HostConfig.deployDirectory Deployment of web application directory [D:\STUDY\Website-projects\Talksy-chat-app\Backend\apache-tomcat-10.1.52\apache-tomcat-10.1.52\webapps\manager] has finished in [233] ms
14-Mar-2026 20:02:56.004 INFO [main] org.apache.catalina.startup.HostConfig.deployDirectory Deploying web application directory [D:\STUDY\Website-projects\Talksy-chat-app\Backend\apache-tomcat-10.1.52\apache-tomcat-10.1.52\webapps\ROOT]
14-Mar-2026 20:02:56.218 INFO [main] org.apache.jasper.servlet.TldScanner.scanJars At least one JAR was scanned for TLDs yet contained no TLDs. Enable debug logging for this logger for a complete list of JARs that were scanned but no TLDs were found in them. Skipping unneeded JARs during scanning can improve startup time and JSP compilation time.
14-Mar-2026 20:02:56.222 INFO [main] org.apache.catalina.startup.HostConfig.deployDirectory Deployment of web application directory [D:\STUDY\Website-projects\Talksy-chat-app\Backend\apache-tomcat-10.1.52\apache-tomcat-10.1.52\webapps\ROOT] has finished in [218] ms
14-Mar-2026 20:02:56.227 INFO [main] org.apache.coyote.AbstractProtocol.start Starting ProtocolHandler ["http-nio-8080"]
14-Mar-2026 20:02:56.261 INFO [main] org.apache.catalina.startup.Catalina.start Server startup in [2421] milliseconds
14-Mar-2026 20:18:46.433 INFO [main] org.apache.catalina.startup.VersionLoggerListener.log Server version name:   Apache Tomcat/10.1.52
14-Mar-2026 20:18:46.438 INFO [main] org.apache.catalina.startup.VersionLoggerListener.log Server built:          Jan 23 2026 19:29:07 UTC
14-Mar-2026 20:18:46.440 INFO [main] org.apache.catalina.startup.VersionLoggerListener.log Server version number: 10.1.52.0
14-Mar-2026 20:18:46.440 INFO [main] org.apache.catalina.startup.VersionLoggerListener.log OS Name:               Windows 11
14-Mar-2026 20:18:46.441 INFO [main] org.apache.catalina.startup.VersionLoggerListener.log OS Version:            10.0
14-Mar-2026 20:18:46.441 INFO [main] org.apache.catalina.startup.VersionLoggerListener.log Architecture:          amd64
14-Mar-2026 20:18:46.441 INFO [main] org.apache.catalina.startup.VersionLoggerListener.log Java Home:             C:\Program Files\Java\jdk-25.0.2
14-Mar-2026 20:18:46.442 INFO [main] org.apache.catalina.startup.VersionLoggerListener.log JVM Version:           25.0.2+10-LTS-69
14-Mar-2026 20:18:46.442 INFO [main] org.apache.catalina.startup.VersionLoggerListener.log JVM Vendor:            Oracle Corporation
14-Mar-2026 20:18:46.442 INFO [main] org.apache.catalina.startup.VersionLoggerListener.log CATALINA_BASE:         D:\STUDY\Website-projects\Talksy-chat-app\Backend\apache-tomcat-10.1.52\apache-tomcat-10.1.52
14-Mar-2026 20:18:46.442 INFO [main] org.apache.catalina.startup.VersionLoggerListener.log CATALINA_HOME:         D:\STUDY\Website-projects\Talksy-chat-app\Backend\apache-tomcat-10.1.52\apache-tomcat-10.1.52
14-Mar-2026 20:18:46.462 INFO [main] org.apache.catalina.startup.VersionLoggerListener.log Command line argument: -Djava.util.logging.config.file=D:\STUDY\Website-projects\Talksy-chat-app\Backend\apache-tomcat-10.1.52\apache-tomcat-10.1.52\conf\logging.properties
14-Mar-2026 20:18:46.462 INFO [main] org.apache.catalina.startup.VersionLoggerListener.log Command line argument: -Djava.util.logging.manager=org.apache.juli.ClassLoaderLogManager
14-Mar-2026 20:18:46.463 INFO [main] org.apache.catalina.startup.VersionLoggerListener.log Command line argument: -Djdk.tls.ephemeralDHKeySize=2048
14-Mar-2026 20:18:46.463 INFO [main] org.apache.catalina.startup.VersionLoggerListener.log Command line argument: -Djava.protocol.handler.pkgs=org.apache.catalina.webresources
14-Mar-2026 20:18:46.463 INFO [main] org.apache.catalina.startup.VersionLoggerListener.log Command line argument: -Dsun.io.useCanonCaches=false
14-Mar-2026 20:18:46.463 INFO [main] org.apache.catalina.startup.VersionLoggerListener.log Command line argument: --add-opens=java.base/java.lang=ALL-UNNAMED
14-Mar-2026 20:18:46.463 INFO [main] org.apache.catalina.startup.VersionLoggerListener.log Command line argument: --add-opens=java.base/java.lang.reflect=ALL-UNNAMED
14-Mar-2026 20:18:46.463 INFO [main] org.apache.catalina.startup.VersionLoggerListener.log Command line argument: --add-opens=java.base/java.io=ALL-UNNAMED
14-Mar-2026 20:18:46.464 INFO [main] org.apache.catalina.startup.VersionLoggerListener.log Command line argument: --add-opens=java.base/java.util=ALL-UNNAMED
14-Mar-2026 20:18:46.464 INFO [main] org.apache.catalina.startup.VersionLoggerListener.log Command line argument: --add-opens=java.base/java.util.concurrent=ALL-UNNAMED
14-Mar-2026 20:18:46.464 INFO [main] org.apache.catalina.startup.VersionLoggerListener.log Command line argument: --add-opens=java.rmi/sun.rmi.transport=ALL-UNNAMED
14-Mar-2026 20:18:46.464 INFO [main] org.apache.catalina.startup.VersionLoggerListener.log Command line argument: -Dcatalina.base=D:\STUDY\Website-projects\Talksy-chat-app\Backend\apache-tomcat-10.1.52\apache-tomcat-10.1.52
14-Mar-2026 20:18:46.464 INFO [main] org.apache.catalina.startup.VersionLoggerListener.log Command line argument: -Dcatalina.home=D:\STUDY\Website-projects\Talksy-chat-app\Backend\apache-tomcat-10.1.52\apache-tomcat-10.1.52
14-Mar-2026 20:18:46.465 INFO [main] org.apache.catalina.startup.VersionLoggerListener.log Command line argument: -Djava.io.tmpdir=D:\STUDY\Website-projects\Talksy-chat-app\Backend\apache-tomcat-10.1.52\apache-tomcat-10.1.52\temp
14-Mar-2026 20:18:46.474 INFO [main] org.apache.catalina.core.AprLifecycleListener.lifecycleEvent The Apache Tomcat Native library which allows using OpenSSL was not found on the java.library.path: [C:\Program Files\Java\jdk-25.0.2\bin;C:\WINDOWS\Sun\Java\bin;C:\WINDOWS\system32;C:\WINDOWS;C:\Program Files\Common Files\Oracle\Java\javapath;C:\WINDOWS\system32;C:\WINDOWS;C:\WINDOWS\System32\Wbem;C:\WINDOWS\System32\WindowsPowerShell\v1.0\;C:\WINDOWS\System32\OpenSSH\;C:\ProgramData\chocolatey\bin;C:\Program Files (x86)\Microsoft SQL Server\100\Tools\Binn\;C:\Program Files\Microsoft SQL Server\100\Tools\Binn\;C:\Program Files\Microsoft SQL Server\100\DTS\Binn\;C:\Program Files\nodejs\;C:\Program Files\Java\jdk-25.0.2\bin;C:\Program Files\MySQL\MySQL Shell 8.0\bin\;C:\Users\HP\AppData\Local\Microsoft\WindowsApps;C:\Users\HP\AppData\Local\Programs\Microsoft VS Code\bin;C:\Users\HP\AppData\Local\Programs\Antigravity\bin;C:\Users\HP\AppData\Roaming\npm;.]
14-Mar-2026 20:18:46.850 INFO [main] org.apache.coyote.AbstractProtocol.init Initializing ProtocolHandler ["http-nio-8080"]
14-Mar-2026 20:18:46.891 INFO [main] org.apache.catalina.startup.Catalina.load Server initialization in [734] milliseconds
14-Mar-2026 20:18:46.949 INFO [main] org.apache.catalina.core.StandardService.startInternal Starting service [Catalina]
14-Mar-2026 20:18:46.950 INFO [main] org.apache.catalina.core.StandardEngine.startInternal Starting Servlet engine: [Apache Tomcat/10.1.52]
14-Mar-2026 20:18:46.961 INFO [main] org.apache.catalina.startup.HostConfig.deployDirectory Deploying web application directory [D:\STUDY\Website-projects\Talksy-chat-app\Backend\apache-tomcat-10.1.52\apache-tomcat-10.1.52\webapps\chatapp]
14-Mar-2026 20:18:47.626 INFO [main] org.apache.jasper.servlet.TldScanner.scanJars At least one JAR was scanned for TLDs yet contained no TLDs. Enable debug logging for this logger for a complete list of JARs that were scanned but no TLDs were found in them. Skipping unneeded JARs during scanning can improve startup time and JSP compilation time.
14-Mar-2026 20:18:47.709 INFO [main] org.apache.catalina.startup.HostConfig.deployDirectory Deployment of web application directory [D:\STUDY\Website-projects\Talksy-chat-app\Backend\apache-tomcat-10.1.52\apache-tomcat-10.1.52\webapps\chatapp] has finished in [743] ms
14-Mar-2026 20:18:47.710 INFO [main] org.apache.catalina.startup.HostConfig.deployDirectory Deploying web application directory [D:\STUDY\Website-projects\Talksy-chat-app\Backend\apache-tomcat-10.1.52\apache-tomcat-10.1.52\webapps\docs]
14-Mar-2026 20:18:47.978 INFO [main] org.apache.jasper.servlet.TldScanner.scanJars At least one JAR was scanned for TLDs yet contained no TLDs. Enable debug logging for this logger for a complete list of JARs that were scanned but no TLDs were found in them. Skipping unneeded JARs during scanning can improve startup time and JSP compilation time.
14-Mar-2026 20:18:47.984 INFO [main] org.apache.catalina.startup.HostConfig.deployDirectory Deployment of web application directory [D:\STUDY\Website-projects\Talksy-chat-app\Backend\apache-tomcat-10.1.52\apache-tomcat-10.1.52\webapps\docs] has finished in [274] ms
14-Mar-2026 20:18:47.985 INFO [main] org.apache.catalina.startup.HostConfig.deployDirectory Deploying web application directory [D:\STUDY\Website-projects\Talksy-chat-app\Backend\apache-tomcat-10.1.52\apache-tomcat-10.1.52\webapps\examples]
14-Mar-2026 20:18:48.557 INFO [main] org.apache.jasper.servlet.TldScanner.scanJars At least one JAR was scanned for TLDs yet contained no TLDs. Enable debug logging for this logger for a complete list of JARs that were scanned but no TLDs were found in them. Skipping unneeded JARs during scanning can improve startup time and JSP compilation time.
14-Mar-2026 20:18:48.616 INFO [main] org.apache.catalina.startup.HostConfig.deployDirectory Deployment of web application directory [D:\STUDY\Website-projects\Talksy-chat-app\Backend\apache-tomcat-10.1.52\apache-tomcat-10.1.52\webapps\examples] has finished in [631] ms
14-Mar-2026 20:18:48.617 INFO [main] org.apache.catalina.startup.HostConfig.deployDirectory Deploying web application directory [D:\STUDY\Website-projects\Talksy-chat-app\Backend\apache-tomcat-10.1.52\apache-tomcat-10.1.52\webapps\host-manager]
14-Mar-2026 20:18:48.871 INFO [main] org.apache.jasper.servlet.TldScanner.scanJars At least one JAR was scanned for TLDs yet contained no TLDs. Enable debug logging for this logger for a complete list of JARs that were scanned but no TLDs were found in them. Skipping unneeded JARs during scanning can improve startup time and JSP compilation time.
14-Mar-2026 20:18:48.889 INFO [main] org.apache.catalina.startup.HostConfig.deployDirectory Deployment of web application directory [D:\STUDY\Website-projects\Talksy-chat-app\Backend\apache-tomcat-10.1.52\apache-tomcat-10.1.52\webapps\host-manager] has finished in [272] ms
14-Mar-2026 20:18:48.890 INFO [main] org.apache.catalina.startup.HostConfig.deployDirectory Deploying web application directory [D:\STUDY\Website-projects\Talksy-chat-app\Backend\apache-tomcat-10.1.52\apache-tomcat-10.1.52\webapps\manager]
14-Mar-2026 20:18:49.120 INFO [main] org.apache.jasper.servlet.TldScanner.scanJars At least one JAR was scanned for TLDs yet contained no TLDs. Enable debug logging for this logger for a complete list of JARs that were scanned but no TLDs were found in them. Skipping unneeded JARs during scanning can improve startup time and JSP compilation time.
14-Mar-2026 20:18:49.128 INFO [main] org.apache.catalina.startup.HostConfig.deployDirectory Deployment of web application directory [D:\STUDY\Website-projects\Talksy-chat-app\Backend\apache-tomcat-10.1.52\apache-tomcat-10.1.52\webapps\manager] has finished in [238] ms
14-Mar-2026 20:18:49.128 INFO [main] org.apache.catalina.startup.HostConfig.deployDirectory Deploying web application directory [D:\STUDY\Website-projects\Talksy-chat-app\Backend\apache-tomcat-10.1.52\apache-tomcat-10.1.52\webapps\ROOT]
14-Mar-2026 20:18:49.350 INFO [main] org.apache.jasper.servlet.TldScanner.scanJars At least one JAR was scanned for TLDs yet contained no TLDs. Enable debug logging for this logger for a complete list of JARs that were scanned but no TLDs were found in them. Skipping unneeded JARs during scanning can improve startup time and JSP compilation time.
14-Mar-2026 20:18:49.354 INFO [main] org.apache.catalina.startup.HostConfig.deployDirectory Deployment of web application directory [D:\STUDY\Website-projects\Talksy-chat-app\Backend\apache-tomcat-10.1.52\apache-tomcat-10.1.52\webapps\ROOT] has finished in [226] ms
14-Mar-2026 20:18:49.357 INFO [main] org.apache.coyote.AbstractProtocol.start Starting ProtocolHandler ["http-nio-8080"]
14-Mar-2026 20:18:49.406 INFO [main] org.apache.catalina.startup.Catalina.start Server startup in [2511] milliseconds
14-Mar-2026 20:27:22.643 INFO [main] org.apache.catalina.startup.VersionLoggerListener.log Server version name:   Apache Tomcat/10.1.52
14-Mar-2026 20:27:22.647 INFO [main] org.apache.catalina.startup.VersionLoggerListener.log Server built:          Jan 23 2026 19:29:07 UTC
14-Mar-2026 20:27:22.648 INFO [main] org.apache.catalina.startup.VersionLoggerListener.log Server version number: 10.1.52.0
14-Mar-2026 20:27:22.648 INFO [main] org.apache.catalina.startup.VersionLoggerListener.log OS Name:               Windows 11
14-Mar-2026 20:27:22.648 INFO [main] org.apache.catalina.startup.VersionLoggerListener.log OS Version:            10.0
14-Mar-2026 20:27:22.649 INFO [main] org.apache.catalina.startup.VersionLoggerListener.log Architecture:          amd64
14-Mar-2026 20:27:22.649 INFO [main] org.apache.catalina.startup.VersionLoggerListener.log Java Home:             C:\Program Files\Java\jdk-25.0.2
14-Mar-2026 20:27:22.649 INFO [main] org.apache.catalina.startup.VersionLoggerListener.log JVM Version:           25.0.2+10-LTS-69
14-Mar-2026 20:27:22.649 INFO [main] org.apache.catalina.startup.VersionLoggerListener.log JVM Vendor:            Oracle Corporation
14-Mar-2026 20:27:22.649 INFO [main] org.apache.catalina.startup.VersionLoggerListener.log CATALINA_BASE:         D:\STUDY\Website-projects\Talksy-chat-app\Backend\apache-tomcat-10.1.52\apache-tomcat-10.1.52
14-Mar-2026 20:27:22.650 INFO [main] org.apache.catalina.startup.VersionLoggerListener.log CATALINA_HOME:         D:\STUDY\Website-projects\Talksy-chat-app\Backend\apache-tomcat-10.1.52\apache-tomcat-10.1.52
14-Mar-2026 20:27:22.674 INFO [main] org.apache.catalina.startup.VersionLoggerListener.log Command line argument: -Djava.util.logging.config.file=D:\STUDY\Website-projects\Talksy-chat-app\Backend\apache-tomcat-10.1.52\apache-tomcat-10.1.52\conf\logging.properties
14-Mar-2026 20:27:22.674 INFO [main] org.apache.catalina.startup.VersionLoggerListener.log Command line argument: -Djava.util.logging.manager=org.apache.juli.ClassLoaderLogManager
14-Mar-2026 20:27:22.674 INFO [main] org.apache.catalina.startup.VersionLoggerListener.log Command line argument: -Djdk.tls.ephemeralDHKeySize=2048
14-Mar-2026 20:27:22.675 INFO [main] org.apache.catalina.startup.VersionLoggerListener.log Command line argument: -Djava.protocol.handler.pkgs=org.apache.catalina.webresources
14-Mar-2026 20:27:22.675 INFO [main] org.apache.catalina.startup.VersionLoggerListener.log Command line argument: -Dsun.io.useCanonCaches=false
14-Mar-2026 20:27:22.675 INFO [main] org.apache.catalina.startup.VersionLoggerListener.log Command line argument: --add-opens=java.base/java.lang=ALL-UNNAMED
14-Mar-2026 20:27:22.676 INFO [main] org.apache.catalina.startup.VersionLoggerListener.log Command line argument: --add-opens=java.base/java.lang.reflect=ALL-UNNAMED
14-Mar-2026 20:27:22.676 INFO [main] org.apache.catalina.startup.VersionLoggerListener.log Command line argument: --add-opens=java.base/java.io=ALL-UNNAMED
14-Mar-2026 20:27:22.676 INFO [main] org.apache.catalina.startup.VersionLoggerListener.log Command line argument: --add-opens=java.base/java.util=ALL-UNNAMED
14-Mar-2026 20:27:22.676 INFO [main] org.apache.catalina.startup.VersionLoggerListener.log Command line argument: --add-opens=java.base/java.util.concurrent=ALL-UNNAMED
14-Mar-2026 20:27:22.677 INFO [main] org.apache.catalina.startup.VersionLoggerListener.log Command line argument: --add-opens=java.rmi/sun.rmi.transport=ALL-UNNAMED
14-Mar-2026 20:27:22.677 INFO [main] org.apache.catalina.startup.VersionLoggerListener.log Command line argument: -Dcatalina.base=D:\STUDY\Website-projects\Talksy-chat-app\Backend\apache-tomcat-10.1.52\apache-tomcat-10.1.52
14-Mar-2026 20:27:22.677 INFO [main] org.apache.catalina.startup.VersionLoggerListener.log Command line argument: -Dcatalina.home=D:\STUDY\Website-projects\Talksy-chat-app\Backend\apache-tomcat-10.1.52\apache-tomcat-10.1.52
14-Mar-2026 20:27:22.677 INFO [main] org.apache.catalina.startup.VersionLoggerListener.log Command line argument: -Djava.io.tmpdir=D:\STUDY\Website-projects\Talksy-chat-app\Backend\apache-tomcat-10.1.52\apache-tomcat-10.1.52\temp
14-Mar-2026 20:27:22.686 INFO [main] org.apache.catalina.core.AprLifecycleListener.lifecycleEvent The Apache Tomcat Native library which allows using OpenSSL was not found on the java.library.path: [C:\Program Files\Java\jdk-25.0.2\bin;C:\WINDOWS\Sun\Java\bin;C:\WINDOWS\system32;C:\WINDOWS;C:\Program Files\Common Files\Oracle\Java\javapath;C:\WINDOWS\system32;C:\WINDOWS;C:\WINDOWS\System32\Wbem;C:\WINDOWS\System32\WindowsPowerShell\v1.0\;C:\WINDOWS\System32\OpenSSH\;C:\ProgramData\chocolatey\bin;C:\Program Files (x86)\Microsoft SQL Server\100\Tools\Binn\;C:\Program Files\Microsoft SQL Server\100\Tools\Binn\;C:\Program Files\Microsoft SQL Server\100\DTS\Binn\;C:\Program Files\nodejs\;C:\Program Files\Java\jdk-25.0.2\bin;C:\Program Files\MySQL\MySQL Shell 8.0\bin\;C:\Users\HP\AppData\Local\Microsoft\WindowsApps;C:\Users\HP\AppData\Local\Programs\Microsoft VS Code\bin;C:\Users\HP\AppData\Local\Programs\Antigravity\bin;C:\Users\HP\AppData\Roaming\npm;.]
14-Mar-2026 20:27:23.029 INFO [main] org.apache.coyote.AbstractProtocol.init Initializing ProtocolHandler ["http-nio-8080"]
14-Mar-2026 20:27:23.066 INFO [main] org.apache.catalina.startup.Catalina.load Server initialization in [653] milliseconds
14-Mar-2026 20:27:23.133 INFO [main] org.apache.catalina.core.StandardService.startInternal Starting service [Catalina]
14-Mar-2026 20:27:23.133 INFO [main] org.apache.catalina.core.StandardEngine.startInternal Starting Servlet engine: [Apache Tomcat/10.1.52]
14-Mar-2026 20:27:23.145 INFO [main] org.apache.catalina.startup.HostConfig.deployDirectory Deploying web application directory [D:\STUDY\Website-projects\Talksy-chat-app\Backend\apache-tomcat-10.1.52\apache-tomcat-10.1.52\webapps\chatapp]
14-Mar-2026 20:27:23.889 INFO [main] org.apache.jasper.servlet.TldScanner.scanJars At least one JAR was scanned for TLDs yet contained no TLDs. Enable debug logging for this logger for a complete list of JARs that were scanned but no TLDs were found in them. Skipping unneeded JARs during scanning can improve startup time and JSP compilation time.
14-Mar-2026 20:27:23.980 INFO [main] org.apache.catalina.startup.HostConfig.deployDirectory Deployment of web application directory [D:\STUDY\Website-projects\Talksy-chat-app\Backend\apache-tomcat-10.1.52\apache-tomcat-10.1.52\webapps\chatapp] has finished in [832] ms
14-Mar-2026 20:27:23.981 INFO [main] org.apache.catalina.startup.HostConfig.deployDirectory Deploying web application directory [D:\STUDY\Website-projects\Talksy-chat-app\Backend\apache-tomcat-10.1.52\apache-tomcat-10.1.52\webapps\docs]
14-Mar-2026 20:27:24.250 INFO [main] org.apache.jasper.servlet.TldScanner.scanJars At least one JAR was scanned for TLDs yet contained no TLDs. Enable debug logging for this logger for a complete list of JARs that were scanned but no TLDs were found in them. Skipping unneeded JARs during scanning can improve startup time and JSP compilation time.
14-Mar-2026 20:27:24.257 INFO [main] org.apache.catalina.startup.HostConfig.deployDirectory Deployment of web application directory [D:\STUDY\Website-projects\Talksy-chat-app\Backend\apache-tomcat-10.1.52\apache-tomcat-10.1.52\webapps\docs] has finished in [275] ms
14-Mar-2026 20:27:24.257 INFO [main] org.apache.catalina.startup.HostConfig.deployDirectory Deploying web application directory [D:\STUDY\Website-projects\Talksy-chat-app\Backend\apache-tomcat-10.1.52\apache-tomcat-10.1.52\webapps\examples]
14-Mar-2026 20:27:24.873 INFO [main] org.apache.jasper.servlet.TldScanner.scanJars At least one JAR was scanned for TLDs yet contained no TLDs. Enable debug logging for this logger for a complete list of JARs that were scanned but no TLDs were found in them. Skipping unneeded JARs during scanning can improve startup time and JSP compilation time.
14-Mar-2026 20:27:24.920 INFO [main] org.apache.catalina.startup.HostConfig.deployDirectory Deployment of web application directory [D:\STUDY\Website-projects\Talksy-chat-app\Backend\apache-tomcat-10.1.52\apache-tomcat-10.1.52\webapps\examples] has finished in [663] ms
14-Mar-2026 20:27:24.921 INFO [main] org.apache.catalina.startup.HostConfig.deployDirectory Deploying web application directory [D:\STUDY\Website-projects\Talksy-chat-app\Backend\apache-tomcat-10.1.52\apache-tomcat-10.1.52\webapps\host-manager]
14-Mar-2026 20:27:25.179 INFO [main] org.apache.jasper.servlet.TldScanner.scanJars At least one JAR was scanned for TLDs yet contained no TLDs. Enable debug logging for this logger for a complete list of JARs that were scanned but no TLDs were found in them. Skipping unneeded JARs during scanning can improve startup time and JSP compilation time.
14-Mar-2026 20:27:25.212 INFO [main] org.apache.catalina.startup.HostConfig.deployDirectory Deployment of web application directory [D:\STUDY\Website-projects\Talksy-chat-app\Backend\apache-tomcat-10.1.52\apache-tomcat-10.1.52\webapps\host-manager] has finished in [291] ms
14-Mar-2026 20:27:25.213 INFO [main] org.apache.catalina.startup.HostConfig.deployDirectory Deploying web application directory [D:\STUDY\Website-projects\Talksy-chat-app\Backend\apache-tomcat-10.1.52\apache-tomcat-10.1.52\webapps\manager]
14-Mar-2026 20:27:25.474 INFO [main] org.apache.jasper.servlet.TldScanner.scanJars At least one JAR was scanned for TLDs yet contained no TLDs. Enable debug logging for this logger for a complete list of JARs that were scanned but no TLDs were found in them. Skipping unneeded JARs during scanning can improve startup time and JSP compilation time.
14-Mar-2026 20:27:25.479 INFO [main] org.apache.catalina.startup.HostConfig.deployDirectory Deployment of web application directory [D:\STUDY\Website-projects\Talksy-chat-app\Backend\apache-tomcat-10.1.52\apache-tomcat-10.1.52\webapps\manager] has finished in [265] ms
14-Mar-2026 20:27:25.479 INFO [main] org.apache.catalina.startup.HostConfig.deployDirectory Deploying web application directory [D:\STUDY\Website-projects\Talksy-chat-app\Backend\apache-tomcat-10.1.52\apache-tomcat-10.1.52\webapps\ROOT]
14-Mar-2026 20:27:25.699 INFO [main] org.apache.jasper.servlet.TldScanner.scanJars At least one JAR was scanned for TLDs yet contained no TLDs. Enable debug logging for this logger for a complete list of JARs that were scanned but no TLDs were found in them. Skipping unneeded JARs during scanning can improve startup time and JSP compilation time.
14-Mar-2026 20:27:25.704 INFO [main] org.apache.catalina.startup.HostConfig.deployDirectory Deployment of web application directory [D:\STUDY\Website-projects\Talksy-chat-app\Backend\apache-tomcat-10.1.52\apache-tomcat-10.1.52\webapps\ROOT] has finished in [225] ms
14-Mar-2026 20:27:25.708 INFO [main] org.apache.coyote.AbstractProtocol.start Starting ProtocolHandler ["http-nio-8080"]
14-Mar-2026 20:27:25.778 INFO [main] org.apache.catalina.startup.Catalina.start Server startup in [2708] milliseconds
14-Mar-2026 20:33:49.147 INFO [main] org.apache.catalina.startup.VersionLoggerListener.log Server version name:   Apache Tomcat/10.1.52
14-Mar-2026 20:33:49.155 INFO [main] org.apache.catalina.startup.VersionLoggerListener.log Server built:          Jan 23 2026 19:29:07 UTC
14-Mar-2026 20:33:49.157 INFO [main] org.apache.catalina.startup.VersionLoggerListener.log Server version number: 10.1.52.0
14-Mar-2026 20:33:49.158 INFO [main] org.apache.catalina.startup.VersionLoggerListener.log OS Name:               Windows 11
14-Mar-2026 20:33:49.158 INFO [main] org.apache.catalina.startup.VersionLoggerListener.log OS Version:            10.0
14-Mar-2026 20:33:49.159 INFO [main] org.apache.catalina.startup.VersionLoggerListener.log Architecture:          amd64
14-Mar-2026 20:33:49.159 INFO [main] org.apache.catalina.startup.VersionLoggerListener.log Java Home:             C:\Program Files\Java\jdk-25.0.2
14-Mar-2026 20:33:49.160 INFO [main] org.apache.catalina.startup.VersionLoggerListener.log JVM Version:           25.0.2+10-LTS-69
14-Mar-2026 20:33:49.161 INFO [main] org.apache.catalina.startup.VersionLoggerListener.log JVM Vendor:            Oracle Corporation
14-Mar-2026 20:33:49.161 INFO [main] org.apache.catalina.startup.VersionLoggerListener.log CATALINA_BASE:         D:\STUDY\Website-projects\Talksy-chat-app\Backend\apache-tomcat-10.1.52\apache-tomcat-10.1.52
14-Mar-2026 20:33:49.162 INFO [main] org.apache.catalina.startup.VersionLoggerListener.log CATALINA_HOME:         D:\STUDY\Website-projects\Talksy-chat-app\Backend\apache-tomcat-10.1.52\apache-tomcat-10.1.52
14-Mar-2026 20:33:49.190 INFO [main] org.apache.catalina.startup.VersionLoggerListener.log Command line argument: -Djava.util.logging.config.file=D:\STUDY\Website-projects\Talksy-chat-app\Backend\apache-tomcat-10.1.52\apache-tomcat-10.1.52\conf\logging.properties
14-Mar-2026 20:33:49.191 INFO [main] org.apache.catalina.startup.VersionLoggerListener.log Command line argument: -Djava.util.logging.manager=org.apache.juli.ClassLoaderLogManager
14-Mar-2026 20:33:49.191 INFO [main] org.apache.catalina.startup.VersionLoggerListener.log Command line argument: -Djdk.tls.ephemeralDHKeySize=2048
14-Mar-2026 20:33:49.192 INFO [main] org.apache.catalina.startup.VersionLoggerListener.log Command line argument: -Djava.protocol.handler.pkgs=org.apache.catalina.webresources
14-Mar-2026 20:33:49.192 INFO [main] org.apache.catalina.startup.VersionLoggerListener.log Command line argument: -Dsun.io.useCanonCaches=false
14-Mar-2026 20:33:49.193 INFO [main] org.apache.catalina.startup.VersionLoggerListener.log Command line argument: --add-opens=java.base/java.lang=ALL-UNNAMED
14-Mar-2026 20:33:49.194 INFO [main] org.apache.catalina.startup.VersionLoggerListener.log Command line argument: --add-opens=java.base/java.lang.reflect=ALL-UNNAMED
14-Mar-2026 20:33:49.194 INFO [main] org.apache.catalina.startup.VersionLoggerListener.log Command line argument: --add-opens=java.base/java.io=ALL-UNNAMED
14-Mar-2026 20:33:49.195 INFO [main] org.apache.catalina.startup.VersionLoggerListener.log Command line argument: --add-opens=java.base/java.util=ALL-UNNAMED
14-Mar-2026 20:33:49.196 INFO [main] org.apache.catalina.startup.VersionLoggerListener.log Command line argument: --add-opens=java.base/java.util.concurrent=ALL-UNNAMED
14-Mar-2026 20:33:49.196 INFO [main] org.apache.catalina.startup.VersionLoggerListener.log Command line argument: --add-opens=java.rmi/sun.rmi.transport=ALL-UNNAMED
14-Mar-2026 20:33:49.197 INFO [main] org.apache.catalina.startup.VersionLoggerListener.log Command line argument: -Dcatalina.base=D:\STUDY\Website-projects\Talksy-chat-app\Backend\apache-tomcat-10.1.52\apache-tomcat-10.1.52
14-Mar-2026 20:33:49.197 INFO [main] org.apache.catalina.startup.VersionLoggerListener.log Command line argument: -Dcatalina.home=D:\STUDY\Website-projects\Talksy-chat-app\Backend\apache-tomcat-10.1.52\apache-tomcat-10.1.52
14-Mar-2026 20:33:49.199 INFO [main] org.apache.catalina.startup.VersionLoggerListener.log Command line argument: -Djava.io.tmpdir=D:\STUDY\Website-projects\Talksy-chat-app\Backend\apache-tomcat-10.1.52\apache-tomcat-10.1.52\temp
14-Mar-2026 20:33:49.210 INFO [main] org.apache.catalina.core.AprLifecycleListener.lifecycleEvent The Apache Tomcat Native library which allows using OpenSSL was not found on the java.library.path: [C:\Program Files\Java\jdk-25.0.2\bin;C:\WINDOWS\Sun\Java\bin;C:\WINDOWS\system32;C:\WINDOWS;C:\Program Files\Common Files\Oracle\Java\javapath;C:\WINDOWS\system32;C:\WINDOWS;C:\WINDOWS\System32\Wbem;C:\WINDOWS\System32\WindowsPowerShell\v1.0\;C:\WINDOWS\System32\OpenSSH\;C:\ProgramData\chocolatey\bin;C:\Program Files (x86)\Microsoft SQL Server\100\Tools\Binn\;C:\Program Files\Microsoft SQL Server\100\Tools\Binn\;C:\Program Files\Microsoft SQL Server\100\DTS\Binn\;C:\Program Files\nodejs\;C:\Program Files\Java\jdk-25.0.2\bin;C:\Program Files\MySQL\MySQL Shell 8.0\bin\;C:\Users\HP\AppData\Local\Microsoft\WindowsApps;C:\Users\HP\AppData\Local\Programs\Microsoft VS Code\bin;C:\Users\HP\AppData\Local\Programs\Antigravity\bin;C:\Users\HP\AppData\Roaming\npm;.]
14-Mar-2026 20:33:49.750 INFO [main] org.apache.coyote.AbstractProtocol.init Initializing ProtocolHandler ["http-nio-8080"]
14-Mar-2026 20:33:49.794 INFO [main] org.apache.catalina.startup.Catalina.load Server initialization in [1031] milliseconds
14-Mar-2026 20:33:49.870 INFO [main] org.apache.catalina.core.StandardService.startInternal Starting service [Catalina]
14-Mar-2026 20:33:49.870 INFO [main] org.apache.catalina.core.StandardEngine.startInternal Starting Servlet engine: [Apache Tomcat/10.1.52]
14-Mar-2026 20:33:49.886 INFO [main] org.apache.catalina.startup.HostConfig.deployDirectory Deploying web application directory [D:\STUDY\Website-projects\Talksy-chat-app\Backend\apache-tomcat-10.1.52\apache-tomcat-10.1.52\webapps\chatapp]
14-Mar-2026 20:33:50.801 INFO [main] org.apache.jasper.servlet.TldScanner.scanJars At least one JAR was scanned for TLDs yet contained no TLDs. Enable debug logging for this logger for a complete list of JARs that were scanned but no TLDs were found in them. Skipping unneeded JARs during scanning can improve startup time and JSP compilation time.
14-Mar-2026 20:33:50.891 INFO [main] org.apache.catalina.startup.HostConfig.deployDirectory Deployment of web application directory [D:\STUDY\Website-projects\Talksy-chat-app\Backend\apache-tomcat-10.1.52\apache-tomcat-10.1.52\webapps\chatapp] has finished in [1,001] ms
14-Mar-2026 20:33:50.891 INFO [main] org.apache.catalina.startup.HostConfig.deployDirectory Deploying web application directory [D:\STUDY\Website-projects\Talksy-chat-app\Backend\apache-tomcat-10.1.52\apache-tomcat-10.1.52\webapps\docs]
14-Mar-2026 20:33:51.204 INFO [main] org.apache.jasper.servlet.TldScanner.scanJars At least one JAR was scanned for TLDs yet contained no TLDs. Enable debug logging for this logger for a complete list of JARs that were scanned but no TLDs were found in them. Skipping unneeded JARs during scanning can improve startup time and JSP compilation time.
14-Mar-2026 20:33:51.211 INFO [main] org.apache.catalina.startup.HostConfig.deployDirectory Deployment of web application directory [D:\STUDY\Website-projects\Talksy-chat-app\Backend\apache-tomcat-10.1.52\apache-tomcat-10.1.52\webapps\docs] has finished in [320] ms
14-Mar-2026 20:33:51.212 INFO [main] org.apache.catalina.startup.HostConfig.deployDirectory Deploying web application directory [D:\STUDY\Website-projects\Talksy-chat-app\Backend\apache-tomcat-10.1.52\apache-tomcat-10.1.52\webapps\examples]
14-Mar-2026 20:33:51.813 INFO [main] org.apache.jasper.servlet.TldScanner.scanJars At least one JAR was scanned for TLDs yet contained no TLDs. Enable debug logging for this logger for a complete list of JARs that were scanned but no TLDs were found in them. Skipping unneeded JARs during scanning can improve startup time and JSP compilation time.
14-Mar-2026 20:33:51.871 INFO [main] org.apache.catalina.startup.HostConfig.deployDirectory Deployment of web application directory [D:\STUDY\Website-projects\Talksy-chat-app\Backend\apache-tomcat-10.1.52\apache-tomcat-10.1.52\webapps\examples] has finished in [659] ms
14-Mar-2026 20:33:51.871 INFO [main] org.apache.catalina.startup.HostConfig.deployDirectory Deploying web application directory [D:\STUDY\Website-projects\Talksy-chat-app\Backend\apache-tomcat-10.1.52\apache-tomcat-10.1.52\webapps\host-manager]
14-Mar-2026 20:33:52.131 INFO [main] org.apache.jasper.servlet.TldScanner.scanJars At least one JAR was scanned for TLDs yet contained no TLDs. Enable debug logging for this logger for a complete list of JARs that were scanned but no TLDs were found in them. Skipping unneeded JARs during scanning can improve startup time and JSP compilation time.
14-Mar-2026 20:33:52.166 INFO [main] org.apache.catalina.startup.HostConfig.deployDirectory Deployment of web application directory [D:\STUDY\Website-projects\Talksy-chat-app\Backend\apache-tomcat-10.1.52\apache-tomcat-10.1.52\webapps\host-manager] has finished in [294] ms
14-Mar-2026 20:33:52.166 INFO [main] org.apache.catalina.startup.HostConfig.deployDirectory Deploying web application directory [D:\STUDY\Website-projects\Talksy-chat-app\Backend\apache-tomcat-10.1.52\apache-tomcat-10.1.52\webapps\manager]
14-Mar-2026 20:33:52.391 INFO [main] org.apache.jasper.servlet.TldScanner.scanJars At least one JAR was scanned for TLDs yet contained no TLDs. Enable debug logging for this logger for a complete list of JARs that were scanned but no TLDs were found in them. Skipping unneeded JARs during scanning can improve startup time and JSP compilation time.
14-Mar-2026 20:33:52.397 INFO [main] org.apache.catalina.startup.HostConfig.deployDirectory Deployment of web application directory [D:\STUDY\Website-projects\Talksy-chat-app\Backend\apache-tomcat-10.1.52\apache-tomcat-10.1.52\webapps\manager] has finished in [231] ms
14-Mar-2026 20:33:52.398 INFO [main] org.apache.catalina.startup.HostConfig.deployDirectory Deploying web application directory [D:\STUDY\Website-projects\Talksy-chat-app\Backend\apache-tomcat-10.1.52\apache-tomcat-10.1.52\webapps\ROOT]
14-Mar-2026 20:33:52.622 INFO [main] org.apache.jasper.servlet.TldScanner.scanJars At least one JAR was scanned for TLDs yet contained no TLDs. Enable debug logging for this logger for a complete list of JARs that were scanned but no TLDs were found in them. Skipping unneeded JARs during scanning can improve startup time and JSP compilation time.
14-Mar-2026 20:33:52.629 INFO [main] org.apache.catalina.startup.HostConfig.deployDirectory Deployment of web application directory [D:\STUDY\Website-projects\Talksy-chat-app\Backend\apache-tomcat-10.1.52\apache-tomcat-10.1.52\webapps\ROOT] has finished in [231] ms
14-Mar-2026 20:33:52.633 INFO [main] org.apache.coyote.AbstractProtocol.start Starting ProtocolHandler ["http-nio-8080"]
14-Mar-2026 20:33:52.692 INFO [main] org.apache.catalina.startup.Catalina.start Server startup in [2893] milliseconds
14-Mar-2026 21:44:02.618 INFO [main] org.apache.catalina.startup.VersionLoggerListener.log Server version name:   Apache Tomcat/10.1.52
14-Mar-2026 21:44:02.621 INFO [main] org.apache.catalina.startup.VersionLoggerListener.log Server built:          Jan 23 2026 19:29:07 UTC
14-Mar-2026 21:44:02.622 INFO [main] org.apache.catalina.startup.VersionLoggerListener.log Server version number: 10.1.52.0
14-Mar-2026 21:44:02.622 INFO [main] org.apache.catalina.startup.VersionLoggerListener.log OS Name:               Windows 11
14-Mar-2026 21:44:02.622 INFO [main] org.apache.catalina.startup.VersionLoggerListener.log OS Version:            10.0
14-Mar-2026 21:44:02.622 INFO [main] org.apache.catalina.startup.VersionLoggerListener.log Architecture:          amd64
14-Mar-2026 21:44:02.623 INFO [main] org.apache.catalina.startup.VersionLoggerListener.log Java Home:             C:\Program Files\Java\jdk-25.0.2
14-Mar-2026 21:44:02.623 INFO [main] org.apache.catalina.startup.VersionLoggerListener.log JVM Version:           25.0.2+10-LTS-69
14-Mar-2026 21:44:02.623 INFO [main] org.apache.catalina.startup.VersionLoggerListener.log JVM Vendor:            Oracle Corporation
14-Mar-2026 21:44:02.624 INFO [main] org.apache.catalina.startup.VersionLoggerListener.log CATALINA_BASE:         D:\STUDY\Website-projects\Talksy-chat-app\Backend\apache-tomcat-10.1.52\apache-tomcat-10.1.52
14-Mar-2026 21:44:02.624 INFO [main] org.apache.catalina.startup.VersionLoggerListener.log CATALINA_HOME:         D:\STUDY\Website-projects\Talksy-chat-app\Backend\apache-tomcat-10.1.52\apache-tomcat-10.1.52
14-Mar-2026 21:44:02.644 INFO [main] org.apache.catalina.startup.VersionLoggerListener.log Command line argument: -Djava.util.logging.config.file=D:\STUDY\Website-projects\Talksy-chat-app\Backend\apache-tomcat-10.1.52\apache-tomcat-10.1.52\conf\logging.properties
14-Mar-2026 21:44:02.645 INFO [main] org.apache.catalina.startup.VersionLoggerListener.log Command line argument: -Djava.util.logging.manager=org.apache.juli.ClassLoaderLogManager
14-Mar-2026 21:44:02.645 INFO [main] org.apache.catalina.startup.VersionLoggerListener.log Command line argument: -Djdk.tls.ephemeralDHKeySize=2048
14-Mar-2026 21:44:02.645 INFO [main] org.apache.catalina.startup.VersionLoggerListener.log Command line argument: -Djava.protocol.handler.pkgs=org.apache.catalina.webresources
14-Mar-2026 21:44:02.646 INFO [main] org.apache.catalina.startup.VersionLoggerListener.log Command line argument: -Dsun.io.useCanonCaches=false
14-Mar-2026 21:44:02.646 INFO [main] org.apache.catalina.startup.VersionLoggerListener.log Command line argument: --add-opens=java.base/java.lang=ALL-UNNAMED
14-Mar-2026 21:44:02.646 INFO [main] org.apache.catalina.startup.VersionLoggerListener.log Command line argument: --add-opens=java.base/java.lang.reflect=ALL-UNNAMED
14-Mar-2026 21:44:02.647 INFO [main] org.apache.catalina.startup.VersionLoggerListener.log Command line argument: --add-opens=java.base/java.io=ALL-UNNAMED
14-Mar-2026 21:44:02.647 INFO [main] org.apache.catalina.startup.VersionLoggerListener.log Command line argument: --add-opens=java.base/java.util=ALL-UNNAMED
14-Mar-2026 21:44:02.647 INFO [main] org.apache.catalina.startup.VersionLoggerListener.log Command line argument: --add-opens=java.base/java.util.concurrent=ALL-UNNAMED
14-Mar-2026 21:44:02.647 INFO [main] org.apache.catalina.startup.VersionLoggerListener.log Command line argument: --add-opens=java.rmi/sun.rmi.transport=ALL-UNNAMED
14-Mar-2026 21:44:02.648 INFO [main] org.apache.catalina.startup.VersionLoggerListener.log Command line argument: -Dcatalina.base=D:\STUDY\Website-projects\Talksy-chat-app\Backend\apache-tomcat-10.1.52\apache-tomcat-10.1.52
14-Mar-2026 21:44:02.648 INFO [main] org.apache.catalina.startup.VersionLoggerListener.log Command line argument: -Dcatalina.home=D:\STUDY\Website-projects\Talksy-chat-app\Backend\apache-tomcat-10.1.52\apache-tomcat-10.1.52
14-Mar-2026 21:44:02.648 INFO [main] org.apache.catalina.startup.VersionLoggerListener.log Command line argument: -Djava.io.tmpdir=D:\STUDY\Website-projects\Talksy-chat-app\Backend\apache-tomcat-10.1.52\apache-tomcat-10.1.52\temp
14-Mar-2026 21:44:02.660 INFO [main] org.apache.catalina.core.AprLifecycleListener.lifecycleEvent The Apache Tomcat Native library which allows using OpenSSL was not found on the java.library.path: [C:\Program Files\Java\jdk-25.0.2\bin;C:\WINDOWS\Sun\Java\bin;C:\WINDOWS\system32;C:\WINDOWS;C:\Program Files\Common Files\Oracle\Java\javapath;C:\WINDOWS\system32;C:\WINDOWS;C:\WINDOWS\System32\Wbem;C:\WINDOWS\System32\WindowsPowerShell\v1.0\;C:\WINDOWS\System32\OpenSSH\;C:\ProgramData\chocolatey\bin;C:\Program Files (x86)\Microsoft SQL Server\100\Tools\Binn\;C:\Program Files\Microsoft SQL Server\100\Tools\Binn\;C:\Program Files\Microsoft SQL Server\100\DTS\Binn\;C:\Program Files\nodejs\;C:\Program Files\Java\jdk-25.0.2\bin;C:\Program Files\MySQL\MySQL Shell 8.0\bin\;C:\Users\HP\AppData\Local\Microsoft\WindowsApps;C:\Users\HP\AppData\Local\Programs\Microsoft VS Code\bin;C:\Users\HP\AppData\Local\Programs\Antigravity\bin;C:\Users\HP\AppData\Roaming\npm;.]
14-Mar-2026 21:44:03.015 INFO [main] org.apache.coyote.AbstractProtocol.init Initializing ProtocolHandler ["http-nio-8080"]
14-Mar-2026 21:44:03.055 INFO [main] org.apache.catalina.startup.Catalina.load Server initialization in [771] milliseconds
14-Mar-2026 21:44:03.120 INFO [main] org.apache.catalina.core.StandardService.startInternal Starting service [Catalina]
14-Mar-2026 21:44:03.121 INFO [main] org.apache.catalina.core.StandardEngine.startInternal Starting Servlet engine: [Apache Tomcat/10.1.52]
14-Mar-2026 21:44:03.134 INFO [main] org.apache.catalina.startup.HostConfig.deployDirectory Deploying web application directory [D:\STUDY\Website-projects\Talksy-chat-app\Backend\apache-tomcat-10.1.52\apache-tomcat-10.1.52\webapps\chatapp]
14-Mar-2026 21:44:03.876 INFO [main] org.apache.jasper.servlet.TldScanner.scanJars At least one JAR was scanned for TLDs yet contained no TLDs. Enable debug logging for this logger for a complete list of JARs that were scanned but no TLDs were found in them. Skipping unneeded JARs during scanning can improve startup time and JSP compilation time.
14-Mar-2026 21:44:03.987 INFO [main] org.apache.catalina.startup.HostConfig.deployDirectory Deployment of web application directory [D:\STUDY\Website-projects\Talksy-chat-app\Backend\apache-tomcat-10.1.52\apache-tomcat-10.1.52\webapps\chatapp] has finished in [849] ms
14-Mar-2026 21:44:03.987 INFO [main] org.apache.catalina.startup.HostConfig.deployDirectory Deploying web application directory [D:\STUDY\Website-projects\Talksy-chat-app\Backend\apache-tomcat-10.1.52\apache-tomcat-10.1.52\webapps\docs]
14-Mar-2026 21:44:04.272 INFO [main] org.apache.jasper.servlet.TldScanner.scanJars At least one JAR was scanned for TLDs yet contained no TLDs. Enable debug logging for this logger for a complete list of JARs that were scanned but no TLDs were found in them. Skipping unneeded JARs during scanning can improve startup time and JSP compilation time.
14-Mar-2026 21:44:04.282 INFO [main] org.apache.catalina.startup.HostConfig.deployDirectory Deployment of web application directory [D:\STUDY\Website-projects\Talksy-chat-app\Backend\apache-tomcat-10.1.52\apache-tomcat-10.1.52\webapps\docs] has finished in [295] ms
14-Mar-2026 21:44:04.283 INFO [main] org.apache.catalina.startup.HostConfig.deployDirectory Deploying web application directory [D:\STUDY\Website-projects\Talksy-chat-app\Backend\apache-tomcat-10.1.52\apache-tomcat-10.1.52\webapps\examples]
14-Mar-2026 21:44:04.923 INFO [main] org.apache.jasper.servlet.TldScanner.scanJars At least one JAR was scanned for TLDs yet contained no TLDs. Enable debug logging for this logger for a complete list of JARs that were scanned but no TLDs were found in them. Skipping unneeded JARs during scanning can improve startup time and JSP compilation time.
14-Mar-2026 21:44:04.980 INFO [main] org.apache.catalina.startup.HostConfig.deployDirectory Deployment of web application directory [D:\STUDY\Website-projects\Talksy-chat-app\Backend\apache-tomcat-10.1.52\apache-tomcat-10.1.52\webapps\examples] has finished in [696] ms
14-Mar-2026 21:44:04.980 INFO [main] org.apache.catalina.startup.HostConfig.deployDirectory Deploying web application directory [D:\STUDY\Website-projects\Talksy-chat-app\Backend\apache-tomcat-10.1.52\apache-tomcat-10.1.52\webapps\host-manager]
14-Mar-2026 21:44:05.224 INFO [main] org.apache.jasper.servlet.TldScanner.scanJars At least one JAR was scanned for TLDs yet contained no TLDs. Enable debug logging for this logger for a complete list of JARs that were scanned but no TLDs were found in them. Skipping unneeded JARs during scanning can improve startup time and JSP compilation time.
14-Mar-2026 21:44:05.240 INFO [main] org.apache.catalina.startup.HostConfig.deployDirectory Deployment of web application directory [D:\STUDY\Website-projects\Talksy-chat-app\Backend\apache-tomcat-10.1.52\apache-tomcat-10.1.52\webapps\host-manager] has finished in [260] ms
14-Mar-2026 21:44:05.240 INFO [main] org.apache.catalina.startup.HostConfig.deployDirectory Deploying web application directory [D:\STUDY\Website-projects\Talksy-chat-app\Backend\apache-tomcat-10.1.52\apache-tomcat-10.1.52\webapps\manager]
14-Mar-2026 21:44:05.472 INFO [main] org.apache.jasper.servlet.TldScanner.scanJars At least one JAR was scanned for TLDs yet contained no TLDs. Enable debug logging for this logger for a complete list of JARs that were scanned but no TLDs were found in them. Skipping unneeded JARs during scanning can improve startup time and JSP compilation time.
14-Mar-2026 21:44:05.477 INFO [main] org.apache.catalina.startup.HostConfig.deployDirectory Deployment of web application directory [D:\STUDY\Website-projects\Talksy-chat-app\Backend\apache-tomcat-10.1.52\apache-tomcat-10.1.52\webapps\manager] has finished in [237] ms
14-Mar-2026 21:44:05.479 INFO [main] org.apache.catalina.startup.HostConfig.deployDirectory Deploying web application directory [D:\STUDY\Website-projects\Talksy-chat-app\Backend\apache-tomcat-10.1.52\apache-tomcat-10.1.52\webapps\ROOT]
14-Mar-2026 21:44:05.677 INFO [main] org.apache.jasper.servlet.TldScanner.scanJars At least one JAR was scanned for TLDs yet contained no TLDs. Enable debug logging for this logger for a complete list of JARs that were scanned but no TLDs were found in them. Skipping unneeded JARs during scanning can improve startup time and JSP compilation time.
14-Mar-2026 21:44:05.683 INFO [main] org.apache.catalina.startup.HostConfig.deployDirectory Deployment of web application directory [D:\STUDY\Website-projects\Talksy-chat-app\Backend\apache-tomcat-10.1.52\apache-tomcat-10.1.52\webapps\ROOT] has finished in [203] ms
14-Mar-2026 21:44:05.686 INFO [main] org.apache.coyote.AbstractProtocol.start Starting ProtocolHandler ["http-nio-8080"]
14-Mar-2026 21:44:05.719 INFO [main] org.apache.catalina.startup.Catalina.start Server startup in [2661] milliseconds
14-Mar-2026 22:21:43.608 INFO [main] org.apache.catalina.startup.VersionLoggerListener.log Server version name:   Apache Tomcat/10.1.52
14-Mar-2026 22:21:43.612 INFO [main] org.apache.catalina.startup.VersionLoggerListener.log Server built:          Jan 23 2026 19:29:07 UTC
14-Mar-2026 22:21:43.613 INFO [main] org.apache.catalina.startup.VersionLoggerListener.log Server version number: 10.1.52.0
14-Mar-2026 22:21:43.613 INFO [main] org.apache.catalina.startup.VersionLoggerListener.log OS Name:               Windows 11
14-Mar-2026 22:21:43.613 INFO [main] org.apache.catalina.startup.VersionLoggerListener.log OS Version:            10.0
14-Mar-2026 22:21:43.614 INFO [main] org.apache.catalina.startup.VersionLoggerListener.log Architecture:          amd64
14-Mar-2026 22:21:43.614 INFO [main] org.apache.catalina.startup.VersionLoggerListener.log Java Home:             C:\Program Files\Java\jdk-25.0.2
14-Mar-2026 22:21:43.614 INFO [main] org.apache.catalina.startup.VersionLoggerListener.log JVM Version:           25.0.2+10-LTS-69
14-Mar-2026 22:21:43.615 INFO [main] org.apache.catalina.startup.VersionLoggerListener.log JVM Vendor:            Oracle Corporation
14-Mar-2026 22:21:43.615 INFO [main] org.apache.catalina.startup.VersionLoggerListener.log CATALINA_BASE:         D:\STUDY\Website-projects\Talksy-chat-app\Backend\apache-tomcat-10.1.52\apache-tomcat-10.1.52
14-Mar-2026 22:21:43.615 INFO [main] org.apache.catalina.startup.VersionLoggerListener.log CATALINA_HOME:         D:\STUDY\Website-projects\Talksy-chat-app\Backend\apache-tomcat-10.1.52\apache-tomcat-10.1.52
14-Mar-2026 22:21:43.635 INFO [main] org.apache.catalina.startup.VersionLoggerListener.log Command line argument: -Djava.util.logging.config.file=D:\STUDY\Website-projects\Talksy-chat-app\Backend\apache-tomcat-10.1.52\apache-tomcat-10.1.52\conf\logging.properties
14-Mar-2026 22:21:43.635 INFO [main] org.apache.catalina.startup.VersionLoggerListener.log Command line argument: -Djava.util.logging.manager=org.apache.juli.ClassLoaderLogManager
14-Mar-2026 22:21:43.635 INFO [main] org.apache.catalina.startup.VersionLoggerListener.log Command line argument: -Djdk.tls.ephemeralDHKeySize=2048
14-Mar-2026 22:21:43.635 INFO [main] org.apache.catalina.startup.VersionLoggerListener.log Command line argument: -Djava.protocol.handler.pkgs=org.apache.catalina.webresources
14-Mar-2026 22:21:43.636 INFO [main] org.apache.catalina.startup.VersionLoggerListener.log Command line argument: -Dsun.io.useCanonCaches=false
14-Mar-2026 22:21:43.636 INFO [main] org.apache.catalina.startup.VersionLoggerListener.log Command line argument: --add-opens=java.base/java.lang=ALL-UNNAMED
14-Mar-2026 22:21:43.636 INFO [main] org.apache.catalina.startup.VersionLoggerListener.log Command line argument: --add-opens=java.base/java.lang.reflect=ALL-UNNAMED
14-Mar-2026 22:21:43.636 INFO [main] org.apache.catalina.startup.VersionLoggerListener.log Command line argument: --add-opens=java.base/java.io=ALL-UNNAMED
14-Mar-2026 22:21:43.637 INFO [main] org.apache.catalina.startup.VersionLoggerListener.log Command line argument: --add-opens=java.base/java.util=ALL-UNNAMED
14-Mar-2026 22:21:43.637 INFO [main] org.apache.catalina.startup.VersionLoggerListener.log Command line argument: --add-opens=java.base/java.util.concurrent=ALL-UNNAMED
14-Mar-2026 22:21:43.637 INFO [main] org.apache.catalina.startup.VersionLoggerListener.log Command line argument: --add-opens=java.rmi/sun.rmi.transport=ALL-UNNAMED
14-Mar-2026 22:21:43.637 INFO [main] org.apache.catalina.startup.VersionLoggerListener.log Command line argument: -Dcatalina.base=D:\STUDY\Website-projects\Talksy-chat-app\Backend\apache-tomcat-10.1.52\apache-tomcat-10.1.52
14-Mar-2026 22:21:43.637 INFO [main] org.apache.catalina.startup.VersionLoggerListener.log Command line argument: -Dcatalina.home=D:\STUDY\Website-projects\Talksy-chat-app\Backend\apache-tomcat-10.1.52\apache-tomcat-10.1.52
14-Mar-2026 22:21:43.638 INFO [main] org.apache.catalina.startup.VersionLoggerListener.log Command line argument: -Djava.io.tmpdir=D:\STUDY\Website-projects\Talksy-chat-app\Backend\apache-tomcat-10.1.52\apache-tomcat-10.1.52\temp
14-Mar-2026 22:21:43.652 INFO [main] org.apache.catalina.core.AprLifecycleListener.lifecycleEvent The Apache Tomcat Native library which allows using OpenSSL was not found on the java.library.path: [C:\Program Files\Java\jdk-25.0.2\bin;C:\WINDOWS\Sun\Java\bin;C:\WINDOWS\system32;C:\WINDOWS;C:\Program Files\Common Files\Oracle\Java\javapath;C:\WINDOWS\system32;C:\WINDOWS;C:\WINDOWS\System32\Wbem;C:\WINDOWS\System32\WindowsPowerShell\v1.0\;C:\WINDOWS\System32\OpenSSH\;C:\ProgramData\chocolatey\bin;C:\Program Files (x86)\Microsoft SQL Server\100\Tools\Binn\;C:\Program Files\Microsoft SQL Server\100\Tools\Binn\;C:\Program Files\Microsoft SQL Server\100\DTS\Binn\;C:\Program Files\nodejs\;C:\Program Files\Java\jdk-25.0.2\bin;C:\Program Files\MySQL\MySQL Shell 8.0\bin\;C:\Users\HP\AppData\Local\Microsoft\WindowsApps;C:\Users\HP\AppData\Local\Programs\Microsoft VS Code\bin;C:\Users\HP\AppData\Local\Programs\Antigravity\bin;C:\Users\HP\AppData\Roaming\npm;.]
14-Mar-2026 22:21:43.951 INFO [main] org.apache.coyote.AbstractProtocol.init Initializing ProtocolHandler ["http-nio-8080"]
14-Mar-2026 22:21:44.064 INFO [main] org.apache.catalina.startup.Catalina.load Server initialization in [754] milliseconds
14-Mar-2026 22:21:44.131 INFO [main] org.apache.catalina.core.StandardService.startInternal Starting service [Catalina]
14-Mar-2026 22:21:44.131 INFO [main] org.apache.catalina.core.StandardEngine.startInternal Starting Servlet engine: [Apache Tomcat/10.1.52]
14-Mar-2026 22:21:44.143 INFO [main] org.apache.catalina.startup.HostConfig.deployDirectory Deploying web application directory [D:\STUDY\Website-projects\Talksy-chat-app\Backend\apache-tomcat-10.1.52\apache-tomcat-10.1.52\webapps\chatapp]
14-Mar-2026 22:21:44.847 INFO [main] org.apache.jasper.servlet.TldScanner.scanJars At least one JAR was scanned for TLDs yet contained no TLDs. Enable debug logging for this logger for a complete list of JARs that were scanned but no TLDs were found in them. Skipping unneeded JARs during scanning can improve startup time and JSP compilation time.
14-Mar-2026 22:21:44.930 INFO [main] org.apache.catalina.startup.HostConfig.deployDirectory Deployment of web application directory [D:\STUDY\Website-projects\Talksy-chat-app\Backend\apache-tomcat-10.1.52\apache-tomcat-10.1.52\webapps\chatapp] has finished in [783] ms
14-Mar-2026 22:21:44.930 INFO [main] org.apache.catalina.startup.HostConfig.deployDirectory Deploying web application directory [D:\STUDY\Website-projects\Talksy-chat-app\Backend\apache-tomcat-10.1.52\apache-tomcat-10.1.52\webapps\docs]
14-Mar-2026 22:21:45.239 INFO [main] org.apache.jasper.servlet.TldScanner.scanJars At least one JAR was scanned for TLDs yet contained no TLDs. Enable debug logging for this logger for a complete list of JARs that were scanned but no TLDs were found in them. Skipping unneeded JARs during scanning can improve startup time and JSP compilation time.
14-Mar-2026 22:21:45.245 INFO [main] org.apache.catalina.startup.HostConfig.deployDirectory Deployment of web application directory [D:\STUDY\Website-projects\Talksy-chat-app\Backend\apache-tomcat-10.1.52\apache-tomcat-10.1.52\webapps\docs] has finished in [314] ms
14-Mar-2026 22:21:45.245 INFO [main] org.apache.catalina.startup.HostConfig.deployDirectory Deploying web application directory [D:\STUDY\Website-projects\Talksy-chat-app\Backend\apache-tomcat-10.1.52\apache-tomcat-10.1.52\webapps\examples]
14-Mar-2026 22:21:45.909 INFO [main] org.apache.jasper.servlet.TldScanner.scanJars At least one JAR was scanned for TLDs yet contained no TLDs. Enable debug logging for this logger for a complete list of JARs that were scanned but no TLDs were found in them. Skipping unneeded JARs during scanning can improve startup time and JSP compilation time.
14-Mar-2026 22:21:45.950 INFO [main] org.apache.catalina.startup.HostConfig.deployDirectory Deployment of web application directory [D:\STUDY\Website-projects\Talksy-chat-app\Backend\apache-tomcat-10.1.52\apache-tomcat-10.1.52\webapps\examples] has finished in [704] ms
14-Mar-2026 22:21:45.950 INFO [main] org.apache.catalina.startup.HostConfig.deployDirectory Deploying web application directory [D:\STUDY\Website-projects\Talksy-chat-app\Backend\apache-tomcat-10.1.52\apache-tomcat-10.1.52\webapps\host-manager]
14-Mar-2026 22:21:46.173 INFO [main] org.apache.jasper.servlet.TldScanner.scanJars At least one JAR was scanned for TLDs yet contained no TLDs. Enable debug logging for this logger for a complete list of JARs that were scanned but no TLDs were found in them. Skipping unneeded JARs during scanning can improve startup time and JSP compilation time.
14-Mar-2026 22:21:46.188 INFO [main] org.apache.catalina.startup.HostConfig.deployDirectory Deployment of web application directory [D:\STUDY\Website-projects\Talksy-chat-app\Backend\apache-tomcat-10.1.52\apache-tomcat-10.1.52\webapps\host-manager] has finished in [238] ms
14-Mar-2026 22:21:46.189 INFO [main] org.apache.catalina.startup.HostConfig.deployDirectory Deploying web application directory [D:\STUDY\Website-projects\Talksy-chat-app\Backend\apache-tomcat-10.1.52\apache-tomcat-10.1.52\webapps\manager]
14-Mar-2026 22:21:46.429 INFO [main] org.apache.jasper.servlet.TldScanner.scanJars At least one JAR was scanned for TLDs yet contained no TLDs. Enable debug logging for this logger for a complete list of JARs that were scanned but no TLDs were found in them. Skipping unneeded JARs during scanning can improve startup time and JSP compilation time.
14-Mar-2026 22:21:46.432 INFO [main] org.apache.catalina.startup.HostConfig.deployDirectory Deployment of web application directory [D:\STUDY\Website-projects\Talksy-chat-app\Backend\apache-tomcat-10.1.52\apache-tomcat-10.1.52\webapps\manager] has finished in [243] ms
14-Mar-2026 22:21:46.432 INFO [main] org.apache.catalina.startup.HostConfig.deployDirectory Deploying web application directory [D:\STUDY\Website-projects\Talksy-chat-app\Backend\apache-tomcat-10.1.52\apache-tomcat-10.1.52\webapps\ROOT]
14-Mar-2026 22:21:46.650 INFO [main] org.apache.jasper.servlet.TldScanner.scanJars At least one JAR was scanned for TLDs yet contained no TLDs. Enable debug logging for this logger for a complete list of JARs that were scanned but no TLDs were found in them. Skipping unneeded JARs during scanning can improve startup time and JSP compilation time.
14-Mar-2026 22:21:46.653 INFO [main] org.apache.catalina.startup.HostConfig.deployDirectory Deployment of web application directory [D:\STUDY\Website-projects\Talksy-chat-app\Backend\apache-tomcat-10.1.52\apache-tomcat-10.1.52\webapps\ROOT] has finished in [221] ms
14-Mar-2026 22:21:46.657 INFO [main] org.apache.coyote.AbstractProtocol.start Starting ProtocolHandler ["http-nio-8080"]
14-Mar-2026 22:21:46.690 INFO [main] org.apache.catalina.startup.Catalina.start Server startup in [2620] milliseconds
14-Mar-2026 22:40:33.404 INFO [main] org.apache.catalina.startup.VersionLoggerListener.log Server version name:   Apache Tomcat/10.1.52
14-Mar-2026 22:40:33.407 INFO [main] org.apache.catalina.startup.VersionLoggerListener.log Server built:          Jan 23 2026 19:29:07 UTC
14-Mar-2026 22:40:33.408 INFO [main] org.apache.catalina.startup.VersionLoggerListener.log Server version number: 10.1.52.0
14-Mar-2026 22:40:33.408 INFO [main] org.apache.catalina.startup.VersionLoggerListener.log OS Name:               Windows 11
14-Mar-2026 22:40:33.409 INFO [main] org.apache.catalina.startup.VersionLoggerListener.log OS Version:            10.0
14-Mar-2026 22:40:33.409 INFO [main] org.apache.catalina.startup.VersionLoggerListener.log Architecture:          amd64
14-Mar-2026 22:40:33.409 INFO [main] org.apache.catalina.startup.VersionLoggerListener.log Java Home:             C:\Program Files\Java\jdk-25.0.2
14-Mar-2026 22:40:33.410 INFO [main] org.apache.catalina.startup.VersionLoggerListener.log JVM Version:           25.0.2+10-LTS-69
14-Mar-2026 22:40:33.410 INFO [main] org.apache.catalina.startup.VersionLoggerListener.log JVM Vendor:            Oracle Corporation
14-Mar-2026 22:40:33.410 INFO [main] org.apache.catalina.startup.VersionLoggerListener.log CATALINA_BASE:         D:\STUDY\Website-projects\Talksy-chat-app\Backend\apache-tomcat-10.1.52\apache-tomcat-10.1.52
14-Mar-2026 22:40:33.411 INFO [main] org.apache.catalina.startup.VersionLoggerListener.log CATALINA_HOME:         D:\STUDY\Website-projects\Talksy-chat-app\Backend\apache-tomcat-10.1.52\apache-tomcat-10.1.52
14-Mar-2026 22:40:33.431 INFO [main] org.apache.catalina.startup.VersionLoggerListener.log Command line argument: -Djava.util.logging.config.file=D:\STUDY\Website-projects\Talksy-chat-app\Backend\apache-tomcat-10.1.52\apache-tomcat-10.1.52\conf\logging.properties
14-Mar-2026 22:40:33.431 INFO [main] org.apache.catalina.startup.VersionLoggerListener.log Command line argument: -Djava.util.logging.manager=org.apache.juli.ClassLoaderLogManager
14-Mar-2026 22:40:33.431 INFO [main] org.apache.catalina.startup.VersionLoggerListener.log Command line argument: -Djdk.tls.ephemeralDHKeySize=2048
14-Mar-2026 22:40:33.432 INFO [main] org.apache.catalina.startup.VersionLoggerListener.log Command line argument: -Djava.protocol.handler.pkgs=org.apache.catalina.webresources
14-Mar-2026 22:40:33.432 INFO [main] org.apache.catalina.startup.VersionLoggerListener.log Command line argument: -Dsun.io.useCanonCaches=false
14-Mar-2026 22:40:33.432 INFO [main] org.apache.catalina.startup.VersionLoggerListener.log Command line argument: --add-opens=java.base/java.lang=ALL-UNNAMED
14-Mar-2026 22:40:33.433 INFO [main] org.apache.catalina.startup.VersionLoggerListener.log Command line argument: --add-opens=java.base/java.lang.reflect=ALL-UNNAMED
14-Mar-2026 22:40:33.433 INFO [main] org.apache.catalina.startup.VersionLoggerListener.log Command line argument: --add-opens=java.base/java.io=ALL-UNNAMED
14-Mar-2026 22:40:33.433 INFO [main] org.apache.catalina.startup.VersionLoggerListener.log Command line argument: --add-opens=java.base/java.util=ALL-UNNAMED
14-Mar-2026 22:40:33.433 INFO [main] org.apache.catalina.startup.VersionLoggerListener.log Command line argument: --add-opens=java.base/java.util.concurrent=ALL-UNNAMED
14-Mar-2026 22:40:33.433 INFO [main] org.apache.catalina.startup.VersionLoggerListener.log Command line argument: --add-opens=java.rmi/sun.rmi.transport=ALL-UNNAMED
14-Mar-2026 22:40:33.434 INFO [main] org.apache.catalina.startup.VersionLoggerListener.log Command line argument: -Dcatalina.base=D:\STUDY\Website-projects\Talksy-chat-app\Backend\apache-tomcat-10.1.52\apache-tomcat-10.1.52
14-Mar-2026 22:40:33.434 INFO [main] org.apache.catalina.startup.VersionLoggerListener.log Command line argument: -Dcatalina.home=D:\STUDY\Website-projects\Talksy-chat-app\Backend\apache-tomcat-10.1.52\apache-tomcat-10.1.52
14-Mar-2026 22:40:33.434 INFO [main] org.apache.catalina.startup.VersionLoggerListener.log Command line argument: -Djava.io.tmpdir=D:\STUDY\Website-projects\Talksy-chat-app\Backend\apache-tomcat-10.1.52\apache-tomcat-10.1.52\temp
14-Mar-2026 22:40:33.444 INFO [main] org.apache.catalina.core.AprLifecycleListener.lifecycleEvent The Apache Tomcat Native library which allows using OpenSSL was not found on the java.library.path: [C:\Program Files\Java\jdk-25.0.2\bin;C:\WINDOWS\Sun\Java\bin;C:\WINDOWS\system32;C:\WINDOWS;C:\Program Files\Common Files\Oracle\Java\javapath;C:\WINDOWS\system32;C:\WINDOWS;C:\WINDOWS\System32\Wbem;C:\WINDOWS\System32\WindowsPowerShell\v1.0\;C:\WINDOWS\System32\OpenSSH\;C:\ProgramData\chocolatey\bin;C:\Program Files (x86)\Microsoft SQL Server\100\Tools\Binn\;C:\Program Files\Microsoft SQL Server\100\Tools\Binn\;C:\Program Files\Microsoft SQL Server\100\DTS\Binn\;C:\Program Files\nodejs\;C:\Program Files\Java\jdk-25.0.2\bin;C:\Program Files\MySQL\MySQL Shell 8.0\bin\;C:\Users\HP\AppData\Local\Microsoft\WindowsApps;C:\Users\HP\AppData\Local\Programs\Microsoft VS Code\bin;C:\Users\HP\AppData\Local\Programs\Antigravity\bin;C:\Users\HP\AppData\Roaming\npm;.]
14-Mar-2026 22:40:33.765 INFO [main] org.apache.coyote.AbstractProtocol.init Initializing ProtocolHandler ["http-nio-8080"]
14-Mar-2026 22:40:33.798 INFO [main] org.apache.catalina.startup.Catalina.load Server initialization in [597] milliseconds
14-Mar-2026 22:40:33.843 INFO [main] org.apache.catalina.core.StandardService.startInternal Starting service [Catalina]
14-Mar-2026 22:40:33.843 INFO [main] org.apache.catalina.core.StandardEngine.startInternal Starting Servlet engine: [Apache Tomcat/10.1.52]
14-Mar-2026 22:40:33.853 INFO [main] org.apache.catalina.startup.HostConfig.deployDirectory Deploying web application directory [D:\STUDY\Website-projects\Talksy-chat-app\Backend\apache-tomcat-10.1.52\apache-tomcat-10.1.52\webapps\chatapp]
14-Mar-2026 22:40:34.472 INFO [main] org.apache.jasper.servlet.TldScanner.scanJars At least one JAR was scanned for TLDs yet contained no TLDs. Enable debug logging for this logger for a complete list of JARs that were scanned but no TLDs were found in them. Skipping unneeded JARs during scanning can improve startup time and JSP compilation time.
14-Mar-2026 22:40:34.555 INFO [main] org.apache.catalina.startup.HostConfig.deployDirectory Deployment of web application directory [D:\STUDY\Website-projects\Talksy-chat-app\Backend\apache-tomcat-10.1.52\apache-tomcat-10.1.52\webapps\chatapp] has finished in [699] ms
14-Mar-2026 22:40:34.556 INFO [main] org.apache.catalina.startup.HostConfig.deployDirectory Deploying web application directory [D:\STUDY\Website-projects\Talksy-chat-app\Backend\apache-tomcat-10.1.52\apache-tomcat-10.1.52\webapps\docs]
14-Mar-2026 22:40:34.834 INFO [main] org.apache.jasper.servlet.TldScanner.scanJars At least one JAR was scanned for TLDs yet contained no TLDs. Enable debug logging for this logger for a complete list of JARs that were scanned but no TLDs were found in them. Skipping unneeded JARs during scanning can improve startup time and JSP compilation time.
14-Mar-2026 22:40:34.843 INFO [main] org.apache.catalina.startup.HostConfig.deployDirectory Deployment of web application directory [D:\STUDY\Website-projects\Talksy-chat-app\Backend\apache-tomcat-10.1.52\apache-tomcat-10.1.52\webapps\docs] has finished in [287] ms
14-Mar-2026 22:40:34.844 INFO [main] org.apache.catalina.startup.HostConfig.deployDirectory Deploying web application directory [D:\STUDY\Website-projects\Talksy-chat-app\Backend\apache-tomcat-10.1.52\apache-tomcat-10.1.52\webapps\examples]
14-Mar-2026 22:40:35.312 INFO [main] org.apache.jasper.servlet.TldScanner.scanJars At least one JAR was scanned for TLDs yet contained no TLDs. Enable debug logging for this logger for a complete list of JARs that were scanned but no TLDs were found in them. Skipping unneeded JARs during scanning can improve startup time and JSP compilation time.
14-Mar-2026 22:40:35.361 INFO [main] org.apache.catalina.startup.HostConfig.deployDirectory Deployment of web application directory [D:\STUDY\Website-projects\Talksy-chat-app\Backend\apache-tomcat-10.1.52\apache-tomcat-10.1.52\webapps\examples] has finished in [517] ms
14-Mar-2026 22:40:35.361 INFO [main] org.apache.catalina.startup.HostConfig.deployDirectory Deploying web application directory [D:\STUDY\Website-projects\Talksy-chat-app\Backend\apache-tomcat-10.1.52\apache-tomcat-10.1.52\webapps\host-manager]
14-Mar-2026 22:40:35.618 INFO [main] org.apache.jasper.servlet.TldScanner.scanJars At least one JAR was scanned for TLDs yet contained no TLDs. Enable debug logging for this logger for a complete list of JARs that were scanned but no TLDs were found in them. Skipping unneeded JARs during scanning can improve startup time and JSP compilation time.
14-Mar-2026 22:40:35.633 INFO [main] org.apache.catalina.startup.HostConfig.deployDirectory Deployment of web application directory [D:\STUDY\Website-projects\Talksy-chat-app\Backend\apache-tomcat-10.1.52\apache-tomcat-10.1.52\webapps\host-manager] has finished in [272] ms
14-Mar-2026 22:40:35.633 INFO [main] org.apache.catalina.startup.HostConfig.deployDirectory Deploying web application directory [D:\STUDY\Website-projects\Talksy-chat-app\Backend\apache-tomcat-10.1.52\apache-tomcat-10.1.52\webapps\manager]
14-Mar-2026 22:40:35.850 INFO [main] org.apache.jasper.servlet.TldScanner.scanJars At least one JAR was scanned for TLDs yet contained no TLDs. Enable debug logging for this logger for a complete list of JARs that were scanned but no TLDs were found in them. Skipping unneeded JARs during scanning can improve startup time and JSP compilation time.
14-Mar-2026 22:40:35.856 INFO [main] org.apache.catalina.startup.HostConfig.deployDirectory Deployment of web application directory [D:\STUDY\Website-projects\Talksy-chat-app\Backend\apache-tomcat-10.1.52\apache-tomcat-10.1.52\webapps\manager] has finished in [223] ms
14-Mar-2026 22:40:35.856 INFO [main] org.apache.catalina.startup.HostConfig.deployDirectory Deploying web application directory [D:\STUDY\Website-projects\Talksy-chat-app\Backend\apache-tomcat-10.1.52\apache-tomcat-10.1.52\webapps\ROOT]
14-Mar-2026 22:40:36.039 INFO [main] org.apache.jasper.servlet.TldScanner.scanJars At least one JAR was scanned for TLDs yet contained no TLDs. Enable debug logging for this logger for a complete list of JARs that were scanned but no TLDs were found in them. Skipping unneeded JARs during scanning can improve startup time and JSP compilation time.
14-Mar-2026 22:40:36.042 INFO [main] org.apache.catalina.startup.HostConfig.deployDirectory Deployment of web application directory [D:\STUDY\Website-projects\Talksy-chat-app\Backend\apache-tomcat-10.1.52\apache-tomcat-10.1.52\webapps\ROOT] has finished in [186] ms
14-Mar-2026 22:40:36.045 INFO [main] org.apache.coyote.AbstractProtocol.start Starting ProtocolHandler ["http-nio-8080"]
14-Mar-2026 22:40:36.073 INFO [main] org.apache.catalina.startup.Catalina.start Server startup in [2272] milliseconds
