12-Mar-2026 13:02:07.885 INFO [main] org.apache.catalina.startup.VersionLoggerListener.log Server version name:   Apache Tomcat/10.1.52
12-Mar-2026 13:02:07.888 INFO [main] org.apache.catalina.startup.VersionLoggerListener.log Server built:          Jan 23 2026 19:29:07 UTC
12-Mar-2026 13:02:07.889 INFO [main] org.apache.catalina.startup.VersionLoggerListener.log Server version number: 10.1.52.0
12-Mar-2026 13:02:07.889 INFO [main] org.apache.catalina.startup.VersionLoggerListener.log OS Name:               Windows 11
12-Mar-2026 13:02:07.889 INFO [main] org.apache.catalina.startup.VersionLoggerListener.log OS Version:            10.0
12-Mar-2026 13:02:07.890 INFO [main] org.apache.catalina.startup.VersionLoggerListener.log Architecture:          amd64
12-Mar-2026 13:02:07.890 INFO [main] org.apache.catalina.startup.VersionLoggerListener.log Java Home:             C:\Program Files\Java\jdk-25.0.2
12-Mar-2026 13:02:07.890 INFO [main] org.apache.catalina.startup.VersionLoggerListener.log JVM Version:           25.0.2+10-LTS-69
12-Mar-2026 13:02:07.890 INFO [main] org.apache.catalina.startup.VersionLoggerListener.log JVM Vendor:            Oracle Corporation
12-Mar-2026 13:02:07.891 INFO [main] org.apache.catalina.startup.VersionLoggerListener.log CATALINA_BASE:         D:\STUDY\Website-projects\Talksy-chat-app\Backend\apache-tomcat-10.1.52\apache-tomcat-10.1.52
12-Mar-2026 13:02:07.891 INFO [main] org.apache.catalina.startup.VersionLoggerListener.log CATALINA_HOME:         D:\STUDY\Website-projects\Talksy-chat-app\Backend\apache-tomcat-10.1.52\apache-tomcat-10.1.52
12-Mar-2026 13:02:07.910 INFO [main] org.apache.catalina.startup.VersionLoggerListener.log Command line argument: -Djava.util.logging.config.file=D:\STUDY\Website-projects\Talksy-chat-app\Backend\apache-tomcat-10.1.52\apache-tomcat-10.1.52\conf\logging.properties
12-Mar-2026 13:02:07.910 INFO [main] org.apache.catalina.startup.VersionLoggerListener.log Command line argument: -Djava.util.logging.manager=org.apache.juli.ClassLoaderLogManager
12-Mar-2026 13:02:07.911 INFO [main] org.apache.catalina.startup.VersionLoggerListener.log Command line argument: -Djdk.tls.ephemeralDHKeySize=2048
12-Mar-2026 13:02:07.911 INFO [main] org.apache.catalina.startup.VersionLoggerListener.log Command line argument: -Djava.protocol.handler.pkgs=org.apache.catalina.webresources
12-Mar-2026 13:02:07.911 INFO [main] org.apache.catalina.startup.VersionLoggerListener.log Command line argument: -Dsun.io.useCanonCaches=false
12-Mar-2026 13:02:07.911 INFO [main] org.apache.catalina.startup.VersionLoggerListener.log Command line argument: --add-opens=java.base/java.lang=ALL-UNNAMED
12-Mar-2026 13:02:07.911 INFO [main] org.apache.catalina.startup.VersionLoggerListener.log Command line argument: --add-opens=java.base/java.lang.reflect=ALL-UNNAMED
12-Mar-2026 13:02:07.912 INFO [main] org.apache.catalina.startup.VersionLoggerListener.log Command line argument: --add-opens=java.base/java.io=ALL-UNNAMED
12-Mar-2026 13:02:07.912 INFO [main] org.apache.catalina.startup.VersionLoggerListener.log Command line argument: --add-opens=java.base/java.util=ALL-UNNAMED
12-Mar-2026 13:02:07.912 INFO [main] org.apache.catalina.startup.VersionLoggerListener.log Command line argument: --add-opens=java.base/java.util.concurrent=ALL-UNNAMED
12-Mar-2026 13:02:07.912 INFO [main] org.apache.catalina.startup.VersionLoggerListener.log Command line argument: --add-opens=java.rmi/sun.rmi.transport=ALL-UNNAMED
12-Mar-2026 13:02:07.912 INFO [main] org.apache.catalina.startup.VersionLoggerListener.log Command line argument: -Dcatalina.base=D:\STUDY\Website-projects\Talksy-chat-app\Backend\apache-tomcat-10.1.52\apache-tomcat-10.1.52
12-Mar-2026 13:02:07.913 INFO [main] org.apache.catalina.startup.VersionLoggerListener.log Command line argument: -Dcatalina.home=D:\STUDY\Website-projects\Talksy-chat-app\Backend\apache-tomcat-10.1.52\apache-tomcat-10.1.52
12-Mar-2026 13:02:07.913 INFO [main] org.apache.catalina.startup.VersionLoggerListener.log Command line argument: -Djava.io.tmpdir=D:\STUDY\Website-projects\Talksy-chat-app\Backend\apache-tomcat-10.1.52\apache-tomcat-10.1.52\temp
12-Mar-2026 13:02:07.920 INFO [main] org.apache.catalina.core.AprLifecycleListener.lifecycleEvent The Apache Tomcat Native library which allows using OpenSSL was not found on the java.library.path: [C:\Program Files\Java\jdk-25.0.2\bin;C:\WINDOWS\Sun\Java\bin;C:\WINDOWS\system32;C:\WINDOWS;C:\Program Files\Common Files\Oracle\Java\javapath;C:\WINDOWS\system32;C:\WINDOWS;C:\WINDOWS\System32\Wbem;C:\WINDOWS\System32\WindowsPowerShell\v1.0\;C:\WINDOWS\System32\OpenSSH\;C:\ProgramData\chocolatey\bin;C:\Program Files (x86)\Microsoft SQL Server\100\Tools\Binn\;C:\Program Files\Microsoft SQL Server\100\Tools\Binn\;C:\Program Files\Microsoft SQL Server\100\DTS\Binn\;C:\Program Files\nodejs\;C:\Program Files\Java\jdk-25.0.2\bin;C:\Program Files\MySQL\MySQL Shell 8.0\bin\;C:\Users\HP\AppData\Local\Microsoft\WindowsApps;C:\Users\HP\AppData\Local\Programs\Microsoft VS Code\bin;C:\Users\HP\AppData\Local\Programs\Antigravity\bin;C:\Users\HP\AppData\Roaming\npm;.]
12-Mar-2026 13:02:08.383 INFO [main] org.apache.coyote.AbstractProtocol.init Initializing ProtocolHandler ["http-nio-8080"]
12-Mar-2026 13:02:08.426 INFO [main] org.apache.catalina.startup.Catalina.load Server initialization in [717] milliseconds
12-Mar-2026 13:02:08.479 INFO [main] org.apache.catalina.core.StandardService.startInternal Starting service [Catalina]
12-Mar-2026 13:02:08.479 INFO [main] org.apache.catalina.core.StandardEngine.startInternal Starting Servlet engine: [Apache Tomcat/10.1.52]
12-Mar-2026 13:02:08.489 INFO [main] org.apache.catalina.startup.HostConfig.deployDirectory Deploying web application directory [D:\STUDY\Website-projects\Talksy-chat-app\Backend\apache-tomcat-10.1.52\apache-tomcat-10.1.52\webapps\chatapp]
12-Mar-2026 13:02:08.825 INFO [main] org.apache.catalina.startup.HostConfig.deployDirectory Deployment of web application directory [D:\STUDY\Website-projects\Talksy-chat-app\Backend\apache-tomcat-10.1.52\apache-tomcat-10.1.52\webapps\chatapp] has finished in [333] ms
12-Mar-2026 13:02:08.826 INFO [main] org.apache.catalina.startup.HostConfig.deployDirectory Deploying web application directory [D:\STUDY\Website-projects\Talksy-chat-app\Backend\apache-tomcat-10.1.52\apache-tomcat-10.1.52\webapps\docs]
12-Mar-2026 13:02:08.857 INFO [main] org.apache.catalina.startup.HostConfig.deployDirectory Deployment of web application directory [D:\STUDY\Website-projects\Talksy-chat-app\Backend\apache-tomcat-10.1.52\apache-tomcat-10.1.52\webapps\docs] has finished in [30] ms
12-Mar-2026 13:02:08.857 INFO [main] org.apache.catalina.startup.HostConfig.deployDirectory Deploying web application directory [D:\STUDY\Website-projects\Talksy-chat-app\Backend\apache-tomcat-10.1.52\apache-tomcat-10.1.52\webapps\examples]
12-Mar-2026 13:02:09.523 INFO [main] org.apache.catalina.startup.HostConfig.deployDirectory Deployment of web application directory [D:\STUDY\Website-projects\Talksy-chat-app\Backend\apache-tomcat-10.1.52\apache-tomcat-10.1.52\webapps\examples] has finished in [666] ms
12-Mar-2026 13:02:09.523 INFO [main] org.apache.catalina.startup.HostConfig.deployDirectory Deploying web application directory [D:\STUDY\Website-projects\Talksy-chat-app\Backend\apache-tomcat-10.1.52\apache-tomcat-10.1.52\webapps\host-manager]
12-Mar-2026 13:02:09.592 INFO [main] org.apache.catalina.startup.HostConfig.deployDirectory Deployment of web application directory [D:\STUDY\Website-projects\Talksy-chat-app\Backend\apache-tomcat-10.1.52\apache-tomcat-10.1.52\webapps\host-manager] has finished in [69] ms
12-Mar-2026 13:02:09.592 INFO [main] org.apache.catalina.startup.HostConfig.deployDirectory Deploying web application directory [D:\STUDY\Website-projects\Talksy-chat-app\Backend\apache-tomcat-10.1.52\apache-tomcat-10.1.52\webapps\manager]
12-Mar-2026 13:02:09.657 INFO [main] org.apache.catalina.startup.HostConfig.deployDirectory Deployment of web application directory [D:\STUDY\Website-projects\Talksy-chat-app\Backend\apache-tomcat-10.1.52\apache-tomcat-10.1.52\webapps\manager] has finished in [65] ms
12-Mar-2026 13:02:09.659 INFO [main] org.apache.catalina.startup.HostConfig.deployDirectory Deploying web application directory [D:\STUDY\Website-projects\Talksy-chat-app\Backend\apache-tomcat-10.1.52\apache-tomcat-10.1.52\webapps\ROOT]
12-Mar-2026 13:02:09.693 INFO [main] org.apache.catalina.startup.HostConfig.deployDirectory Deployment of web application directory [D:\STUDY\Website-projects\Talksy-chat-app\Backend\apache-tomcat-10.1.52\apache-tomcat-10.1.52\webapps\ROOT] has finished in [33] ms
12-Mar-2026 13:02:09.696 INFO [main] org.apache.coyote.AbstractProtocol.start Starting ProtocolHandler ["http-nio-8080"]
12-Mar-2026 13:02:09.737 INFO [main] org.apache.catalina.startup.Catalina.start Server startup in [1309] milliseconds
12-Mar-2026 13:23:49.933 INFO [main] org.apache.catalina.startup.VersionLoggerListener.log Server version name:   Apache Tomcat/10.1.52
12-Mar-2026 13:23:49.935 INFO [main] org.apache.catalina.startup.VersionLoggerListener.log Server built:          Jan 23 2026 19:29:07 UTC
12-Mar-2026 13:23:49.936 INFO [main] org.apache.catalina.startup.VersionLoggerListener.log Server version number: 10.1.52.0
12-Mar-2026 13:23:49.937 INFO [main] org.apache.catalina.startup.VersionLoggerListener.log OS Name:               Windows 11
12-Mar-2026 13:23:49.937 INFO [main] org.apache.catalina.startup.VersionLoggerListener.log OS Version:            10.0
12-Mar-2026 13:23:49.937 INFO [main] org.apache.catalina.startup.VersionLoggerListener.log Architecture:          amd64
12-Mar-2026 13:23:49.938 INFO [main] org.apache.catalina.startup.VersionLoggerListener.log Java Home:             C:\Program Files\Java\jdk-25.0.2
12-Mar-2026 13:23:49.938 INFO [main] org.apache.catalina.startup.VersionLoggerListener.log JVM Version:           25.0.2+10-LTS-69
12-Mar-2026 13:23:49.938 INFO [main] org.apache.catalina.startup.VersionLoggerListener.log JVM Vendor:            Oracle Corporation
12-Mar-2026 13:23:49.939 INFO [main] org.apache.catalina.startup.VersionLoggerListener.log CATALINA_BASE:         D:\STUDY\Website-projects\Talksy-chat-app\Backend\apache-tomcat-10.1.52\apache-tomcat-10.1.52
12-Mar-2026 13:23:49.939 INFO [main] org.apache.catalina.startup.VersionLoggerListener.log CATALINA_HOME:         D:\STUDY\Website-projects\Talksy-chat-app\Backend\apache-tomcat-10.1.52\apache-tomcat-10.1.52
12-Mar-2026 13:23:49.954 INFO [main] org.apache.catalina.startup.VersionLoggerListener.log Command line argument: -Djava.util.logging.config.file=D:\STUDY\Website-projects\Talksy-chat-app\Backend\apache-tomcat-10.1.52\apache-tomcat-10.1.52\conf\logging.properties
12-Mar-2026 13:23:49.955 INFO [main] org.apache.catalina.startup.VersionLoggerListener.log Command line argument: -Djava.util.logging.manager=org.apache.juli.ClassLoaderLogManager
12-Mar-2026 13:23:49.955 INFO [main] org.apache.catalina.startup.VersionLoggerListener.log Command line argument: -Djdk.tls.ephemeralDHKeySize=2048
12-Mar-2026 13:23:49.955 INFO [main] org.apache.catalina.startup.VersionLoggerListener.log Command line argument: -Djava.protocol.handler.pkgs=org.apache.catalina.webresources
12-Mar-2026 13:23:49.955 INFO [main] org.apache.catalina.startup.VersionLoggerListener.log Command line argument: -Dsun.io.useCanonCaches=false
12-Mar-2026 13:23:49.956 INFO [main] org.apache.catalina.startup.VersionLoggerListener.log Command line argument: --add-opens=java.base/java.lang=ALL-UNNAMED
12-Mar-2026 13:23:49.956 INFO [main] org.apache.catalina.startup.VersionLoggerListener.log Command line argument: --add-opens=java.base/java.lang.reflect=ALL-UNNAMED
12-Mar-2026 13:23:49.956 INFO [main] org.apache.catalina.startup.VersionLoggerListener.log Command line argument: --add-opens=java.base/java.io=ALL-UNNAMED
12-Mar-2026 13:23:49.956 INFO [main] org.apache.catalina.startup.VersionLoggerListener.log Command line argument: --add-opens=java.base/java.util=ALL-UNNAMED
12-Mar-2026 13:23:49.956 INFO [main] org.apache.catalina.startup.VersionLoggerListener.log Command line argument: --add-opens=java.base/java.util.concurrent=ALL-UNNAMED
12-Mar-2026 13:23:49.957 INFO [main] org.apache.catalina.startup.VersionLoggerListener.log Command line argument: --add-opens=java.rmi/sun.rmi.transport=ALL-UNNAMED
12-Mar-2026 13:23:49.957 INFO [main] org.apache.catalina.startup.VersionLoggerListener.log Command line argument: -Dcatalina.base=D:\STUDY\Website-projects\Talksy-chat-app\Backend\apache-tomcat-10.1.52\apache-tomcat-10.1.52
12-Mar-2026 13:23:49.957 INFO [main] org.apache.catalina.startup.VersionLoggerListener.log Command line argument: -Dcatalina.home=D:\STUDY\Website-projects\Talksy-chat-app\Backend\apache-tomcat-10.1.52\apache-tomcat-10.1.52
12-Mar-2026 13:23:49.957 INFO [main] org.apache.catalina.startup.VersionLoggerListener.log Command line argument: -Djava.io.tmpdir=D:\STUDY\Website-projects\Talksy-chat-app\Backend\apache-tomcat-10.1.52\apache-tomcat-10.1.52\temp
12-Mar-2026 13:23:49.965 INFO [main] org.apache.catalina.core.AprLifecycleListener.lifecycleEvent The Apache Tomcat Native library which allows using OpenSSL was not found on the java.library.path: [C:\Program Files\Java\jdk-25.0.2\bin;C:\WINDOWS\Sun\Java\bin;C:\WINDOWS\system32;C:\WINDOWS;C:\Program Files\Common Files\Oracle\Java\javapath;C:\WINDOWS\system32;C:\WINDOWS;C:\WINDOWS\System32\Wbem;C:\WINDOWS\System32\WindowsPowerShell\v1.0\;C:\WINDOWS\System32\OpenSSH\;C:\ProgramData\chocolatey\bin;C:\Program Files (x86)\Microsoft SQL Server\100\Tools\Binn\;C:\Program Files\Microsoft SQL Server\100\Tools\Binn\;C:\Program Files\Microsoft SQL Server\100\DTS\Binn\;C:\Program Files\nodejs\;C:\Program Files\Java\jdk-25.0.2\bin;C:\Program Files\MySQL\MySQL Shell 8.0\bin\;C:\Users\HP\AppData\Local\Microsoft\WindowsApps;C:\Users\HP\AppData\Local\Programs\Microsoft VS Code\bin;C:\Users\HP\AppData\Local\Programs\Antigravity\bin;C:\Users\HP\AppData\Roaming\npm;.]
12-Mar-2026 13:23:50.297 INFO [main] org.apache.coyote.AbstractProtocol.init Initializing ProtocolHandler ["http-nio-8080"]
12-Mar-2026 13:23:50.323 INFO [main] org.apache.catalina.startup.Catalina.load Server initialization in [580] milliseconds
12-Mar-2026 13:23:50.382 INFO [main] org.apache.catalina.core.StandardService.startInternal Starting service [Catalina]
12-Mar-2026 13:23:50.383 INFO [main] org.apache.catalina.core.StandardEngine.startInternal Starting Servlet engine: [Apache Tomcat/10.1.52]
12-Mar-2026 13:23:50.392 INFO [main] org.apache.catalina.startup.HostConfig.deployDirectory Deploying web application directory [D:\STUDY\Website-projects\Talksy-chat-app\Backend\apache-tomcat-10.1.52\apache-tomcat-10.1.52\webapps\chatapp]
12-Mar-2026 13:23:51.007 INFO [main] org.apache.jasper.servlet.TldScanner.scanJars At least one JAR was scanned for TLDs yet contained no TLDs. Enable debug logging for this logger for a complete list of JARs that were scanned but no TLDs were found in them. Skipping unneeded JARs during scanning can improve startup time and JSP compilation time.
12-Mar-2026 13:23:51.064 INFO [main] org.apache.catalina.startup.HostConfig.deployDirectory Deployment of web application directory [D:\STUDY\Website-projects\Talksy-chat-app\Backend\apache-tomcat-10.1.52\apache-tomcat-10.1.52\webapps\chatapp] has finished in [667] ms
12-Mar-2026 13:23:51.064 INFO [main] org.apache.catalina.startup.HostConfig.deployDirectory Deploying web application directory [D:\STUDY\Website-projects\Talksy-chat-app\Backend\apache-tomcat-10.1.52\apache-tomcat-10.1.52\webapps\docs]
12-Mar-2026 13:23:51.286 INFO [main] org.apache.jasper.servlet.TldScanner.scanJars At least one JAR was scanned for TLDs yet contained no TLDs. Enable debug logging for this logger for a complete list of JARs that were scanned but no TLDs were found in them. Skipping unneeded JARs during scanning can improve startup time and JSP compilation time.
12-Mar-2026 13:23:51.291 INFO [main] org.apache.catalina.startup.HostConfig.deployDirectory Deployment of web application directory [D:\STUDY\Website-projects\Talksy-chat-app\Backend\apache-tomcat-10.1.52\apache-tomcat-10.1.52\webapps\docs] has finished in [227] ms
12-Mar-2026 13:23:51.291 INFO [main] org.apache.catalina.startup.HostConfig.deployDirectory Deploying web application directory [D:\STUDY\Website-projects\Talksy-chat-app\Backend\apache-tomcat-10.1.52\apache-tomcat-10.1.52\webapps\examples]
12-Mar-2026 13:23:51.773 INFO [main] org.apache.jasper.servlet.TldScanner.scanJars At least one JAR was scanned for TLDs yet contained no TLDs. Enable debug logging for this logger for a complete list of JARs that were scanned but no TLDs were found in them. Skipping unneeded JARs during scanning can improve startup time and JSP compilation time.
12-Mar-2026 13:23:51.820 INFO [main] org.apache.catalina.startup.HostConfig.deployDirectory Deployment of web application directory [D:\STUDY\Website-projects\Talksy-chat-app\Backend\apache-tomcat-10.1.52\apache-tomcat-10.1.52\webapps\examples] has finished in [529] ms
12-Mar-2026 13:23:51.820 INFO [main] org.apache.catalina.startup.HostConfig.deployDirectory Deploying web application directory [D:\STUDY\Website-projects\Talksy-chat-app\Backend\apache-tomcat-10.1.52\apache-tomcat-10.1.52\webapps\host-manager]
12-Mar-2026 13:23:52.042 INFO [main] org.apache.jasper.servlet.TldScanner.scanJars At least one JAR was scanned for TLDs yet contained no TLDs. Enable debug logging for this logger for a complete list of JARs that were scanned but no TLDs were found in them. Skipping unneeded JARs during scanning can improve startup time and JSP compilation time.
12-Mar-2026 13:23:52.053 INFO [main] org.apache.catalina.startup.HostConfig.deployDirectory Deployment of web application directory [D:\STUDY\Website-projects\Talksy-chat-app\Backend\apache-tomcat-10.1.52\apache-tomcat-10.1.52\webapps\host-manager] has finished in [233] ms
12-Mar-2026 13:23:52.053 INFO [main] org.apache.catalina.startup.HostConfig.deployDirectory Deploying web application directory [D:\STUDY\Website-projects\Talksy-chat-app\Backend\apache-tomcat-10.1.52\apache-tomcat-10.1.52\webapps\manager]
12-Mar-2026 13:23:52.253 INFO [main] org.apache.jasper.servlet.TldScanner.scanJars At least one JAR was scanned for TLDs yet contained no TLDs. Enable debug logging for this logger for a complete list of JARs that were scanned but no TLDs were found in them. Skipping unneeded JARs during scanning can improve startup time and JSP compilation time.
12-Mar-2026 13:23:52.257 INFO [main] org.apache.catalina.startup.HostConfig.deployDirectory Deployment of web application directory [D:\STUDY\Website-projects\Talksy-chat-app\Backend\apache-tomcat-10.1.52\apache-tomcat-10.1.52\webapps\manager] has finished in [203] ms
12-Mar-2026 13:23:52.257 INFO [main] org.apache.catalina.startup.HostConfig.deployDirectory Deploying web application directory [D:\STUDY\Website-projects\Talksy-chat-app\Backend\apache-tomcat-10.1.52\apache-tomcat-10.1.52\webapps\ROOT]
12-Mar-2026 13:23:52.430 INFO [main] org.apache.jasper.servlet.TldScanner.scanJars At least one JAR was scanned for TLDs yet contained no TLDs. Enable debug logging for this logger for a complete list of JARs that were scanned but no TLDs were found in them. Skipping unneeded JARs during scanning can improve startup time and JSP compilation time.
12-Mar-2026 13:23:52.434 INFO [main] org.apache.catalina.startup.HostConfig.deployDirectory Deployment of web application directory [D:\STUDY\Website-projects\Talksy-chat-app\Backend\apache-tomcat-10.1.52\apache-tomcat-10.1.52\webapps\ROOT] has finished in [176] ms
12-Mar-2026 13:23:52.436 INFO [main] org.apache.coyote.AbstractProtocol.start Starting ProtocolHandler ["http-nio-8080"]
12-Mar-2026 13:23:52.464 INFO [main] org.apache.catalina.startup.Catalina.start Server startup in [2139] milliseconds
12-Mar-2026 13:32:38.020 INFO [main] org.apache.catalina.startup.VersionLoggerListener.log Server version name:   Apache Tomcat/10.1.52
12-Mar-2026 13:32:38.023 INFO [main] org.apache.catalina.startup.VersionLoggerListener.log Server built:          Jan 23 2026 19:29:07 UTC
12-Mar-2026 13:32:38.024 INFO [main] org.apache.catalina.startup.VersionLoggerListener.log Server version number: 10.1.52.0
12-Mar-2026 13:32:38.024 INFO [main] org.apache.catalina.startup.VersionLoggerListener.log OS Name:               Windows 11
12-Mar-2026 13:32:38.025 INFO [main] org.apache.catalina.startup.VersionLoggerListener.log OS Version:            10.0
12-Mar-2026 13:32:38.025 INFO [main] org.apache.catalina.startup.VersionLoggerListener.log Architecture:          amd64
12-Mar-2026 13:32:38.025 INFO [main] org.apache.catalina.startup.VersionLoggerListener.log Java Home:             C:\Program Files\Java\jdk-25.0.2
12-Mar-2026 13:32:38.026 INFO [main] org.apache.catalina.startup.VersionLoggerListener.log JVM Version:           25.0.2+10-LTS-69
12-Mar-2026 13:32:38.026 INFO [main] org.apache.catalina.startup.VersionLoggerListener.log JVM Vendor:            Oracle Corporation
12-Mar-2026 13:32:38.026 INFO [main] org.apache.catalina.startup.VersionLoggerListener.log CATALINA_BASE:         D:\STUDY\Website-projects\Talksy-chat-app\Backend\apache-tomcat-10.1.52\apache-tomcat-10.1.52
12-Mar-2026 13:32:38.026 INFO [main] org.apache.catalina.startup.VersionLoggerListener.log CATALINA_HOME:         D:\STUDY\Website-projects\Talksy-chat-app\Backend\apache-tomcat-10.1.52\apache-tomcat-10.1.52
12-Mar-2026 13:32:38.040 INFO [main] org.apache.catalina.startup.VersionLoggerListener.log Command line argument: -Djava.util.logging.config.file=D:\STUDY\Website-projects\Talksy-chat-app\Backend\apache-tomcat-10.1.52\apache-tomcat-10.1.52\conf\logging.properties
12-Mar-2026 13:32:38.040 INFO [main] org.apache.catalina.startup.VersionLoggerListener.log Command line argument: -Djava.util.logging.manager=org.apache.juli.ClassLoaderLogManager
12-Mar-2026 13:32:38.040 INFO [main] org.apache.catalina.startup.VersionLoggerListener.log Command line argument: -Djdk.tls.ephemeralDHKeySize=2048
12-Mar-2026 13:32:38.041 INFO [main] org.apache.catalina.startup.VersionLoggerListener.log Command line argument: -Djava.protocol.handler.pkgs=org.apache.catalina.webresources
12-Mar-2026 13:32:38.041 INFO [main] org.apache.catalina.startup.VersionLoggerListener.log Command line argument: -Dsun.io.useCanonCaches=false
12-Mar-2026 13:32:38.041 INFO [main] org.apache.catalina.startup.VersionLoggerListener.log Command line argument: --add-opens=java.base/java.lang=ALL-UNNAMED
12-Mar-2026 13:32:38.042 INFO [main] org.apache.catalina.startup.VersionLoggerListener.log Command line argument: --add-opens=java.base/java.lang.reflect=ALL-UNNAMED
12-Mar-2026 13:32:38.042 INFO [main] org.apache.catalina.startup.VersionLoggerListener.log Command line argument: --add-opens=java.base/java.io=ALL-UNNAMED
12-Mar-2026 13:32:38.042 INFO [main] org.apache.catalina.startup.VersionLoggerListener.log Command line argument: --add-opens=java.base/java.util=ALL-UNNAMED
12-Mar-2026 13:32:38.043 INFO [main] org.apache.catalina.startup.VersionLoggerListener.log Command line argument: --add-opens=java.base/java.util.concurrent=ALL-UNNAMED
12-Mar-2026 13:32:38.043 INFO [main] org.apache.catalina.startup.VersionLoggerListener.log Command line argument: --add-opens=java.rmi/sun.rmi.transport=ALL-UNNAMED
12-Mar-2026 13:32:38.043 INFO [main] org.apache.catalina.startup.VersionLoggerListener.log Command line argument: -Dcatalina.base=D:\STUDY\Website-projects\Talksy-chat-app\Backend\apache-tomcat-10.1.52\apache-tomcat-10.1.52
12-Mar-2026 13:32:38.043 INFO [main] org.apache.catalina.startup.VersionLoggerListener.log Command line argument: -Dcatalina.home=D:\STUDY\Website-projects\Talksy-chat-app\Backend\apache-tomcat-10.1.52\apache-tomcat-10.1.52
12-Mar-2026 13:32:38.044 INFO [main] org.apache.catalina.startup.VersionLoggerListener.log Command line argument: -Djava.io.tmpdir=D:\STUDY\Website-projects\Talksy-chat-app\Backend\apache-tomcat-10.1.52\apache-tomcat-10.1.52\temp
12-Mar-2026 13:32:38.051 INFO [main] org.apache.catalina.core.AprLifecycleListener.lifecycleEvent The Apache Tomcat Native library which allows using OpenSSL was not found on the java.library.path: [C:\Program Files\Java\jdk-25.0.2\bin;C:\WINDOWS\Sun\Java\bin;C:\WINDOWS\system32;C:\WINDOWS;C:\Program Files\Common Files\Oracle\Java\javapath;C:\WINDOWS\system32;C:\WINDOWS;C:\WINDOWS\System32\Wbem;C:\WINDOWS\System32\WindowsPowerShell\v1.0\;C:\WINDOWS\System32\OpenSSH\;C:\ProgramData\chocolatey\bin;C:\Program Files (x86)\Microsoft SQL Server\100\Tools\Binn\;C:\Program Files\Microsoft SQL Server\100\Tools\Binn\;C:\Program Files\Microsoft SQL Server\100\DTS\Binn\;C:\Program Files\nodejs\;C:\Program Files\Java\jdk-25.0.2\bin;C:\Program Files\MySQL\MySQL Shell 8.0\bin\;C:\Users\HP\AppData\Local\Microsoft\WindowsApps;C:\Users\HP\AppData\Local\Programs\Microsoft VS Code\bin;C:\Users\HP\AppData\Local\Programs\Antigravity\bin;C:\Users\HP\AppData\Roaming\npm;.]
12-Mar-2026 13:32:38.338 INFO [main] org.apache.coyote.AbstractProtocol.init Initializing ProtocolHandler ["http-nio-8080"]
12-Mar-2026 13:32:38.367 INFO [main] org.apache.catalina.startup.Catalina.load Server initialization in [485] milliseconds
12-Mar-2026 13:32:38.415 INFO [main] org.apache.catalina.core.StandardService.startInternal Starting service [Catalina]
12-Mar-2026 13:32:38.416 INFO [main] org.apache.catalina.core.StandardEngine.startInternal Starting Servlet engine: [Apache Tomcat/10.1.52]
12-Mar-2026 13:32:38.423 INFO [main] org.apache.catalina.startup.HostConfig.deployDirectory Deploying web application directory [D:\STUDY\Website-projects\Talksy-chat-app\Backend\apache-tomcat-10.1.52\apache-tomcat-10.1.52\webapps\chatapp]
12-Mar-2026 13:32:39.005 INFO [main] org.apache.jasper.servlet.TldScanner.scanJars At least one JAR was scanned for TLDs yet contained no TLDs. Enable debug logging for this logger for a complete list of JARs that were scanned but no TLDs were found in them. Skipping unneeded JARs during scanning can improve startup time and JSP compilation time.
12-Mar-2026 13:32:39.056 INFO [main] org.apache.catalina.startup.HostConfig.deployDirectory Deployment of web application directory [D:\STUDY\Website-projects\Talksy-chat-app\Backend\apache-tomcat-10.1.52\apache-tomcat-10.1.52\webapps\chatapp] has finished in [630] ms
12-Mar-2026 13:32:39.057 INFO [main] org.apache.catalina.startup.HostConfig.deployDirectory Deploying web application directory [D:\STUDY\Website-projects\Talksy-chat-app\Backend\apache-tomcat-10.1.52\apache-tomcat-10.1.52\webapps\docs]
12-Mar-2026 13:32:39.291 INFO [main] org.apache.jasper.servlet.TldScanner.scanJars At least one JAR was scanned for TLDs yet contained no TLDs. Enable debug logging for this logger for a complete list of JARs that were scanned but no TLDs were found in them. Skipping unneeded JARs during scanning can improve startup time and JSP compilation time.
12-Mar-2026 13:32:39.298 INFO [main] org.apache.catalina.startup.HostConfig.deployDirectory Deployment of web application directory [D:\STUDY\Website-projects\Talksy-chat-app\Backend\apache-tomcat-10.1.52\apache-tomcat-10.1.52\webapps\docs] has finished in [242] ms
12-Mar-2026 13:32:39.298 INFO [main] org.apache.catalina.startup.HostConfig.deployDirectory Deploying web application directory [D:\STUDY\Website-projects\Talksy-chat-app\Backend\apache-tomcat-10.1.52\apache-tomcat-10.1.52\webapps\examples]
12-Mar-2026 13:32:39.758 INFO [main] org.apache.jasper.servlet.TldScanner.scanJars At least one JAR was scanned for TLDs yet contained no TLDs. Enable debug logging for this logger for a complete list of JARs that were scanned but no TLDs were found in them. Skipping unneeded JARs during scanning can improve startup time and JSP compilation time.
12-Mar-2026 13:32:39.806 INFO [main] org.apache.catalina.startup.HostConfig.deployDirectory Deployment of web application directory [D:\STUDY\Website-projects\Talksy-chat-app\Backend\apache-tomcat-10.1.52\apache-tomcat-10.1.52\webapps\examples] has finished in [508] ms
12-Mar-2026 13:32:39.806 INFO [main] org.apache.catalina.startup.HostConfig.deployDirectory Deploying web application directory [D:\STUDY\Website-projects\Talksy-chat-app\Backend\apache-tomcat-10.1.52\apache-tomcat-10.1.52\webapps\host-manager]
12-Mar-2026 13:32:40.039 INFO [main] org.apache.jasper.servlet.TldScanner.scanJars At least one JAR was scanned for TLDs yet contained no TLDs. Enable debug logging for this logger for a complete list of JARs that were scanned but no TLDs were found in them. Skipping unneeded JARs during scanning can improve startup time and JSP compilation time.
12-Mar-2026 13:32:40.059 INFO [main] org.apache.catalina.startup.HostConfig.deployDirectory Deployment of web application directory [D:\STUDY\Website-projects\Talksy-chat-app\Backend\apache-tomcat-10.1.52\apache-tomcat-10.1.52\webapps\host-manager] has finished in [253] ms
12-Mar-2026 13:32:40.060 INFO [main] org.apache.catalina.startup.HostConfig.deployDirectory Deploying web application directory [D:\STUDY\Website-projects\Talksy-chat-app\Backend\apache-tomcat-10.1.52\apache-tomcat-10.1.52\webapps\manager]
12-Mar-2026 13:32:40.277 INFO [main] org.apache.jasper.servlet.TldScanner.scanJars At least one JAR was scanned for TLDs yet contained no TLDs. Enable debug logging for this logger for a complete list of JARs that were scanned but no TLDs were found in them. Skipping unneeded JARs during scanning can improve startup time and JSP compilation time.
12-Mar-2026 13:32:40.280 INFO [main] org.apache.catalina.startup.HostConfig.deployDirectory Deployment of web application directory [D:\STUDY\Website-projects\Talksy-chat-app\Backend\apache-tomcat-10.1.52\apache-tomcat-10.1.52\webapps\manager] has finished in [220] ms
12-Mar-2026 13:32:40.281 INFO [main] org.apache.catalina.startup.HostConfig.deployDirectory Deploying web application directory [D:\STUDY\Website-projects\Talksy-chat-app\Backend\apache-tomcat-10.1.52\apache-tomcat-10.1.52\webapps\ROOT]
12-Mar-2026 13:32:40.476 INFO [main] org.apache.jasper.servlet.TldScanner.scanJars At least one JAR was scanned for TLDs yet contained no TLDs. Enable debug logging for this logger for a complete list of JARs that were scanned but no TLDs were found in them. Skipping unneeded JARs during scanning can improve startup time and JSP compilation time.
12-Mar-2026 13:32:40.479 INFO [main] org.apache.catalina.startup.HostConfig.deployDirectory Deployment of web application directory [D:\STUDY\Website-projects\Talksy-chat-app\Backend\apache-tomcat-10.1.52\apache-tomcat-10.1.52\webapps\ROOT] has finished in [198] ms
12-Mar-2026 13:32:40.482 INFO [main] org.apache.coyote.AbstractProtocol.start Starting ProtocolHandler ["http-nio-8080"]
12-Mar-2026 13:32:40.507 INFO [main] org.apache.catalina.startup.Catalina.start Server startup in [2138] milliseconds
12-Mar-2026 13:44:52.531 INFO [main] org.apache.catalina.startup.VersionLoggerListener.log Server version name:   Apache Tomcat/10.1.52
12-Mar-2026 13:44:52.536 INFO [main] org.apache.catalina.startup.VersionLoggerListener.log Server built:          Jan 23 2026 19:29:07 UTC
12-Mar-2026 13:44:52.538 INFO [main] org.apache.catalina.startup.VersionLoggerListener.log Server version number: 10.1.52.0
12-Mar-2026 13:44:52.538 INFO [main] org.apache.catalina.startup.VersionLoggerListener.log OS Name:               Windows 11
12-Mar-2026 13:44:52.538 INFO [main] org.apache.catalina.startup.VersionLoggerListener.log OS Version:            10.0
12-Mar-2026 13:44:52.540 INFO [main] org.apache.catalina.startup.VersionLoggerListener.log Architecture:          amd64
12-Mar-2026 13:44:52.540 INFO [main] org.apache.catalina.startup.VersionLoggerListener.log Java Home:             C:\Program Files\Java\jdk-25.0.2
12-Mar-2026 13:44:52.540 INFO [main] org.apache.catalina.startup.VersionLoggerListener.log JVM Version:           25.0.2+10-LTS-69
12-Mar-2026 13:44:52.541 INFO [main] org.apache.catalina.startup.VersionLoggerListener.log JVM Vendor:            Oracle Corporation
12-Mar-2026 13:44:52.541 INFO [main] org.apache.catalina.startup.VersionLoggerListener.log CATALINA_BASE:         D:\STUDY\Website-projects\Talksy-chat-app\Backend\apache-tomcat-10.1.52\apache-tomcat-10.1.52
12-Mar-2026 13:44:52.541 INFO [main] org.apache.catalina.startup.VersionLoggerListener.log CATALINA_HOME:         D:\STUDY\Website-projects\Talksy-chat-app\Backend\apache-tomcat-10.1.52\apache-tomcat-10.1.52
12-Mar-2026 13:44:52.569 INFO [main] org.apache.catalina.startup.VersionLoggerListener.log Command line argument: -Djava.util.logging.config.file=D:\STUDY\Website-projects\Talksy-chat-app\Backend\apache-tomcat-10.1.52\apache-tomcat-10.1.52\conf\logging.properties
12-Mar-2026 13:44:52.570 INFO [main] org.apache.catalina.startup.VersionLoggerListener.log Command line argument: -Djava.util.logging.manager=org.apache.juli.ClassLoaderLogManager
12-Mar-2026 13:44:52.570 INFO [main] org.apache.catalina.startup.VersionLoggerListener.log Command line argument: -Djdk.tls.ephemeralDHKeySize=2048
12-Mar-2026 13:44:52.570 INFO [main] org.apache.catalina.startup.VersionLoggerListener.log Command line argument: -Djava.protocol.handler.pkgs=org.apache.catalina.webresources
12-Mar-2026 13:44:52.571 INFO [main] org.apache.catalina.startup.VersionLoggerListener.log Command line argument: -Dsun.io.useCanonCaches=false
12-Mar-2026 13:44:52.571 INFO [main] org.apache.catalina.startup.VersionLoggerListener.log Command line argument: --add-opens=java.base/java.lang=ALL-UNNAMED
12-Mar-2026 13:44:52.571 INFO [main] org.apache.catalina.startup.VersionLoggerListener.log Command line argument: --add-opens=java.base/java.lang.reflect=ALL-UNNAMED
12-Mar-2026 13:44:52.572 INFO [main] org.apache.catalina.startup.VersionLoggerListener.log Command line argument: --add-opens=java.base/java.io=ALL-UNNAMED
12-Mar-2026 13:44:52.572 INFO [main] org.apache.catalina.startup.VersionLoggerListener.log Command line argument: --add-opens=java.base/java.util=ALL-UNNAMED
12-Mar-2026 13:44:52.572 INFO [main] org.apache.catalina.startup.VersionLoggerListener.log Command line argument: --add-opens=java.base/java.util.concurrent=ALL-UNNAMED
12-Mar-2026 13:44:52.573 INFO [main] org.apache.catalina.startup.VersionLoggerListener.log Command line argument: --add-opens=java.rmi/sun.rmi.transport=ALL-UNNAMED
12-Mar-2026 13:44:52.573 INFO [main] org.apache.catalina.startup.VersionLoggerListener.log Command line argument: -Dcatalina.base=D:\STUDY\Website-projects\Talksy-chat-app\Backend\apache-tomcat-10.1.52\apache-tomcat-10.1.52
12-Mar-2026 13:44:52.573 INFO [main] org.apache.catalina.startup.VersionLoggerListener.log Command line argument: -Dcatalina.home=D:\STUDY\Website-projects\Talksy-chat-app\Backend\apache-tomcat-10.1.52\apache-tomcat-10.1.52
12-Mar-2026 13:44:52.573 INFO [main] org.apache.catalina.startup.VersionLoggerListener.log Command line argument: -Djava.io.tmpdir=D:\STUDY\Website-projects\Talksy-chat-app\Backend\apache-tomcat-10.1.52\apache-tomcat-10.1.52\temp
12-Mar-2026 13:44:52.586 INFO [main] org.apache.catalina.core.AprLifecycleListener.lifecycleEvent The Apache Tomcat Native library which allows using OpenSSL was not found on the java.library.path: [C:\Program Files\Java\jdk-25.0.2\bin;C:\WINDOWS\Sun\Java\bin;C:\WINDOWS\system32;C:\WINDOWS;C:\Program Files\Common Files\Oracle\Java\javapath;C:\WINDOWS\system32;C:\WINDOWS;C:\WINDOWS\System32\Wbem;C:\WINDOWS\System32\WindowsPowerShell\v1.0\;C:\WINDOWS\System32\OpenSSH\;C:\ProgramData\chocolatey\bin;C:\Program Files (x86)\Microsoft SQL Server\100\Tools\Binn\;C:\Program Files\Microsoft SQL Server\100\Tools\Binn\;C:\Program Files\Microsoft SQL Server\100\DTS\Binn\;C:\Program Files\nodejs\;C:\Program Files\Java\jdk-25.0.2\bin;C:\Program Files\MySQL\MySQL Shell 8.0\bin\;C:\Users\HP\AppData\Local\Microsoft\WindowsApps;C:\Users\HP\AppData\Local\Programs\Microsoft VS Code\bin;C:\Users\HP\AppData\Local\Programs\Antigravity\bin;C:\Users\HP\AppData\Roaming\npm;.]
12-Mar-2026 13:44:52.954 INFO [main] org.apache.coyote.AbstractProtocol.init Initializing ProtocolHandler ["http-nio-8080"]
12-Mar-2026 13:44:52.995 INFO [main] org.apache.catalina.startup.Catalina.load Server initialization in [742] milliseconds
12-Mar-2026 13:44:53.061 INFO [main] org.apache.catalina.core.StandardService.startInternal Starting service [Catalina]
12-Mar-2026 13:44:53.062 INFO [main] org.apache.catalina.core.StandardEngine.startInternal Starting Servlet engine: [Apache Tomcat/10.1.52]
12-Mar-2026 13:44:53.077 INFO [main] org.apache.catalina.startup.HostConfig.deployDirectory Deploying web application directory [D:\STUDY\Website-projects\Talksy-chat-app\Backend\apache-tomcat-10.1.52\apache-tomcat-10.1.52\webapps\chatapp]
12-Mar-2026 13:44:53.863 INFO [main] org.apache.jasper.servlet.TldScanner.scanJars At least one JAR was scanned for TLDs yet contained no TLDs. Enable debug logging for this logger for a complete list of JARs that were scanned but no TLDs were found in them. Skipping unneeded JARs during scanning can improve startup time and JSP compilation time.
12-Mar-2026 13:44:53.944 INFO [main] org.apache.catalina.startup.HostConfig.deployDirectory Deployment of web application directory [D:\STUDY\Website-projects\Talksy-chat-app\Backend\apache-tomcat-10.1.52\apache-tomcat-10.1.52\webapps\chatapp] has finished in [863] ms
12-Mar-2026 13:44:53.945 INFO [main] org.apache.catalina.startup.HostConfig.deployDirectory Deploying web application directory [D:\STUDY\Website-projects\Talksy-chat-app\Backend\apache-tomcat-10.1.52\apache-tomcat-10.1.52\webapps\docs]
12-Mar-2026 13:44:54.218 INFO [main] org.apache.jasper.servlet.TldScanner.scanJars At least one JAR was scanned for TLDs yet contained no TLDs. Enable debug logging for this logger for a complete list of JARs that were scanned but no TLDs were found in them. Skipping unneeded JARs during scanning can improve startup time and JSP compilation time.
12-Mar-2026 13:44:54.227 INFO [main] org.apache.catalina.startup.HostConfig.deployDirectory Deployment of web application directory [D:\STUDY\Website-projects\Talksy-chat-app\Backend\apache-tomcat-10.1.52\apache-tomcat-10.1.52\webapps\docs] has finished in [282] ms
12-Mar-2026 13:44:54.229 INFO [main] org.apache.catalina.startup.HostConfig.deployDirectory Deploying web application directory [D:\STUDY\Website-projects\Talksy-chat-app\Backend\apache-tomcat-10.1.52\apache-tomcat-10.1.52\webapps\examples]
12-Mar-2026 13:44:54.865 INFO [main] org.apache.jasper.servlet.TldScanner.scanJars At least one JAR was scanned for TLDs yet contained no TLDs. Enable debug logging for this logger for a complete list of JARs that were scanned but no TLDs were found in them. Skipping unneeded JARs during scanning can improve startup time and JSP compilation time.
12-Mar-2026 13:44:54.937 INFO [main] org.apache.catalina.startup.HostConfig.deployDirectory Deployment of web application directory [D:\STUDY\Website-projects\Talksy-chat-app\Backend\apache-tomcat-10.1.52\apache-tomcat-10.1.52\webapps\examples] has finished in [708] ms
12-Mar-2026 13:44:54.938 INFO [main] org.apache.catalina.startup.HostConfig.deployDirectory Deploying web application directory [D:\STUDY\Website-projects\Talksy-chat-app\Backend\apache-tomcat-10.1.52\apache-tomcat-10.1.52\webapps\host-manager]
12-Mar-2026 13:44:55.219 INFO [main] org.apache.jasper.servlet.TldScanner.scanJars At least one JAR was scanned for TLDs yet contained no TLDs. Enable debug logging for this logger for a complete list of JARs that were scanned but no TLDs were found in them. Skipping unneeded JARs during scanning can improve startup time and JSP compilation time.
12-Mar-2026 13:44:55.252 INFO [main] org.apache.catalina.startup.HostConfig.deployDirectory Deployment of web application directory [D:\STUDY\Website-projects\Talksy-chat-app\Backend\apache-tomcat-10.1.52\apache-tomcat-10.1.52\webapps\host-manager] has finished in [315] ms
12-Mar-2026 13:44:55.252 INFO [main] org.apache.catalina.startup.HostConfig.deployDirectory Deploying web application directory [D:\STUDY\Website-projects\Talksy-chat-app\Backend\apache-tomcat-10.1.52\apache-tomcat-10.1.52\webapps\manager]
12-Mar-2026 13:44:55.490 INFO [main] org.apache.jasper.servlet.TldScanner.scanJars At least one JAR was scanned for TLDs yet contained no TLDs. Enable debug logging for this logger for a complete list of JARs that were scanned but no TLDs were found in them. Skipping unneeded JARs during scanning can improve startup time and JSP compilation time.
12-Mar-2026 13:44:55.497 INFO [main] org.apache.catalina.startup.HostConfig.deployDirectory Deployment of web application directory [D:\STUDY\Website-projects\Talksy-chat-app\Backend\apache-tomcat-10.1.52\apache-tomcat-10.1.52\webapps\manager] has finished in [244] ms
12-Mar-2026 13:44:55.497 INFO [main] org.apache.catalina.startup.HostConfig.deployDirectory Deploying web application directory [D:\STUDY\Website-projects\Talksy-chat-app\Backend\apache-tomcat-10.1.52\apache-tomcat-10.1.52\webapps\ROOT]
12-Mar-2026 13:44:55.894 INFO [main] org.apache.jasper.servlet.TldScanner.scanJars At least one JAR was scanned for TLDs yet contained no TLDs. Enable debug logging for this logger for a complete list of JARs that were scanned but no TLDs were found in them. Skipping unneeded JARs during scanning can improve startup time and JSP compilation time.
12-Mar-2026 13:44:55.909 INFO [main] org.apache.catalina.startup.HostConfig.deployDirectory Deployment of web application directory [D:\STUDY\Website-projects\Talksy-chat-app\Backend\apache-tomcat-10.1.52\apache-tomcat-10.1.52\webapps\ROOT] has finished in [412] ms
12-Mar-2026 13:44:55.920 INFO [main] org.apache.coyote.AbstractProtocol.start Starting ProtocolHandler ["http-nio-8080"]
12-Mar-2026 13:44:56.034 INFO [main] org.apache.catalina.startup.Catalina.start Server startup in [3035] milliseconds
12-Mar-2026 19:52:16.183 INFO [main] org.apache.catalina.startup.VersionLoggerListener.log Server version name:   Apache Tomcat/10.1.52
12-Mar-2026 19:52:16.188 INFO [main] org.apache.catalina.startup.VersionLoggerListener.log Server built:          Jan 23 2026 19:29:07 UTC
12-Mar-2026 19:52:16.189 INFO [main] org.apache.catalina.startup.VersionLoggerListener.log Server version number: 10.1.52.0
12-Mar-2026 19:52:16.189 INFO [main] org.apache.catalina.startup.VersionLoggerListener.log OS Name:               Windows 11
12-Mar-2026 19:52:16.190 INFO [main] org.apache.catalina.startup.VersionLoggerListener.log OS Version:            10.0
12-Mar-2026 19:52:16.190 INFO [main] org.apache.catalina.startup.VersionLoggerListener.log Architecture:          amd64
12-Mar-2026 19:52:16.190 INFO [main] org.apache.catalina.startup.VersionLoggerListener.log Java Home:             C:\Program Files\Java\jdk-25.0.2
12-Mar-2026 19:52:16.190 INFO [main] org.apache.catalina.startup.VersionLoggerListener.log JVM Version:           25.0.2+10-LTS-69
12-Mar-2026 19:52:16.191 INFO [main] org.apache.catalina.startup.VersionLoggerListener.log JVM Vendor:            Oracle Corporation
12-Mar-2026 19:52:16.191 INFO [main] org.apache.catalina.startup.VersionLoggerListener.log CATALINA_BASE:         D:\STUDY\Website-projects\Talksy-chat-app\Backend\apache-tomcat-10.1.52\apache-tomcat-10.1.52
12-Mar-2026 19:52:16.191 INFO [main] org.apache.catalina.startup.VersionLoggerListener.log CATALINA_HOME:         D:\STUDY\Website-projects\Talksy-chat-app\Backend\apache-tomcat-10.1.52\apache-tomcat-10.1.52
12-Mar-2026 19:52:16.206 INFO [main] org.apache.catalina.startup.VersionLoggerListener.log Command line argument: -Djava.util.logging.config.file=D:\STUDY\Website-projects\Talksy-chat-app\Backend\apache-tomcat-10.1.52\apache-tomcat-10.1.52\conf\logging.properties
12-Mar-2026 19:52:16.207 INFO [main] org.apache.catalina.startup.VersionLoggerListener.log Command line argument: -Djava.util.logging.manager=org.apache.juli.ClassLoaderLogManager
12-Mar-2026 19:52:16.207 INFO [main] org.apache.catalina.startup.VersionLoggerListener.log Command line argument: -Djdk.tls.ephemeralDHKeySize=2048
12-Mar-2026 19:52:16.208 INFO [main] org.apache.catalina.startup.VersionLoggerListener.log Command line argument: -Djava.protocol.handler.pkgs=org.apache.catalina.webresources
12-Mar-2026 19:52:16.208 INFO [main] org.apache.catalina.startup.VersionLoggerListener.log Command line argument: -Dsun.io.useCanonCaches=false
12-Mar-2026 19:52:16.208 INFO [main] org.apache.catalina.startup.VersionLoggerListener.log Command line argument: --add-opens=java.base/java.lang=ALL-UNNAMED
12-Mar-2026 19:52:16.208 INFO [main] org.apache.catalina.startup.VersionLoggerListener.log Command line argument: --add-opens=java.base/java.lang.reflect=ALL-UNNAMED
12-Mar-2026 19:52:16.209 INFO [main] org.apache.catalina.startup.VersionLoggerListener.log Command line argument: --add-opens=java.base/java.io=ALL-UNNAMED
12-Mar-2026 19:52:16.209 INFO [main] org.apache.catalina.startup.VersionLoggerListener.log Command line argument: --add-opens=java.base/java.util=ALL-UNNAMED
12-Mar-2026 19:52:16.209 INFO [main] org.apache.catalina.startup.VersionLoggerListener.log Command line argument: --add-opens=java.base/java.util.concurrent=ALL-UNNAMED
12-Mar-2026 19:52:16.210 INFO [main] org.apache.catalina.startup.VersionLoggerListener.log Command line argument: --add-opens=java.rmi/sun.rmi.transport=ALL-UNNAMED
12-Mar-2026 19:52:16.210 INFO [main] org.apache.catalina.startup.VersionLoggerListener.log Command line argument: -Dcatalina.base=D:\STUDY\Website-projects\Talksy-chat-app\Backend\apache-tomcat-10.1.52\apache-tomcat-10.1.52
12-Mar-2026 19:52:16.210 INFO [main] org.apache.catalina.startup.VersionLoggerListener.log Command line argument: -Dcatalina.home=D:\STUDY\Website-projects\Talksy-chat-app\Backend\apache-tomcat-10.1.52\apache-tomcat-10.1.52
12-Mar-2026 19:52:16.211 INFO [main] org.apache.catalina.startup.VersionLoggerListener.log Command line argument: -Djava.io.tmpdir=D:\STUDY\Website-projects\Talksy-chat-app\Backend\apache-tomcat-10.1.52\apache-tomcat-10.1.52\temp
12-Mar-2026 19:52:16.219 INFO [main] org.apache.catalina.core.AprLifecycleListener.lifecycleEvent The Apache Tomcat Native library which allows using OpenSSL was not found on the java.library.path: [C:\Program Files\Java\jdk-25.0.2\bin;C:\WINDOWS\Sun\Java\bin;C:\WINDOWS\system32;C:\WINDOWS;C:\Program Files\Common Files\Oracle\Java\javapath;C:\WINDOWS\system32;C:\WINDOWS;C:\WINDOWS\System32\Wbem;C:\WINDOWS\System32\WindowsPowerShell\v1.0\;C:\WINDOWS\System32\OpenSSH\;C:\ProgramData\chocolatey\bin;C:\Program Files (x86)\Microsoft SQL Server\100\Tools\Binn\;C:\Program Files\Microsoft SQL Server\100\Tools\Binn\;C:\Program Files\Microsoft SQL Server\100\DTS\Binn\;C:\Program Files\nodejs\;C:\Program Files\Java\jdk-25.0.2\bin;C:\Program Files\MySQL\MySQL Shell 8.0\bin\;C:\Users\HP\AppData\Local\Microsoft\WindowsApps;C:\Users\HP\AppData\Local\Programs\Microsoft VS Code\bin;C:\Users\HP\AppData\Local\Programs\Antigravity\bin;C:\Users\HP\AppData\Roaming\npm;.]
12-Mar-2026 19:52:16.571 INFO [main] org.apache.coyote.AbstractProtocol.init Initializing ProtocolHandler ["http-nio-8080"]
12-Mar-2026 19:52:16.607 INFO [main] org.apache.catalina.startup.Catalina.load Server initialization in [646] milliseconds
12-Mar-2026 19:52:16.676 INFO [main] org.apache.catalina.core.StandardService.startInternal Starting service [Catalina]
12-Mar-2026 19:52:16.677 INFO [main] org.apache.catalina.core.StandardEngine.startInternal Starting Servlet engine: [Apache Tomcat/10.1.52]
12-Mar-2026 19:52:16.690 INFO [main] org.apache.catalina.startup.HostConfig.deployDirectory Deploying web application directory [D:\STUDY\Website-projects\Talksy-chat-app\Backend\apache-tomcat-10.1.52\apache-tomcat-10.1.52\webapps\chatapp]
12-Mar-2026 19:52:17.434 INFO [main] org.apache.jasper.servlet.TldScanner.scanJars At least one JAR was scanned for TLDs yet contained no TLDs. Enable debug logging for this logger for a complete list of JARs that were scanned but no TLDs were found in them. Skipping unneeded JARs during scanning can improve startup time and JSP compilation time.
12-Mar-2026 19:52:17.511 INFO [main] org.apache.catalina.startup.HostConfig.deployDirectory Deployment of web application directory [D:\STUDY\Website-projects\Talksy-chat-app\Backend\apache-tomcat-10.1.52\apache-tomcat-10.1.52\webapps\chatapp] has finished in [814] ms
12-Mar-2026 19:52:17.511 INFO [main] org.apache.catalina.startup.HostConfig.deployDirectory Deploying web application directory [D:\STUDY\Website-projects\Talksy-chat-app\Backend\apache-tomcat-10.1.52\apache-tomcat-10.1.52\webapps\docs]
12-Mar-2026 19:52:17.770 INFO [main] org.apache.jasper.servlet.TldScanner.scanJars At least one JAR was scanned for TLDs yet contained no TLDs. Enable debug logging for this logger for a complete list of JARs that were scanned but no TLDs were found in them. Skipping unneeded JARs during scanning can improve startup time and JSP compilation time.
12-Mar-2026 19:52:17.784 INFO [main] org.apache.catalina.startup.HostConfig.deployDirectory Deployment of web application directory [D:\STUDY\Website-projects\Talksy-chat-app\Backend\apache-tomcat-10.1.52\apache-tomcat-10.1.52\webapps\docs] has finished in [273] ms
12-Mar-2026 19:52:17.785 INFO [main] org.apache.catalina.startup.HostConfig.deployDirectory Deploying web application directory [D:\STUDY\Website-projects\Talksy-chat-app\Backend\apache-tomcat-10.1.52\apache-tomcat-10.1.52\webapps\examples]
12-Mar-2026 19:52:18.511 INFO [main] org.apache.jasper.servlet.TldScanner.scanJars At least one JAR was scanned for TLDs yet contained no TLDs. Enable debug logging for this logger for a complete list of JARs that were scanned but no TLDs were found in them. Skipping unneeded JARs during scanning can improve startup time and JSP compilation time.
12-Mar-2026 19:52:18.590 INFO [main] org.apache.catalina.startup.HostConfig.deployDirectory Deployment of web application directory [D:\STUDY\Website-projects\Talksy-chat-app\Backend\apache-tomcat-10.1.52\apache-tomcat-10.1.52\webapps\examples] has finished in [805] ms
12-Mar-2026 19:52:18.590 INFO [main] org.apache.catalina.startup.HostConfig.deployDirectory Deploying web application directory [D:\STUDY\Website-projects\Talksy-chat-app\Backend\apache-tomcat-10.1.52\apache-tomcat-10.1.52\webapps\host-manager]
12-Mar-2026 19:52:18.860 INFO [main] org.apache.jasper.servlet.TldScanner.scanJars At least one JAR was scanned for TLDs yet contained no TLDs. Enable debug logging for this logger for a complete list of JARs that were scanned but no TLDs were found in them. Skipping unneeded JARs during scanning can improve startup time and JSP compilation time.
12-Mar-2026 19:52:18.894 INFO [main] org.apache.catalina.startup.HostConfig.deployDirectory Deployment of web application directory [D:\STUDY\Website-projects\Talksy-chat-app\Backend\apache-tomcat-10.1.52\apache-tomcat-10.1.52\webapps\host-manager] has finished in [304] ms
12-Mar-2026 19:52:18.895 INFO [main] org.apache.catalina.startup.HostConfig.deployDirectory Deploying web application directory [D:\STUDY\Website-projects\Talksy-chat-app\Backend\apache-tomcat-10.1.52\apache-tomcat-10.1.52\webapps\manager]
12-Mar-2026 19:52:19.123 INFO [main] org.apache.jasper.servlet.TldScanner.scanJars At least one JAR was scanned for TLDs yet contained no TLDs. Enable debug logging for this logger for a complete list of JARs that were scanned but no TLDs were found in them. Skipping unneeded JARs during scanning can improve startup time and JSP compilation time.
12-Mar-2026 19:52:19.130 INFO [main] org.apache.catalina.startup.HostConfig.deployDirectory Deployment of web application directory [D:\STUDY\Website-projects\Talksy-chat-app\Backend\apache-tomcat-10.1.52\apache-tomcat-10.1.52\webapps\manager] has finished in [235] ms
12-Mar-2026 19:52:19.131 INFO [main] org.apache.catalina.startup.HostConfig.deployDirectory Deploying web application directory [D:\STUDY\Website-projects\Talksy-chat-app\Backend\apache-tomcat-10.1.52\apache-tomcat-10.1.52\webapps\ROOT]
12-Mar-2026 19:52:19.336 INFO [main] org.apache.jasper.servlet.TldScanner.scanJars At least one JAR was scanned for TLDs yet contained no TLDs. Enable debug logging for this logger for a complete list of JARs that were scanned but no TLDs were found in them. Skipping unneeded JARs during scanning can improve startup time and JSP compilation time.
12-Mar-2026 19:52:19.342 INFO [main] org.apache.catalina.startup.HostConfig.deployDirectory Deployment of web application directory [D:\STUDY\Website-projects\Talksy-chat-app\Backend\apache-tomcat-10.1.52\apache-tomcat-10.1.52\webapps\ROOT] has finished in [210] ms
12-Mar-2026 19:52:19.345 INFO [main] org.apache.coyote.AbstractProtocol.start Starting ProtocolHandler ["http-nio-8080"]
12-Mar-2026 19:52:19.410 INFO [main] org.apache.catalina.startup.Catalina.start Server startup in [2797] milliseconds
12-Mar-2026 20:02:28.474 INFO [main] org.apache.catalina.startup.VersionLoggerListener.log Server version name:   Apache Tomcat/10.1.52
12-Mar-2026 20:02:28.481 INFO [main] org.apache.catalina.startup.VersionLoggerListener.log Server built:          Jan 23 2026 19:29:07 UTC
12-Mar-2026 20:02:28.483 INFO [main] org.apache.catalina.startup.VersionLoggerListener.log Server version number: 10.1.52.0
12-Mar-2026 20:02:28.484 INFO [main] org.apache.catalina.startup.VersionLoggerListener.log OS Name:               Windows 11
12-Mar-2026 20:02:28.484 INFO [main] org.apache.catalina.startup.VersionLoggerListener.log OS Version:            10.0
12-Mar-2026 20:02:28.485 INFO [main] org.apache.catalina.startup.VersionLoggerListener.log Architecture:          amd64
12-Mar-2026 20:02:28.485 INFO [main] org.apache.catalina.startup.VersionLoggerListener.log Java Home:             C:\Program Files\Java\jdk-25.0.2
12-Mar-2026 20:02:28.486 INFO [main] org.apache.catalina.startup.VersionLoggerListener.log JVM Version:           25.0.2+10-LTS-69
12-Mar-2026 20:02:28.486 INFO [main] org.apache.catalina.startup.VersionLoggerListener.log JVM Vendor:            Oracle Corporation
12-Mar-2026 20:02:28.487 INFO [main] org.apache.catalina.startup.VersionLoggerListener.log CATALINA_BASE:         D:\STUDY\Website-projects\Talksy-chat-app\Backend\apache-tomcat-10.1.52\apache-tomcat-10.1.52
12-Mar-2026 20:02:28.487 INFO [main] org.apache.catalina.startup.VersionLoggerListener.log CATALINA_HOME:         D:\STUDY\Website-projects\Talksy-chat-app\Backend\apache-tomcat-10.1.52\apache-tomcat-10.1.52
12-Mar-2026 20:02:28.512 INFO [main] org.apache.catalina.startup.VersionLoggerListener.log Command line argument: -Djava.util.logging.config.file=D:\STUDY\Website-projects\Talksy-chat-app\Backend\apache-tomcat-10.1.52\apache-tomcat-10.1.52\conf\logging.properties
12-Mar-2026 20:02:28.513 INFO [main] org.apache.catalina.startup.VersionLoggerListener.log Command line argument: -Djava.util.logging.manager=org.apache.juli.ClassLoaderLogManager
12-Mar-2026 20:02:28.514 INFO [main] org.apache.catalina.startup.VersionLoggerListener.log Command line argument: -Djdk.tls.ephemeralDHKeySize=2048
12-Mar-2026 20:02:28.514 INFO [main] org.apache.catalina.startup.VersionLoggerListener.log Command line argument: -Djava.protocol.handler.pkgs=org.apache.catalina.webresources
12-Mar-2026 20:02:28.514 INFO [main] org.apache.catalina.startup.VersionLoggerListener.log Command line argument: -Dsun.io.useCanonCaches=false
12-Mar-2026 20:02:28.515 INFO [main] org.apache.catalina.startup.VersionLoggerListener.log Command line argument: --add-opens=java.base/java.lang=ALL-UNNAMED
12-Mar-2026 20:02:28.515 INFO [main] org.apache.catalina.startup.VersionLoggerListener.log Command line argument: --add-opens=java.base/java.lang.reflect=ALL-UNNAMED
12-Mar-2026 20:02:28.516 INFO [main] org.apache.catalina.startup.VersionLoggerListener.log Command line argument: --add-opens=java.base/java.io=ALL-UNNAMED
12-Mar-2026 20:02:28.517 INFO [main] org.apache.catalina.startup.VersionLoggerListener.log Command line argument: --add-opens=java.base/java.util=ALL-UNNAMED
12-Mar-2026 20:02:28.517 INFO [main] org.apache.catalina.startup.VersionLoggerListener.log Command line argument: --add-opens=java.base/java.util.concurrent=ALL-UNNAMED
12-Mar-2026 20:02:28.518 INFO [main] org.apache.catalina.startup.VersionLoggerListener.log Command line argument: --add-opens=java.rmi/sun.rmi.transport=ALL-UNNAMED
12-Mar-2026 20:02:28.518 INFO [main] org.apache.catalina.startup.VersionLoggerListener.log Command line argument: -Dcatalina.base=D:\STUDY\Website-projects\Talksy-chat-app\Backend\apache-tomcat-10.1.52\apache-tomcat-10.1.52
12-Mar-2026 20:02:28.519 INFO [main] org.apache.catalina.startup.VersionLoggerListener.log Command line argument: -Dcatalina.home=D:\STUDY\Website-projects\Talksy-chat-app\Backend\apache-tomcat-10.1.52\apache-tomcat-10.1.52
12-Mar-2026 20:02:28.519 INFO [main] org.apache.catalina.startup.VersionLoggerListener.log Command line argument: -Djava.io.tmpdir=D:\STUDY\Website-projects\Talksy-chat-app\Backend\apache-tomcat-10.1.52\apache-tomcat-10.1.52\temp
12-Mar-2026 20:02:28.530 INFO [main] org.apache.catalina.core.AprLifecycleListener.lifecycleEvent The Apache Tomcat Native library which allows using OpenSSL was not found on the java.library.path: [C:\Program Files\Java\jdk-25.0.2\bin;C:\WINDOWS\Sun\Java\bin;C:\WINDOWS\system32;C:\WINDOWS;C:\Program Files\Common Files\Oracle\Java\javapath;C:\WINDOWS\system32;C:\WINDOWS;C:\WINDOWS\System32\Wbem;C:\WINDOWS\System32\WindowsPowerShell\v1.0\;C:\WINDOWS\System32\OpenSSH\;C:\ProgramData\chocolatey\bin;C:\Program Files (x86)\Microsoft SQL Server\100\Tools\Binn\;C:\Program Files\Microsoft SQL Server\100\Tools\Binn\;C:\Program Files\Microsoft SQL Server\100\DTS\Binn\;C:\Program Files\nodejs\;C:\Program Files\Java\jdk-25.0.2\bin;C:\Program Files\MySQL\MySQL Shell 8.0\bin\;C:\Users\HP\AppData\Local\Microsoft\WindowsApps;C:\Users\HP\AppData\Local\Programs\Microsoft VS Code\bin;C:\Users\HP\AppData\Local\Programs\Antigravity\bin;C:\Users\HP\AppData\Roaming\npm;.]
12-Mar-2026 20:02:28.911 INFO [main] org.apache.coyote.AbstractProtocol.init Initializing ProtocolHandler ["http-nio-8080"]
12-Mar-2026 20:02:28.949 INFO [main] org.apache.catalina.startup.Catalina.load Server initialization in [690] milliseconds
12-Mar-2026 20:02:29.005 INFO [main] org.apache.catalina.core.StandardService.startInternal Starting service [Catalina]
12-Mar-2026 20:02:29.006 INFO [main] org.apache.catalina.core.StandardEngine.startInternal Starting Servlet engine: [Apache Tomcat/10.1.52]
12-Mar-2026 20:02:29.018 INFO [main] org.apache.catalina.startup.HostConfig.deployDirectory Deploying web application directory [D:\STUDY\Website-projects\Talksy-chat-app\Backend\apache-tomcat-10.1.52\apache-tomcat-10.1.52\webapps\chatapp]
12-Mar-2026 20:02:29.680 INFO [main] org.apache.jasper.servlet.TldScanner.scanJars At least one JAR was scanned for TLDs yet contained no TLDs. Enable debug logging for this logger for a complete list of JARs that were scanned but no TLDs were found in them. Skipping unneeded JARs during scanning can improve startup time and JSP compilation time.
12-Mar-2026 20:02:29.748 INFO [main] org.apache.catalina.startup.HostConfig.deployDirectory Deployment of web application directory [D:\STUDY\Website-projects\Talksy-chat-app\Backend\apache-tomcat-10.1.52\apache-tomcat-10.1.52\webapps\chatapp] has finished in [726] ms
12-Mar-2026 20:02:29.748 INFO [main] org.apache.catalina.startup.HostConfig.deployDirectory Deploying web application directory [D:\STUDY\Website-projects\Talksy-chat-app\Backend\apache-tomcat-10.1.52\apache-tomcat-10.1.52\webapps\docs]
12-Mar-2026 20:02:30.050 INFO [main] org.apache.jasper.servlet.TldScanner.scanJars At least one JAR was scanned for TLDs yet contained no TLDs. Enable debug logging for this logger for a complete list of JARs that were scanned but no TLDs were found in them. Skipping unneeded JARs during scanning can improve startup time and JSP compilation time.
12-Mar-2026 20:02:30.055 INFO [main] org.apache.catalina.startup.HostConfig.deployDirectory Deployment of web application directory [D:\STUDY\Website-projects\Talksy-chat-app\Backend\apache-tomcat-10.1.52\apache-tomcat-10.1.52\webapps\docs] has finished in [307] ms
12-Mar-2026 20:02:30.056 INFO [main] org.apache.catalina.startup.HostConfig.deployDirectory Deploying web application directory [D:\STUDY\Website-projects\Talksy-chat-app\Backend\apache-tomcat-10.1.52\apache-tomcat-10.1.52\webapps\examples]
12-Mar-2026 20:02:30.601 INFO [main] org.apache.jasper.servlet.TldScanner.scanJars At least one JAR was scanned for TLDs yet contained no TLDs. Enable debug logging for this logger for a complete list of JARs that were scanned but no TLDs were found in them. Skipping unneeded JARs during scanning can improve startup time and JSP compilation time.
12-Mar-2026 20:02:30.681 INFO [main] org.apache.catalina.startup.HostConfig.deployDirectory Deployment of web application directory [D:\STUDY\Website-projects\Talksy-chat-app\Backend\apache-tomcat-10.1.52\apache-tomcat-10.1.52\webapps\examples] has finished in [626] ms
12-Mar-2026 20:02:30.682 INFO [main] org.apache.catalina.startup.HostConfig.deployDirectory Deploying web application directory [D:\STUDY\Website-projects\Talksy-chat-app\Backend\apache-tomcat-10.1.52\apache-tomcat-10.1.52\webapps\host-manager]
12-Mar-2026 20:02:30.982 INFO [main] org.apache.jasper.servlet.TldScanner.scanJars At least one JAR was scanned for TLDs yet contained no TLDs. Enable debug logging for this logger for a complete list of JARs that were scanned but no TLDs were found in them. Skipping unneeded JARs during scanning can improve startup time and JSP compilation time.
12-Mar-2026 20:02:30.998 INFO [main] org.apache.catalina.startup.HostConfig.deployDirectory Deployment of web application directory [D:\STUDY\Website-projects\Talksy-chat-app\Backend\apache-tomcat-10.1.52\apache-tomcat-10.1.52\webapps\host-manager] has finished in [316] ms
12-Mar-2026 20:02:30.999 INFO [main] org.apache.catalina.startup.HostConfig.deployDirectory Deploying web application directory [D:\STUDY\Website-projects\Talksy-chat-app\Backend\apache-tomcat-10.1.52\apache-tomcat-10.1.52\webapps\manager]
12-Mar-2026 20:02:31.222 INFO [main] org.apache.jasper.servlet.TldScanner.scanJars At least one JAR was scanned for TLDs yet contained no TLDs. Enable debug logging for this logger for a complete list of JARs that were scanned but no TLDs were found in them. Skipping unneeded JARs during scanning can improve startup time and JSP compilation time.
12-Mar-2026 20:02:31.227 INFO [main] org.apache.catalina.startup.HostConfig.deployDirectory Deployment of web application directory [D:\STUDY\Website-projects\Talksy-chat-app\Backend\apache-tomcat-10.1.52\apache-tomcat-10.1.52\webapps\manager] has finished in [228] ms
12-Mar-2026 20:02:31.228 INFO [main] org.apache.catalina.startup.HostConfig.deployDirectory Deploying web application directory [D:\STUDY\Website-projects\Talksy-chat-app\Backend\apache-tomcat-10.1.52\apache-tomcat-10.1.52\webapps\ROOT]
12-Mar-2026 20:02:31.426 INFO [main] org.apache.jasper.servlet.TldScanner.scanJars At least one JAR was scanned for TLDs yet contained no TLDs. Enable debug logging for this logger for a complete list of JARs that were scanned but no TLDs were found in them. Skipping unneeded JARs during scanning can improve startup time and JSP compilation time.
12-Mar-2026 20:02:31.431 INFO [main] org.apache.catalina.startup.HostConfig.deployDirectory Deployment of web application directory [D:\STUDY\Website-projects\Talksy-chat-app\Backend\apache-tomcat-10.1.52\apache-tomcat-10.1.52\webapps\ROOT] has finished in [203] ms
12-Mar-2026 20:02:31.435 INFO [main] org.apache.coyote.AbstractProtocol.start Starting ProtocolHandler ["http-nio-8080"]
12-Mar-2026 20:02:31.493 INFO [main] org.apache.catalina.startup.Catalina.start Server startup in [2541] milliseconds
12-Mar-2026 20:20:01.691 INFO [main] org.apache.catalina.startup.VersionLoggerListener.log Server version name:   Apache Tomcat/10.1.52
12-Mar-2026 20:20:01.697 INFO [main] org.apache.catalina.startup.VersionLoggerListener.log Server built:          Jan 23 2026 19:29:07 UTC
12-Mar-2026 20:20:01.699 INFO [main] org.apache.catalina.startup.VersionLoggerListener.log Server version number: 10.1.52.0
12-Mar-2026 20:20:01.699 INFO [main] org.apache.catalina.startup.VersionLoggerListener.log OS Name:               Windows 11
12-Mar-2026 20:20:01.700 INFO [main] org.apache.catalina.startup.VersionLoggerListener.log OS Version:            10.0
12-Mar-2026 20:20:01.700 INFO [main] org.apache.catalina.startup.VersionLoggerListener.log Architecture:          amd64
12-Mar-2026 20:20:01.701 INFO [main] org.apache.catalina.startup.VersionLoggerListener.log Java Home:             C:\Program Files\Java\jdk-25.0.2
12-Mar-2026 20:20:01.701 INFO [main] org.apache.catalina.startup.VersionLoggerListener.log JVM Version:           25.0.2+10-LTS-69
12-Mar-2026 20:20:01.702 INFO [main] org.apache.catalina.startup.VersionLoggerListener.log JVM Vendor:            Oracle Corporation
12-Mar-2026 20:20:01.702 INFO [main] org.apache.catalina.startup.VersionLoggerListener.log CATALINA_BASE:         D:\STUDY\Website-projects\Talksy-chat-app\Backend\apache-tomcat-10.1.52\apache-tomcat-10.1.52
12-Mar-2026 20:20:01.703 INFO [main] org.apache.catalina.startup.VersionLoggerListener.log CATALINA_HOME:         D:\STUDY\Website-projects\Talksy-chat-app\Backend\apache-tomcat-10.1.52\apache-tomcat-10.1.52
12-Mar-2026 20:20:01.746 INFO [main] org.apache.catalina.startup.VersionLoggerListener.log Command line argument: -Djava.util.logging.config.file=D:\STUDY\Website-projects\Talksy-chat-app\Backend\apache-tomcat-10.1.52\apache-tomcat-10.1.52\conf\logging.properties
12-Mar-2026 20:20:01.747 INFO [main] org.apache.catalina.startup.VersionLoggerListener.log Command line argument: -Djava.util.logging.manager=org.apache.juli.ClassLoaderLogManager
12-Mar-2026 20:20:01.747 INFO [main] org.apache.catalina.startup.VersionLoggerListener.log Command line argument: -Djdk.tls.ephemeralDHKeySize=2048
12-Mar-2026 20:20:01.748 INFO [main] org.apache.catalina.startup.VersionLoggerListener.log Command line argument: -Djava.protocol.handler.pkgs=org.apache.catalina.webresources
12-Mar-2026 20:20:01.749 INFO [main] org.apache.catalina.startup.VersionLoggerListener.log Command line argument: -Dsun.io.useCanonCaches=false
12-Mar-2026 20:20:01.750 INFO [main] org.apache.catalina.startup.VersionLoggerListener.log Command line argument: --add-opens=java.base/java.lang=ALL-UNNAMED
12-Mar-2026 20:20:01.751 INFO [main] org.apache.catalina.startup.VersionLoggerListener.log Command line argument: --add-opens=java.base/java.lang.reflect=ALL-UNNAMED
12-Mar-2026 20:20:01.751 INFO [main] org.apache.catalina.startup.VersionLoggerListener.log Command line argument: --add-opens=java.base/java.io=ALL-UNNAMED
12-Mar-2026 20:20:01.752 INFO [main] org.apache.catalina.startup.VersionLoggerListener.log Command line argument: --add-opens=java.base/java.util=ALL-UNNAMED
12-Mar-2026 20:20:01.752 INFO [main] org.apache.catalina.startup.VersionLoggerListener.log Command line argument: --add-opens=java.base/java.util.concurrent=ALL-UNNAMED
12-Mar-2026 20:20:01.753 INFO [main] org.apache.catalina.startup.VersionLoggerListener.log Command line argument: --add-opens=java.rmi/sun.rmi.transport=ALL-UNNAMED
12-Mar-2026 20:20:01.753 INFO [main] org.apache.catalina.startup.VersionLoggerListener.log Command line argument: -Dcatalina.base=D:\STUDY\Website-projects\Talksy-chat-app\Backend\apache-tomcat-10.1.52\apache-tomcat-10.1.52
12-Mar-2026 20:20:01.754 INFO [main] org.apache.catalina.startup.VersionLoggerListener.log Command line argument: -Dcatalina.home=D:\STUDY\Website-projects\Talksy-chat-app\Backend\apache-tomcat-10.1.52\apache-tomcat-10.1.52
12-Mar-2026 20:20:01.754 INFO [main] org.apache.catalina.startup.VersionLoggerListener.log Command line argument: -Djava.io.tmpdir=D:\STUDY\Website-projects\Talksy-chat-app\Backend\apache-tomcat-10.1.52\apache-tomcat-10.1.52\temp
12-Mar-2026 20:20:01.769 INFO [main] org.apache.catalina.core.AprLifecycleListener.lifecycleEvent The Apache Tomcat Native library which allows using OpenSSL was not found on the java.library.path: [C:\Program Files\Java\jdk-25.0.2\bin;C:\WINDOWS\Sun\Java\bin;C:\WINDOWS\system32;C:\WINDOWS;C:\Program Files\Common Files\Oracle\Java\javapath;C:\WINDOWS\system32;C:\WINDOWS;C:\WINDOWS\System32\Wbem;C:\WINDOWS\System32\WindowsPowerShell\v1.0\;C:\WINDOWS\System32\OpenSSH\;C:\ProgramData\chocolatey\bin;C:\Program Files (x86)\Microsoft SQL Server\100\Tools\Binn\;C:\Program Files\Microsoft SQL Server\100\Tools\Binn\;C:\Program Files\Microsoft SQL Server\100\DTS\Binn\;C:\Program Files\nodejs\;C:\Program Files\Java\jdk-25.0.2\bin;C:\Program Files\MySQL\MySQL Shell 8.0\bin\;C:\Users\HP\AppData\Local\Microsoft\WindowsApps;C:\Users\HP\AppData\Local\Programs\Microsoft VS Code\bin;C:\Users\HP\AppData\Local\Programs\Antigravity\bin;C:\Users\HP\AppData\Roaming\npm;.]
12-Mar-2026 20:20:02.148 INFO [main] org.apache.coyote.AbstractProtocol.init Initializing ProtocolHandler ["http-nio-8080"]
12-Mar-2026 20:20:02.189 INFO [main] org.apache.catalina.startup.Catalina.load Server initialization in [849] milliseconds
12-Mar-2026 20:20:02.248 INFO [main] org.apache.catalina.core.StandardService.startInternal Starting service [Catalina]
12-Mar-2026 20:20:02.249 INFO [main] org.apache.catalina.core.StandardEngine.startInternal Starting Servlet engine: [Apache Tomcat/10.1.52]
12-Mar-2026 20:20:02.260 INFO [main] org.apache.catalina.startup.HostConfig.deployDirectory Deploying web application directory [D:\STUDY\Website-projects\Talksy-chat-app\Backend\apache-tomcat-10.1.52\apache-tomcat-10.1.52\webapps\chatapp]
12-Mar-2026 20:20:03.105 INFO [main] org.apache.jasper.servlet.TldScanner.scanJars At least one JAR was scanned for TLDs yet contained no TLDs. Enable debug logging for this logger for a complete list of JARs that were scanned but no TLDs were found in them. Skipping unneeded JARs during scanning can improve startup time and JSP compilation time.
12-Mar-2026 20:20:03.271 INFO [main] org.apache.catalina.startup.HostConfig.deployDirectory Deployment of web application directory [D:\STUDY\Website-projects\Talksy-chat-app\Backend\apache-tomcat-10.1.52\apache-tomcat-10.1.52\webapps\chatapp] has finished in [999] ms
12-Mar-2026 20:20:03.273 INFO [main] org.apache.catalina.startup.HostConfig.deployDirectory Deploying web application directory [D:\STUDY\Website-projects\Talksy-chat-app\Backend\apache-tomcat-10.1.52\apache-tomcat-10.1.52\webapps\docs]
12-Mar-2026 20:20:04.324 INFO [main] org.apache.jasper.servlet.TldScanner.scanJars At least one JAR was scanned for TLDs yet contained no TLDs. Enable debug logging for this logger for a complete list of JARs that were scanned but no TLDs were found in them. Skipping unneeded JARs during scanning can improve startup time and JSP compilation time.
12-Mar-2026 20:20:04.340 INFO [main] org.apache.catalina.startup.HostConfig.deployDirectory Deployment of web application directory [D:\STUDY\Website-projects\Talksy-chat-app\Backend\apache-tomcat-10.1.52\apache-tomcat-10.1.52\webapps\docs] has finished in [1,067] ms
12-Mar-2026 20:20:04.341 INFO [main] org.apache.catalina.startup.HostConfig.deployDirectory Deploying web application directory [D:\STUDY\Website-projects\Talksy-chat-app\Backend\apache-tomcat-10.1.52\apache-tomcat-10.1.52\webapps\examples]
12-Mar-2026 20:20:06.358 INFO [main] org.apache.jasper.servlet.TldScanner.scanJars At least one JAR was scanned for TLDs yet contained no TLDs. Enable debug logging for this logger for a complete list of JARs that were scanned but no TLDs were found in them. Skipping unneeded JARs during scanning can improve startup time and JSP compilation time.
12-Mar-2026 20:20:06.539 INFO [main] org.apache.catalina.startup.HostConfig.deployDirectory Deployment of web application directory [D:\STUDY\Website-projects\Talksy-chat-app\Backend\apache-tomcat-10.1.52\apache-tomcat-10.1.52\webapps\examples] has finished in [2,197] ms
12-Mar-2026 20:20:06.540 INFO [main] org.apache.catalina.startup.HostConfig.deployDirectory Deploying web application directory [D:\STUDY\Website-projects\Talksy-chat-app\Backend\apache-tomcat-10.1.52\apache-tomcat-10.1.52\webapps\host-manager]
12-Mar-2026 20:20:07.659 INFO [main] org.apache.jasper.servlet.TldScanner.scanJars At least one JAR was scanned for TLDs yet contained no TLDs. Enable debug logging for this logger for a complete list of JARs that were scanned but no TLDs were found in them. Skipping unneeded JARs during scanning can improve startup time and JSP compilation time.
12-Mar-2026 20:20:07.694 INFO [main] org.apache.catalina.startup.HostConfig.deployDirectory Deployment of web application directory [D:\STUDY\Website-projects\Talksy-chat-app\Backend\apache-tomcat-10.1.52\apache-tomcat-10.1.52\webapps\host-manager] has finished in [1,155] ms
12-Mar-2026 20:20:07.696 INFO [main] org.apache.catalina.startup.HostConfig.deployDirectory Deploying web application directory [D:\STUDY\Website-projects\Talksy-chat-app\Backend\apache-tomcat-10.1.52\apache-tomcat-10.1.52\webapps\manager]
12-Mar-2026 20:20:08.481 INFO [main] org.apache.jasper.servlet.TldScanner.scanJars At least one JAR was scanned for TLDs yet contained no TLDs. Enable debug logging for this logger for a complete list of JARs that were scanned but no TLDs were found in them. Skipping unneeded JARs during scanning can improve startup time and JSP compilation time.
12-Mar-2026 20:20:08.497 INFO [main] org.apache.catalina.startup.HostConfig.deployDirectory Deployment of web application directory [D:\STUDY\Website-projects\Talksy-chat-app\Backend\apache-tomcat-10.1.52\apache-tomcat-10.1.52\webapps\manager] has finished in [801] ms
12-Mar-2026 20:20:08.498 INFO [main] org.apache.catalina.startup.HostConfig.deployDirectory Deploying web application directory [D:\STUDY\Website-projects\Talksy-chat-app\Backend\apache-tomcat-10.1.52\apache-tomcat-10.1.52\webapps\ROOT]
12-Mar-2026 20:20:09.466 INFO [main] org.apache.jasper.servlet.TldScanner.scanJars At least one JAR was scanned for TLDs yet contained no TLDs. Enable debug logging for this logger for a complete list of JARs that were scanned but no TLDs were found in them. Skipping unneeded JARs during scanning can improve startup time and JSP compilation time.
12-Mar-2026 20:20:09.478 INFO [main] org.apache.catalina.startup.HostConfig.deployDirectory Deployment of web application directory [D:\STUDY\Website-projects\Talksy-chat-app\Backend\apache-tomcat-10.1.52\apache-tomcat-10.1.52\webapps\ROOT] has finished in [980] ms
12-Mar-2026 20:20:09.489 INFO [main] org.apache.coyote.AbstractProtocol.start Starting ProtocolHandler ["http-nio-8080"]
12-Mar-2026 20:20:09.612 INFO [main] org.apache.catalina.startup.Catalina.start Server startup in [7420] milliseconds
12-Mar-2026 20:52:10.233 INFO [main] org.apache.catalina.startup.VersionLoggerListener.log Server version name:   Apache Tomcat/10.1.52
12-Mar-2026 20:52:10.236 INFO [main] org.apache.catalina.startup.VersionLoggerListener.log Server built:          Jan 23 2026 19:29:07 UTC
12-Mar-2026 20:52:10.237 INFO [main] org.apache.catalina.startup.VersionLoggerListener.log Server version number: 10.1.52.0
12-Mar-2026 20:52:10.237 INFO [main] org.apache.catalina.startup.VersionLoggerListener.log OS Name:               Windows 11
12-Mar-2026 20:52:10.237 INFO [main] org.apache.catalina.startup.VersionLoggerListener.log OS Version:            10.0
12-Mar-2026 20:52:10.237 INFO [main] org.apache.catalina.startup.VersionLoggerListener.log Architecture:          amd64
12-Mar-2026 20:52:10.238 INFO [main] org.apache.catalina.startup.VersionLoggerListener.log Java Home:             C:\Program Files\Java\jdk-25.0.2
12-Mar-2026 20:52:10.238 INFO [main] org.apache.catalina.startup.VersionLoggerListener.log JVM Version:           25.0.2+10-LTS-69
12-Mar-2026 20:52:10.238 INFO [main] org.apache.catalina.startup.VersionLoggerListener.log JVM Vendor:            Oracle Corporation
12-Mar-2026 20:52:10.239 INFO [main] org.apache.catalina.startup.VersionLoggerListener.log CATALINA_BASE:         D:\STUDY\Website-projects\Talksy-chat-app\Backend\apache-tomcat-10.1.52\apache-tomcat-10.1.52
12-Mar-2026 20:52:10.239 INFO [main] org.apache.catalina.startup.VersionLoggerListener.log CATALINA_HOME:         D:\STUDY\Website-projects\Talksy-chat-app\Backend\apache-tomcat-10.1.52\apache-tomcat-10.1.52
12-Mar-2026 20:52:10.254 INFO [main] org.apache.catalina.startup.VersionLoggerListener.log Command line argument: -Djava.util.logging.config.file=D:\STUDY\Website-projects\Talksy-chat-app\Backend\apache-tomcat-10.1.52\apache-tomcat-10.1.52\conf\logging.properties
12-Mar-2026 20:52:10.255 INFO [main] org.apache.catalina.startup.VersionLoggerListener.log Command line argument: -Djava.util.logging.manager=org.apache.juli.ClassLoaderLogManager
12-Mar-2026 20:52:10.255 INFO [main] org.apache.catalina.startup.VersionLoggerListener.log Command line argument: -Djdk.tls.ephemeralDHKeySize=2048
12-Mar-2026 20:52:10.255 INFO [main] org.apache.catalina.startup.VersionLoggerListener.log Command line argument: -Djava.protocol.handler.pkgs=org.apache.catalina.webresources
12-Mar-2026 20:52:10.255 INFO [main] org.apache.catalina.startup.VersionLoggerListener.log Command line argument: -Dsun.io.useCanonCaches=false
12-Mar-2026 20:52:10.256 INFO [main] org.apache.catalina.startup.VersionLoggerListener.log Command line argument: --add-opens=java.base/java.lang=ALL-UNNAMED
12-Mar-2026 20:52:10.256 INFO [main] org.apache.catalina.startup.VersionLoggerListener.log Command line argument: --add-opens=java.base/java.lang.reflect=ALL-UNNAMED
12-Mar-2026 20:52:10.256 INFO [main] org.apache.catalina.startup.VersionLoggerListener.log Command line argument: --add-opens=java.base/java.io=ALL-UNNAMED
12-Mar-2026 20:52:10.256 INFO [main] org.apache.catalina.startup.VersionLoggerListener.log Command line argument: --add-opens=java.base/java.util=ALL-UNNAMED
12-Mar-2026 20:52:10.256 INFO [main] org.apache.catalina.startup.VersionLoggerListener.log Command line argument: --add-opens=java.base/java.util.concurrent=ALL-UNNAMED
12-Mar-2026 20:52:10.256 INFO [main] org.apache.catalina.startup.VersionLoggerListener.log Command line argument: --add-opens=java.rmi/sun.rmi.transport=ALL-UNNAMED
12-Mar-2026 20:52:10.258 INFO [main] org.apache.catalina.startup.VersionLoggerListener.log Command line argument: -Dcatalina.base=D:\STUDY\Website-projects\Talksy-chat-app\Backend\apache-tomcat-10.1.52\apache-tomcat-10.1.52
12-Mar-2026 20:52:10.258 INFO [main] org.apache.catalina.startup.VersionLoggerListener.log Command line argument: -Dcatalina.home=D:\STUDY\Website-projects\Talksy-chat-app\Backend\apache-tomcat-10.1.52\apache-tomcat-10.1.52
12-Mar-2026 20:52:10.258 INFO [main] org.apache.catalina.startup.VersionLoggerListener.log Command line argument: -Djava.io.tmpdir=D:\STUDY\Website-projects\Talksy-chat-app\Backend\apache-tomcat-10.1.52\apache-tomcat-10.1.52\temp
12-Mar-2026 20:52:10.267 INFO [main] org.apache.catalina.core.AprLifecycleListener.lifecycleEvent The Apache Tomcat Native library which allows using OpenSSL was not found on the java.library.path: [C:\Program Files\Java\jdk-25.0.2\bin;C:\WINDOWS\Sun\Java\bin;C:\WINDOWS\system32;C:\WINDOWS;C:\Program Files\Common Files\Oracle\Java\javapath;C:\WINDOWS\system32;C:\WINDOWS;C:\WINDOWS\System32\Wbem;C:\WINDOWS\System32\WindowsPowerShell\v1.0\;C:\WINDOWS\System32\OpenSSH\;C:\ProgramData\chocolatey\bin;C:\Program Files (x86)\Microsoft SQL Server\100\Tools\Binn\;C:\Program Files\Microsoft SQL Server\100\Tools\Binn\;C:\Program Files\Microsoft SQL Server\100\DTS\Binn\;C:\Program Files\nodejs\;C:\Program Files\Java\jdk-25.0.2\bin;C:\Program Files\MySQL\MySQL Shell 8.0\bin\;C:\Users\HP\AppData\Local\Microsoft\WindowsApps;C:\Users\HP\AppData\Local\Programs\Microsoft VS Code\bin;C:\Users\HP\AppData\Local\Programs\Antigravity\bin;C:\Users\HP\AppData\Roaming\npm;.]
12-Mar-2026 20:52:10.542 INFO [main] org.apache.coyote.AbstractProtocol.init Initializing ProtocolHandler ["http-nio-8080"]
12-Mar-2026 20:52:10.572 INFO [main] org.apache.catalina.startup.Catalina.load Server initialization in [477] milliseconds
12-Mar-2026 20:52:10.614 INFO [main] org.apache.catalina.core.StandardService.startInternal Starting service [Catalina]
12-Mar-2026 20:52:10.615 INFO [main] org.apache.catalina.core.StandardEngine.startInternal Starting Servlet engine: [Apache Tomcat/10.1.52]
12-Mar-2026 20:52:10.624 INFO [main] org.apache.catalina.startup.HostConfig.deployDirectory Deploying web application directory [D:\STUDY\Website-projects\Talksy-chat-app\Backend\apache-tomcat-10.1.52\apache-tomcat-10.1.52\webapps\chatapp]
12-Mar-2026 20:52:11.204 INFO [main] org.apache.jasper.servlet.TldScanner.scanJars At least one JAR was scanned for TLDs yet contained no TLDs. Enable debug logging for this logger for a complete list of JARs that were scanned but no TLDs were found in them. Skipping unneeded JARs during scanning can improve startup time and JSP compilation time.
12-Mar-2026 20:52:11.255 INFO [main] org.apache.catalina.startup.HostConfig.deployDirectory Deployment of web application directory [D:\STUDY\Website-projects\Talksy-chat-app\Backend\apache-tomcat-10.1.52\apache-tomcat-10.1.52\webapps\chatapp] has finished in [628] ms
12-Mar-2026 20:52:11.256 INFO [main] org.apache.catalina.startup.HostConfig.deployDirectory Deploying web application directory [D:\STUDY\Website-projects\Talksy-chat-app\Backend\apache-tomcat-10.1.52\apache-tomcat-10.1.52\webapps\docs]
12-Mar-2026 20:52:11.475 INFO [main] org.apache.jasper.servlet.TldScanner.scanJars At least one JAR was scanned for TLDs yet contained no TLDs. Enable debug logging for this logger for a complete list of JARs that were scanned but no TLDs were found in them. Skipping unneeded JARs during scanning can improve startup time and JSP compilation time.
12-Mar-2026 20:52:11.480 INFO [main] org.apache.catalina.startup.HostConfig.deployDirectory Deployment of web application directory [D:\STUDY\Website-projects\Talksy-chat-app\Backend\apache-tomcat-10.1.52\apache-tomcat-10.1.52\webapps\docs] has finished in [224] ms
12-Mar-2026 20:52:11.481 INFO [main] org.apache.catalina.startup.HostConfig.deployDirectory Deploying web application directory [D:\STUDY\Website-projects\Talksy-chat-app\Backend\apache-tomcat-10.1.52\apache-tomcat-10.1.52\webapps\examples]
12-Mar-2026 20:52:12.030 INFO [main] org.apache.jasper.servlet.TldScanner.scanJars At least one JAR was scanned for TLDs yet contained no TLDs. Enable debug logging for this logger for a complete list of JARs that were scanned but no TLDs were found in them. Skipping unneeded JARs during scanning can improve startup time and JSP compilation time.
12-Mar-2026 20:52:12.074 INFO [main] org.apache.catalina.startup.HostConfig.deployDirectory Deployment of web application directory [D:\STUDY\Website-projects\Talksy-chat-app\Backend\apache-tomcat-10.1.52\apache-tomcat-10.1.52\webapps\examples] has finished in [593] ms
12-Mar-2026 20:52:12.074 INFO [main] org.apache.catalina.startup.HostConfig.deployDirectory Deploying web application directory [D:\STUDY\Website-projects\Talksy-chat-app\Backend\apache-tomcat-10.1.52\apache-tomcat-10.1.52\webapps\host-manager]
12-Mar-2026 20:52:12.284 INFO [main] org.apache.jasper.servlet.TldScanner.scanJars At least one JAR was scanned for TLDs yet contained no TLDs. Enable debug logging for this logger for a complete list of JARs that were scanned but no TLDs were found in them. Skipping unneeded JARs during scanning can improve startup time and JSP compilation time.
12-Mar-2026 20:52:12.299 INFO [main] org.apache.catalina.startup.HostConfig.deployDirectory Deployment of web application directory [D:\STUDY\Website-projects\Talksy-chat-app\Backend\apache-tomcat-10.1.52\apache-tomcat-10.1.52\webapps\host-manager] has finished in [225] ms
12-Mar-2026 20:52:12.299 INFO [main] org.apache.catalina.startup.HostConfig.deployDirectory Deploying web application directory [D:\STUDY\Website-projects\Talksy-chat-app\Backend\apache-tomcat-10.1.52\apache-tomcat-10.1.52\webapps\manager]
12-Mar-2026 20:52:12.513 INFO [main] org.apache.jasper.servlet.TldScanner.scanJars At least one JAR was scanned for TLDs yet contained no TLDs. Enable debug logging for this logger for a complete list of JARs that were scanned but no TLDs were found in them. Skipping unneeded JARs during scanning can improve startup time and JSP compilation time.
12-Mar-2026 20:52:12.517 INFO [main] org.apache.catalina.startup.HostConfig.deployDirectory Deployment of web application directory [D:\STUDY\Website-projects\Talksy-chat-app\Backend\apache-tomcat-10.1.52\apache-tomcat-10.1.52\webapps\manager] has finished in [218] ms
12-Mar-2026 20:52:12.517 INFO [main] org.apache.catalina.startup.HostConfig.deployDirectory Deploying web application directory [D:\STUDY\Website-projects\Talksy-chat-app\Backend\apache-tomcat-10.1.52\apache-tomcat-10.1.52\webapps\ROOT]
12-Mar-2026 20:52:12.690 INFO [main] org.apache.jasper.servlet.TldScanner.scanJars At least one JAR was scanned for TLDs yet contained no TLDs. Enable debug logging for this logger for a complete list of JARs that were scanned but no TLDs were found in them. Skipping unneeded JARs during scanning can improve startup time and JSP compilation time.
12-Mar-2026 20:52:12.695 INFO [main] org.apache.catalina.startup.HostConfig.deployDirectory Deployment of web application directory [D:\STUDY\Website-projects\Talksy-chat-app\Backend\apache-tomcat-10.1.52\apache-tomcat-10.1.52\webapps\ROOT] has finished in [178] ms
12-Mar-2026 20:52:12.698 INFO [main] org.apache.coyote.AbstractProtocol.start Starting ProtocolHandler ["http-nio-8080"]
12-Mar-2026 20:52:12.725 INFO [main] org.apache.catalina.startup.Catalina.start Server startup in [2151] milliseconds
12-Mar-2026 21:19:06.321 INFO [main] org.apache.catalina.startup.VersionLoggerListener.log Server version name:   Apache Tomcat/10.1.52
12-Mar-2026 21:19:06.324 INFO [main] org.apache.catalina.startup.VersionLoggerListener.log Server built:          Jan 23 2026 19:29:07 UTC
12-Mar-2026 21:19:06.324 INFO [main] org.apache.catalina.startup.VersionLoggerListener.log Server version number: 10.1.52.0
12-Mar-2026 21:19:06.324 INFO [main] org.apache.catalina.startup.VersionLoggerListener.log OS Name:               Windows 11
12-Mar-2026 21:19:06.325 INFO [main] org.apache.catalina.startup.VersionLoggerListener.log OS Version:            10.0
12-Mar-2026 21:19:06.325 INFO [main] org.apache.catalina.startup.VersionLoggerListener.log Architecture:          amd64
12-Mar-2026 21:19:06.326 INFO [main] org.apache.catalina.startup.VersionLoggerListener.log Java Home:             C:\Program Files\Java\jdk-25.0.2
12-Mar-2026 21:19:06.326 INFO [main] org.apache.catalina.startup.VersionLoggerListener.log JVM Version:           25.0.2+10-LTS-69
12-Mar-2026 21:19:06.326 INFO [main] org.apache.catalina.startup.VersionLoggerListener.log JVM Vendor:            Oracle Corporation
12-Mar-2026 21:19:06.326 INFO [main] org.apache.catalina.startup.VersionLoggerListener.log CATALINA_BASE:         D:\STUDY\Website-projects\Talksy-chat-app\Backend\apache-tomcat-10.1.52\apache-tomcat-10.1.52
12-Mar-2026 21:19:06.327 INFO [main] org.apache.catalina.startup.VersionLoggerListener.log CATALINA_HOME:         D:\STUDY\Website-projects\Talksy-chat-app\Backend\apache-tomcat-10.1.52\apache-tomcat-10.1.52
12-Mar-2026 21:19:06.337 INFO [main] org.apache.catalina.startup.VersionLoggerListener.log Command line argument: -Djava.util.logging.config.file=D:\STUDY\Website-projects\Talksy-chat-app\Backend\apache-tomcat-10.1.52\apache-tomcat-10.1.52\conf\logging.properties
12-Mar-2026 21:19:06.337 INFO [main] org.apache.catalina.startup.VersionLoggerListener.log Command line argument: -Djava.util.logging.manager=org.apache.juli.ClassLoaderLogManager
12-Mar-2026 21:19:06.338 INFO [main] org.apache.catalina.startup.VersionLoggerListener.log Command line argument: -Djdk.tls.ephemeralDHKeySize=2048
12-Mar-2026 21:19:06.338 INFO [main] org.apache.catalina.startup.VersionLoggerListener.log Command line argument: -Djava.protocol.handler.pkgs=org.apache.catalina.webresources
12-Mar-2026 21:19:06.338 INFO [main] org.apache.catalina.startup.VersionLoggerListener.log Command line argument: -Dsun.io.useCanonCaches=false
12-Mar-2026 21:19:06.339 INFO [main] org.apache.catalina.startup.VersionLoggerListener.log Command line argument: --add-opens=java.base/java.lang=ALL-UNNAMED
12-Mar-2026 21:19:06.339 INFO [main] org.apache.catalina.startup.VersionLoggerListener.log Command line argument: --add-opens=java.base/java.lang.reflect=ALL-UNNAMED
12-Mar-2026 21:19:06.339 INFO [main] org.apache.catalina.startup.VersionLoggerListener.log Command line argument: --add-opens=java.base/java.io=ALL-UNNAMED
12-Mar-2026 21:19:06.339 INFO [main] org.apache.catalina.startup.VersionLoggerListener.log Command line argument: --add-opens=java.base/java.util=ALL-UNNAMED
12-Mar-2026 21:19:06.340 INFO [main] org.apache.catalina.startup.VersionLoggerListener.log Command line argument: --add-opens=java.base/java.util.concurrent=ALL-UNNAMED
12-Mar-2026 21:19:06.340 INFO [main] org.apache.catalina.startup.VersionLoggerListener.log Command line argument: --add-opens=java.rmi/sun.rmi.transport=ALL-UNNAMED
12-Mar-2026 21:19:06.340 INFO [main] org.apache.catalina.startup.VersionLoggerListener.log Command line argument: -Dcatalina.base=D:\STUDY\Website-projects\Talksy-chat-app\Backend\apache-tomcat-10.1.52\apache-tomcat-10.1.52
12-Mar-2026 21:19:06.340 INFO [main] org.apache.catalina.startup.VersionLoggerListener.log Command line argument: -Dcatalina.home=D:\STUDY\Website-projects\Talksy-chat-app\Backend\apache-tomcat-10.1.52\apache-tomcat-10.1.52
12-Mar-2026 21:19:06.340 INFO [main] org.apache.catalina.startup.VersionLoggerListener.log Command line argument: -Djava.io.tmpdir=D:\STUDY\Website-projects\Talksy-chat-app\Backend\apache-tomcat-10.1.52\apache-tomcat-10.1.52\temp
12-Mar-2026 21:19:06.348 INFO [main] org.apache.catalina.core.AprLifecycleListener.lifecycleEvent The Apache Tomcat Native library which allows using OpenSSL was not found on the java.library.path: [C:\Program Files\Java\jdk-25.0.2\bin;C:\WINDOWS\Sun\Java\bin;C:\WINDOWS\system32;C:\WINDOWS;C:\Program Files\Common Files\Oracle\Java\javapath;C:\WINDOWS\system32;C:\WINDOWS;C:\WINDOWS\System32\Wbem;C:\WINDOWS\System32\WindowsPowerShell\v1.0\;C:\WINDOWS\System32\OpenSSH\;C:\ProgramData\chocolatey\bin;C:\Program Files (x86)\Microsoft SQL Server\100\Tools\Binn\;C:\Program Files\Microsoft SQL Server\100\Tools\Binn\;C:\Program Files\Microsoft SQL Server\100\DTS\Binn\;C:\Program Files\nodejs\;C:\Program Files\Java\jdk-25.0.2\bin;C:\Program Files\MySQL\MySQL Shell 8.0\bin\;C:\Users\HP\AppData\Local\Microsoft\WindowsApps;C:\Users\HP\AppData\Local\Programs\Microsoft VS Code\bin;C:\Users\HP\AppData\Local\Programs\Antigravity\bin;C:\Users\HP\AppData\Roaming\npm;.]
12-Mar-2026 21:19:06.620 INFO [main] org.apache.coyote.AbstractProtocol.init Initializing ProtocolHandler ["http-nio-8080"]
12-Mar-2026 21:19:06.648 INFO [main] org.apache.catalina.startup.Catalina.load Server initialization in [452] milliseconds
12-Mar-2026 21:19:06.696 INFO [main] org.apache.catalina.core.StandardService.startInternal Starting service [Catalina]
12-Mar-2026 21:19:06.696 INFO [main] org.apache.catalina.core.StandardEngine.startInternal Starting Servlet engine: [Apache Tomcat/10.1.52]
12-Mar-2026 21:19:06.707 INFO [main] org.apache.catalina.startup.HostConfig.deployDirectory Deploying web application directory [D:\STUDY\Website-projects\Talksy-chat-app\Backend\apache-tomcat-10.1.52\apache-tomcat-10.1.52\webapps\chatapp]
12-Mar-2026 21:19:07.284 INFO [main] org.apache.jasper.servlet.TldScanner.scanJars At least one JAR was scanned for TLDs yet contained no TLDs. Enable debug logging for this logger for a complete list of JARs that were scanned but no TLDs were found in them. Skipping unneeded JARs during scanning can improve startup time and JSP compilation time.
12-Mar-2026 21:19:07.338 INFO [main] org.apache.catalina.startup.HostConfig.deployDirectory Deployment of web application directory [D:\STUDY\Website-projects\Talksy-chat-app\Backend\apache-tomcat-10.1.52\apache-tomcat-10.1.52\webapps\chatapp] has finished in [628] ms
12-Mar-2026 21:19:07.338 INFO [main] org.apache.catalina.startup.HostConfig.deployDirectory Deploying web application directory [D:\STUDY\Website-projects\Talksy-chat-app\Backend\apache-tomcat-10.1.52\apache-tomcat-10.1.52\webapps\docs]
12-Mar-2026 21:19:07.557 INFO [main] org.apache.jasper.servlet.TldScanner.scanJars At least one JAR was scanned for TLDs yet contained no TLDs. Enable debug logging for this logger for a complete list of JARs that were scanned but no TLDs were found in them. Skipping unneeded JARs during scanning can improve startup time and JSP compilation time.
12-Mar-2026 21:19:07.563 INFO [main] org.apache.catalina.startup.HostConfig.deployDirectory Deployment of web application directory [D:\STUDY\Website-projects\Talksy-chat-app\Backend\apache-tomcat-10.1.52\apache-tomcat-10.1.52\webapps\docs] has finished in [225] ms
12-Mar-2026 21:19:07.564 INFO [main] org.apache.catalina.startup.HostConfig.deployDirectory Deploying web application directory [D:\STUDY\Website-projects\Talksy-chat-app\Backend\apache-tomcat-10.1.52\apache-tomcat-10.1.52\webapps\examples]
12-Mar-2026 21:19:08.061 INFO [main] org.apache.jasper.servlet.TldScanner.scanJars At least one JAR was scanned for TLDs yet contained no TLDs. Enable debug logging for this logger for a complete list of JARs that were scanned but no TLDs were found in them. Skipping unneeded JARs during scanning can improve startup time and JSP compilation time.
12-Mar-2026 21:19:08.111 INFO [main] org.apache.catalina.startup.HostConfig.deployDirectory Deployment of web application directory [D:\STUDY\Website-projects\Talksy-chat-app\Backend\apache-tomcat-10.1.52\apache-tomcat-10.1.52\webapps\examples] has finished in [547] ms
12-Mar-2026 21:19:08.111 INFO [main] org.apache.catalina.startup.HostConfig.deployDirectory Deploying web application directory [D:\STUDY\Website-projects\Talksy-chat-app\Backend\apache-tomcat-10.1.52\apache-tomcat-10.1.52\webapps\host-manager]
12-Mar-2026 21:19:08.316 INFO [main] org.apache.jasper.servlet.TldScanner.scanJars At least one JAR was scanned for TLDs yet contained no TLDs. Enable debug logging for this logger for a complete list of JARs that were scanned but no TLDs were found in them. Skipping unneeded JARs during scanning can improve startup time and JSP compilation time.
12-Mar-2026 21:19:08.329 INFO [main] org.apache.catalina.startup.HostConfig.deployDirectory Deployment of web application directory [D:\STUDY\Website-projects\Talksy-chat-app\Backend\apache-tomcat-10.1.52\apache-tomcat-10.1.52\webapps\host-manager] has finished in [218] ms
12-Mar-2026 21:19:08.329 INFO [main] org.apache.catalina.startup.HostConfig.deployDirectory Deploying web application directory [D:\STUDY\Website-projects\Talksy-chat-app\Backend\apache-tomcat-10.1.52\apache-tomcat-10.1.52\webapps\manager]
12-Mar-2026 21:19:08.512 INFO [main] org.apache.jasper.servlet.TldScanner.scanJars At least one JAR was scanned for TLDs yet contained no TLDs. Enable debug logging for this logger for a complete list of JARs that were scanned but no TLDs were found in them. Skipping unneeded JARs during scanning can improve startup time and JSP compilation time.
12-Mar-2026 21:19:08.518 INFO [main] org.apache.catalina.startup.HostConfig.deployDirectory Deployment of web application directory [D:\STUDY\Website-projects\Talksy-chat-app\Backend\apache-tomcat-10.1.52\apache-tomcat-10.1.52\webapps\manager] has finished in [189] ms
12-Mar-2026 21:19:08.518 INFO [main] org.apache.catalina.startup.HostConfig.deployDirectory Deploying web application directory [D:\STUDY\Website-projects\Talksy-chat-app\Backend\apache-tomcat-10.1.52\apache-tomcat-10.1.52\webapps\ROOT]
12-Mar-2026 21:19:08.704 INFO [main] org.apache.jasper.servlet.TldScanner.scanJars At least one JAR was scanned for TLDs yet contained no TLDs. Enable debug logging for this logger for a complete list of JARs that were scanned but no TLDs were found in them. Skipping unneeded JARs during scanning can improve startup time and JSP compilation time.
12-Mar-2026 21:19:08.707 INFO [main] org.apache.catalina.startup.HostConfig.deployDirectory Deployment of web application directory [D:\STUDY\Website-projects\Talksy-chat-app\Backend\apache-tomcat-10.1.52\apache-tomcat-10.1.52\webapps\ROOT] has finished in [189] ms
12-Mar-2026 21:19:08.709 INFO [main] org.apache.coyote.AbstractProtocol.start Starting ProtocolHandler ["http-nio-8080"]
12-Mar-2026 21:19:08.736 INFO [main] org.apache.catalina.startup.Catalina.start Server startup in [2085] milliseconds
12-Mar-2026 21:27:40.040 INFO [main] org.apache.catalina.startup.VersionLoggerListener.log Server version name:   Apache Tomcat/10.1.52
12-Mar-2026 21:27:40.043 INFO [main] org.apache.catalina.startup.VersionLoggerListener.log Server built:          Jan 23 2026 19:29:07 UTC
12-Mar-2026 21:27:40.043 INFO [main] org.apache.catalina.startup.VersionLoggerListener.log Server version number: 10.1.52.0
12-Mar-2026 21:27:40.043 INFO [main] org.apache.catalina.startup.VersionLoggerListener.log OS Name:               Windows 11
12-Mar-2026 21:27:40.044 INFO [main] org.apache.catalina.startup.VersionLoggerListener.log OS Version:            10.0
12-Mar-2026 21:27:40.044 INFO [main] org.apache.catalina.startup.VersionLoggerListener.log Architecture:          amd64
12-Mar-2026 21:27:40.044 INFO [main] org.apache.catalina.startup.VersionLoggerListener.log Java Home:             C:\Program Files\Java\jdk-25.0.2
12-Mar-2026 21:27:40.044 INFO [main] org.apache.catalina.startup.VersionLoggerListener.log JVM Version:           25.0.2+10-LTS-69
12-Mar-2026 21:27:40.044 INFO [main] org.apache.catalina.startup.VersionLoggerListener.log JVM Vendor:            Oracle Corporation
12-Mar-2026 21:27:40.045 INFO [main] org.apache.catalina.startup.VersionLoggerListener.log CATALINA_BASE:         D:\STUDY\Website-projects\Talksy-chat-app\Backend\apache-tomcat-10.1.52\apache-tomcat-10.1.52
12-Mar-2026 21:27:40.045 INFO [main] org.apache.catalina.startup.VersionLoggerListener.log CATALINA_HOME:         D:\STUDY\Website-projects\Talksy-chat-app\Backend\apache-tomcat-10.1.52\apache-tomcat-10.1.52
12-Mar-2026 21:27:40.052 INFO [main] org.apache.catalina.startup.VersionLoggerListener.log Command line argument: -Djava.util.logging.config.file=D:\STUDY\Website-projects\Talksy-chat-app\Backend\apache-tomcat-10.1.52\apache-tomcat-10.1.52\conf\logging.properties
12-Mar-2026 21:27:40.053 INFO [main] org.apache.catalina.startup.VersionLoggerListener.log Command line argument: -Djava.util.logging.manager=org.apache.juli.ClassLoaderLogManager
12-Mar-2026 21:27:40.053 INFO [main] org.apache.catalina.startup.VersionLoggerListener.log Command line argument: -Djdk.tls.ephemeralDHKeySize=2048
12-Mar-2026 21:27:40.053 INFO [main] org.apache.catalina.startup.VersionLoggerListener.log Command line argument: -Djava.protocol.handler.pkgs=org.apache.catalina.webresources
12-Mar-2026 21:27:40.054 INFO [main] org.apache.catalina.startup.VersionLoggerListener.log Command line argument: -Dsun.io.useCanonCaches=false
12-Mar-2026 21:27:40.054 INFO [main] org.apache.catalina.startup.VersionLoggerListener.log Command line argument: --add-opens=java.base/java.lang=ALL-UNNAMED
12-Mar-2026 21:27:40.054 INFO [main] org.apache.catalina.startup.VersionLoggerListener.log Command line argument: --add-opens=java.base/java.lang.reflect=ALL-UNNAMED
12-Mar-2026 21:27:40.054 INFO [main] org.apache.catalina.startup.VersionLoggerListener.log Command line argument: --add-opens=java.base/java.io=ALL-UNNAMED
12-Mar-2026 21:27:40.055 INFO [main] org.apache.catalina.startup.VersionLoggerListener.log Command line argument: --add-opens=java.base/java.util=ALL-UNNAMED
12-Mar-2026 21:27:40.055 INFO [main] org.apache.catalina.startup.VersionLoggerListener.log Command line argument: --add-opens=java.base/java.util.concurrent=ALL-UNNAMED
12-Mar-2026 21:27:40.055 INFO [main] org.apache.catalina.startup.VersionLoggerListener.log Command line argument: --add-opens=java.rmi/sun.rmi.transport=ALL-UNNAMED
12-Mar-2026 21:27:40.056 INFO [main] org.apache.catalina.startup.VersionLoggerListener.log Command line argument: -Dcatalina.base=D:\STUDY\Website-projects\Talksy-chat-app\Backend\apache-tomcat-10.1.52\apache-tomcat-10.1.52
12-Mar-2026 21:27:40.056 INFO [main] org.apache.catalina.startup.VersionLoggerListener.log Command line argument: -Dcatalina.home=D:\STUDY\Website-projects\Talksy-chat-app\Backend\apache-tomcat-10.1.52\apache-tomcat-10.1.52
12-Mar-2026 21:27:40.056 INFO [main] org.apache.catalina.startup.VersionLoggerListener.log Command line argument: -Djava.io.tmpdir=D:\STUDY\Website-projects\Talksy-chat-app\Backend\apache-tomcat-10.1.52\apache-tomcat-10.1.52\temp
12-Mar-2026 21:27:40.063 INFO [main] org.apache.catalina.core.AprLifecycleListener.lifecycleEvent The Apache Tomcat Native library which allows using OpenSSL was not found on the java.library.path: [C:\Program Files\Java\jdk-25.0.2\bin;C:\WINDOWS\Sun\Java\bin;C:\WINDOWS\system32;C:\WINDOWS;C:\Program Files\Common Files\Oracle\Java\javapath;C:\WINDOWS\system32;C:\WINDOWS;C:\WINDOWS\System32\Wbem;C:\WINDOWS\System32\WindowsPowerShell\v1.0\;C:\WINDOWS\System32\OpenSSH\;C:\ProgramData\chocolatey\bin;C:\Program Files (x86)\Microsoft SQL Server\100\Tools\Binn\;C:\Program Files\Microsoft SQL Server\100\Tools\Binn\;C:\Program Files\Microsoft SQL Server\100\DTS\Binn\;C:\Program Files\nodejs\;C:\Program Files\Java\jdk-25.0.2\bin;C:\Program Files\MySQL\MySQL Shell 8.0\bin\;C:\Users\HP\AppData\Local\Microsoft\WindowsApps;C:\Users\HP\AppData\Local\Programs\Microsoft VS Code\bin;C:\Users\HP\AppData\Local\Programs\Antigravity\bin;C:\Users\HP\AppData\Roaming\npm;.]
12-Mar-2026 21:27:40.316 INFO [main] org.apache.coyote.AbstractProtocol.init Initializing ProtocolHandler ["http-nio-8080"]
12-Mar-2026 21:27:40.347 INFO [main] org.apache.catalina.startup.Catalina.load Server initialization in [446] milliseconds
12-Mar-2026 21:27:40.389 INFO [main] org.apache.catalina.core.StandardService.startInternal Starting service [Catalina]
12-Mar-2026 21:27:40.389 INFO [main] org.apache.catalina.core.StandardEngine.startInternal Starting Servlet engine: [Apache Tomcat/10.1.52]
12-Mar-2026 21:27:40.396 INFO [main] org.apache.catalina.startup.HostConfig.deployDirectory Deploying web application directory [D:\STUDY\Website-projects\Talksy-chat-app\Backend\apache-tomcat-10.1.52\apache-tomcat-10.1.52\webapps\chatapp]
12-Mar-2026 21:27:40.914 INFO [main] org.apache.jasper.servlet.TldScanner.scanJars At least one JAR was scanned for TLDs yet contained no TLDs. Enable debug logging for this logger for a complete list of JARs that were scanned but no TLDs were found in them. Skipping unneeded JARs during scanning can improve startup time and JSP compilation time.
12-Mar-2026 21:27:40.959 INFO [main] org.apache.catalina.startup.HostConfig.deployDirectory Deployment of web application directory [D:\STUDY\Website-projects\Talksy-chat-app\Backend\apache-tomcat-10.1.52\apache-tomcat-10.1.52\webapps\chatapp] has finished in [560] ms
12-Mar-2026 21:27:40.959 INFO [main] org.apache.catalina.startup.HostConfig.deployDirectory Deploying web application directory [D:\STUDY\Website-projects\Talksy-chat-app\Backend\apache-tomcat-10.1.52\apache-tomcat-10.1.52\webapps\docs]
12-Mar-2026 21:27:41.186 INFO [main] org.apache.jasper.servlet.TldScanner.scanJars At least one JAR was scanned for TLDs yet contained no TLDs. Enable debug logging for this logger for a complete list of JARs that were scanned but no TLDs were found in them. Skipping unneeded JARs during scanning can improve startup time and JSP compilation time.
12-Mar-2026 21:27:41.191 INFO [main] org.apache.catalina.startup.HostConfig.deployDirectory Deployment of web application directory [D:\STUDY\Website-projects\Talksy-chat-app\Backend\apache-tomcat-10.1.52\apache-tomcat-10.1.52\webapps\docs] has finished in [232] ms
12-Mar-2026 21:27:41.192 INFO [main] org.apache.catalina.startup.HostConfig.deployDirectory Deploying web application directory [D:\STUDY\Website-projects\Talksy-chat-app\Backend\apache-tomcat-10.1.52\apache-tomcat-10.1.52\webapps\examples]
12-Mar-2026 21:27:41.629 INFO [main] org.apache.jasper.servlet.TldScanner.scanJars At least one JAR was scanned for TLDs yet contained no TLDs. Enable debug logging for this logger for a complete list of JARs that were scanned but no TLDs were found in them. Skipping unneeded JARs during scanning can improve startup time and JSP compilation time.
12-Mar-2026 21:27:41.676 INFO [main] org.apache.catalina.startup.HostConfig.deployDirectory Deployment of web application directory [D:\STUDY\Website-projects\Talksy-chat-app\Backend\apache-tomcat-10.1.52\apache-tomcat-10.1.52\webapps\examples] has finished in [485] ms
12-Mar-2026 21:27:41.676 INFO [main] org.apache.catalina.startup.HostConfig.deployDirectory Deploying web application directory [D:\STUDY\Website-projects\Talksy-chat-app\Backend\apache-tomcat-10.1.52\apache-tomcat-10.1.52\webapps\host-manager]
12-Mar-2026 21:27:41.894 INFO [main] org.apache.jasper.servlet.TldScanner.scanJars At least one JAR was scanned for TLDs yet contained no TLDs. Enable debug logging for this logger for a complete list of JARs that were scanned but no TLDs were found in them. Skipping unneeded JARs during scanning can improve startup time and JSP compilation time.
12-Mar-2026 21:27:41.905 INFO [main] org.apache.catalina.startup.HostConfig.deployDirectory Deployment of web application directory [D:\STUDY\Website-projects\Talksy-chat-app\Backend\apache-tomcat-10.1.52\apache-tomcat-10.1.52\webapps\host-manager] has finished in [229] ms
12-Mar-2026 21:27:41.905 INFO [main] org.apache.catalina.startup.HostConfig.deployDirectory Deploying web application directory [D:\STUDY\Website-projects\Talksy-chat-app\Backend\apache-tomcat-10.1.52\apache-tomcat-10.1.52\webapps\manager]
12-Mar-2026 21:27:42.100 INFO [main] org.apache.jasper.servlet.TldScanner.scanJars At least one JAR was scanned for TLDs yet contained no TLDs. Enable debug logging for this logger for a complete list of JARs that were scanned but no TLDs were found in them. Skipping unneeded JARs during scanning can improve startup time and JSP compilation time.
12-Mar-2026 21:27:42.104 INFO [main] org.apache.catalina.startup.HostConfig.deployDirectory Deployment of web application directory [D:\STUDY\Website-projects\Talksy-chat-app\Backend\apache-tomcat-10.1.52\apache-tomcat-10.1.52\webapps\manager] has finished in [198] ms
12-Mar-2026 21:27:42.104 INFO [main] org.apache.catalina.startup.HostConfig.deployDirectory Deploying web application directory [D:\STUDY\Website-projects\Talksy-chat-app\Backend\apache-tomcat-10.1.52\apache-tomcat-10.1.52\webapps\ROOT]
12-Mar-2026 21:27:42.278 INFO [main] org.apache.jasper.servlet.TldScanner.scanJars At least one JAR was scanned for TLDs yet contained no TLDs. Enable debug logging for this logger for a complete list of JARs that were scanned but no TLDs were found in them. Skipping unneeded JARs during scanning can improve startup time and JSP compilation time.
12-Mar-2026 21:27:42.283 INFO [main] org.apache.catalina.startup.HostConfig.deployDirectory Deployment of web application directory [D:\STUDY\Website-projects\Talksy-chat-app\Backend\apache-tomcat-10.1.52\apache-tomcat-10.1.52\webapps\ROOT] has finished in [179] ms
12-Mar-2026 21:27:42.287 INFO [main] org.apache.coyote.AbstractProtocol.start Starting ProtocolHandler ["http-nio-8080"]
12-Mar-2026 21:27:42.311 INFO [main] org.apache.catalina.startup.Catalina.start Server startup in [1960] milliseconds
12-Mar-2026 21:31:48.349 INFO [main] org.apache.catalina.startup.VersionLoggerListener.log Server version name:   Apache Tomcat/10.1.52
12-Mar-2026 21:31:48.353 INFO [main] org.apache.catalina.startup.VersionLoggerListener.log Server built:          Jan 23 2026 19:29:07 UTC
12-Mar-2026 21:31:48.354 INFO [main] org.apache.catalina.startup.VersionLoggerListener.log Server version number: 10.1.52.0
12-Mar-2026 21:31:48.354 INFO [main] org.apache.catalina.startup.VersionLoggerListener.log OS Name:               Windows 11
12-Mar-2026 21:31:48.354 INFO [main] org.apache.catalina.startup.VersionLoggerListener.log OS Version:            10.0
12-Mar-2026 21:31:48.355 INFO [main] org.apache.catalina.startup.VersionLoggerListener.log Architecture:          amd64
12-Mar-2026 21:31:48.356 INFO [main] org.apache.catalina.startup.VersionLoggerListener.log Java Home:             C:\Program Files\Java\jdk-25.0.2
12-Mar-2026 21:31:48.356 INFO [main] org.apache.catalina.startup.VersionLoggerListener.log JVM Version:           25.0.2+10-LTS-69
12-Mar-2026 21:31:48.356 INFO [main] org.apache.catalina.startup.VersionLoggerListener.log JVM Vendor:            Oracle Corporation
12-Mar-2026 21:31:48.357 INFO [main] org.apache.catalina.startup.VersionLoggerListener.log CATALINA_BASE:         D:\STUDY\Website-projects\Talksy-chat-app\Backend\apache-tomcat-10.1.52\apache-tomcat-10.1.52
12-Mar-2026 21:31:48.357 INFO [main] org.apache.catalina.startup.VersionLoggerListener.log CATALINA_HOME:         D:\STUDY\Website-projects\Talksy-chat-app\Backend\apache-tomcat-10.1.52\apache-tomcat-10.1.52
12-Mar-2026 21:31:48.368 INFO [main] org.apache.catalina.startup.VersionLoggerListener.log Command line argument: -Djava.util.logging.config.file=D:\STUDY\Website-projects\Talksy-chat-app\Backend\apache-tomcat-10.1.52\apache-tomcat-10.1.52\conf\logging.properties
12-Mar-2026 21:31:48.368 INFO [main] org.apache.catalina.startup.VersionLoggerListener.log Command line argument: -Djava.util.logging.manager=org.apache.juli.ClassLoaderLogManager
12-Mar-2026 21:31:48.368 INFO [main] org.apache.catalina.startup.VersionLoggerListener.log Command line argument: -Djdk.tls.ephemeralDHKeySize=2048
12-Mar-2026 21:31:48.368 INFO [main] org.apache.catalina.startup.VersionLoggerListener.log Command line argument: -Djava.protocol.handler.pkgs=org.apache.catalina.webresources
12-Mar-2026 21:31:48.368 INFO [main] org.apache.catalina.startup.VersionLoggerListener.log Command line argument: -Dsun.io.useCanonCaches=false
12-Mar-2026 21:31:48.369 INFO [main] org.apache.catalina.startup.VersionLoggerListener.log Command line argument: --add-opens=java.base/java.lang=ALL-UNNAMED
12-Mar-2026 21:31:48.369 INFO [main] org.apache.catalina.startup.VersionLoggerListener.log Command line argument: --add-opens=java.base/java.lang.reflect=ALL-UNNAMED
12-Mar-2026 21:31:48.369 INFO [main] org.apache.catalina.startup.VersionLoggerListener.log Command line argument: --add-opens=java.base/java.io=ALL-UNNAMED
12-Mar-2026 21:31:48.369 INFO [main] org.apache.catalina.startup.VersionLoggerListener.log Command line argument: --add-opens=java.base/java.util=ALL-UNNAMED
12-Mar-2026 21:31:48.369 INFO [main] org.apache.catalina.startup.VersionLoggerListener.log Command line argument: --add-opens=java.base/java.util.concurrent=ALL-UNNAMED
12-Mar-2026 21:31:48.369 INFO [main] org.apache.catalina.startup.VersionLoggerListener.log Command line argument: --add-opens=java.rmi/sun.rmi.transport=ALL-UNNAMED
12-Mar-2026 21:31:48.370 INFO [main] org.apache.catalina.startup.VersionLoggerListener.log Command line argument: -Dcatalina.base=D:\STUDY\Website-projects\Talksy-chat-app\Backend\apache-tomcat-10.1.52\apache-tomcat-10.1.52
12-Mar-2026 21:31:48.370 INFO [main] org.apache.catalina.startup.VersionLoggerListener.log Command line argument: -Dcatalina.home=D:\STUDY\Website-projects\Talksy-chat-app\Backend\apache-tomcat-10.1.52\apache-tomcat-10.1.52
12-Mar-2026 21:31:48.370 INFO [main] org.apache.catalina.startup.VersionLoggerListener.log Command line argument: -Djava.io.tmpdir=D:\STUDY\Website-projects\Talksy-chat-app\Backend\apache-tomcat-10.1.52\apache-tomcat-10.1.52\temp
12-Mar-2026 21:31:48.379 INFO [main] org.apache.catalina.core.AprLifecycleListener.lifecycleEvent The Apache Tomcat Native library which allows using OpenSSL was not found on the java.library.path: [C:\Program Files\Java\jdk-25.0.2\bin;C:\WINDOWS\Sun\Java\bin;C:\WINDOWS\system32;C:\WINDOWS;C:\Program Files\Common Files\Oracle\Java\javapath;C:\WINDOWS\system32;C:\WINDOWS;C:\WINDOWS\System32\Wbem;C:\WINDOWS\System32\WindowsPowerShell\v1.0\;C:\WINDOWS\System32\OpenSSH\;C:\ProgramData\chocolatey\bin;C:\Program Files (x86)\Microsoft SQL Server\100\Tools\Binn\;C:\Program Files\Microsoft SQL Server\100\Tools\Binn\;C:\Program Files\Microsoft SQL Server\100\DTS\Binn\;C:\Program Files\nodejs\;C:\Program Files\Java\jdk-25.0.2\bin;C:\Program Files\MySQL\MySQL Shell 8.0\bin\;C:\Users\HP\AppData\Local\Microsoft\WindowsApps;C:\Users\HP\AppData\Local\Programs\Microsoft VS Code\bin;C:\Users\HP\AppData\Local\Programs\Antigravity\bin;C:\Users\HP\AppData\Roaming\npm;.]
12-Mar-2026 21:31:48.608 INFO [main] org.apache.coyote.AbstractProtocol.init Initializing ProtocolHandler ["http-nio-8080"]
12-Mar-2026 21:31:48.636 INFO [main] org.apache.catalina.startup.Catalina.load Server initialization in [419] milliseconds
12-Mar-2026 21:31:48.685 INFO [main] org.apache.catalina.core.StandardService.startInternal Starting service [Catalina]
12-Mar-2026 21:31:48.685 INFO [main] org.apache.catalina.core.StandardEngine.startInternal Starting Servlet engine: [Apache Tomcat/10.1.52]
12-Mar-2026 21:31:48.693 INFO [main] org.apache.catalina.startup.HostConfig.deployDirectory Deploying web application directory [D:\STUDY\Website-projects\Talksy-chat-app\Backend\apache-tomcat-10.1.52\apache-tomcat-10.1.52\webapps\chatapp]
12-Mar-2026 21:31:49.220 INFO [main] org.apache.jasper.servlet.TldScanner.scanJars At least one JAR was scanned for TLDs yet contained no TLDs. Enable debug logging for this logger for a complete list of JARs that were scanned but no TLDs were found in them. Skipping unneeded JARs during scanning can improve startup time and JSP compilation time.
12-Mar-2026 21:31:49.272 INFO [main] org.apache.catalina.startup.HostConfig.deployDirectory Deployment of web application directory [D:\STUDY\Website-projects\Talksy-chat-app\Backend\apache-tomcat-10.1.52\apache-tomcat-10.1.52\webapps\chatapp] has finished in [577] ms
12-Mar-2026 21:31:49.273 INFO [main] org.apache.catalina.startup.HostConfig.deployDirectory Deploying web application directory [D:\STUDY\Website-projects\Talksy-chat-app\Backend\apache-tomcat-10.1.52\apache-tomcat-10.1.52\webapps\docs]
12-Mar-2026 21:31:49.495 INFO [main] org.apache.jasper.servlet.TldScanner.scanJars At least one JAR was scanned for TLDs yet contained no TLDs. Enable debug logging for this logger for a complete list of JARs that were scanned but no TLDs were found in them. Skipping unneeded JARs during scanning can improve startup time and JSP compilation time.
12-Mar-2026 21:31:49.499 INFO [main] org.apache.catalina.startup.HostConfig.deployDirectory Deployment of web application directory [D:\STUDY\Website-projects\Talksy-chat-app\Backend\apache-tomcat-10.1.52\apache-tomcat-10.1.52\webapps\docs] has finished in [226] ms
12-Mar-2026 21:31:49.500 INFO [main] org.apache.catalina.startup.HostConfig.deployDirectory Deploying web application directory [D:\STUDY\Website-projects\Talksy-chat-app\Backend\apache-tomcat-10.1.52\apache-tomcat-10.1.52\webapps\examples]
12-Mar-2026 21:31:49.935 INFO [main] org.apache.jasper.servlet.TldScanner.scanJars At least one JAR was scanned for TLDs yet contained no TLDs. Enable debug logging for this logger for a complete list of JARs that were scanned but no TLDs were found in them. Skipping unneeded JARs during scanning can improve startup time and JSP compilation time.
12-Mar-2026 21:31:50.012 INFO [main] org.apache.catalina.startup.HostConfig.deployDirectory Deployment of web application directory [D:\STUDY\Website-projects\Talksy-chat-app\Backend\apache-tomcat-10.1.52\apache-tomcat-10.1.52\webapps\examples] has finished in [512] ms
12-Mar-2026 21:31:50.013 INFO [main] org.apache.catalina.startup.HostConfig.deployDirectory Deploying web application directory [D:\STUDY\Website-projects\Talksy-chat-app\Backend\apache-tomcat-10.1.52\apache-tomcat-10.1.52\webapps\host-manager]
12-Mar-2026 21:31:50.256 INFO [main] org.apache.jasper.servlet.TldScanner.scanJars At least one JAR was scanned for TLDs yet contained no TLDs. Enable debug logging for this logger for a complete list of JARs that were scanned but no TLDs were found in them. Skipping unneeded JARs during scanning can improve startup time and JSP compilation time.
12-Mar-2026 21:31:50.269 INFO [main] org.apache.catalina.startup.HostConfig.deployDirectory Deployment of web application directory [D:\STUDY\Website-projects\Talksy-chat-app\Backend\apache-tomcat-10.1.52\apache-tomcat-10.1.52\webapps\host-manager] has finished in [256] ms
12-Mar-2026 21:31:50.270 INFO [main] org.apache.catalina.startup.HostConfig.deployDirectory Deploying web application directory [D:\STUDY\Website-projects\Talksy-chat-app\Backend\apache-tomcat-10.1.52\apache-tomcat-10.1.52\webapps\manager]
12-Mar-2026 21:31:50.446 INFO [main] org.apache.jasper.servlet.TldScanner.scanJars At least one JAR was scanned for TLDs yet contained no TLDs. Enable debug logging for this logger for a complete list of JARs that were scanned but no TLDs were found in them. Skipping unneeded JARs during scanning can improve startup time and JSP compilation time.
12-Mar-2026 21:31:50.449 INFO [main] org.apache.catalina.startup.HostConfig.deployDirectory Deployment of web application directory [D:\STUDY\Website-projects\Talksy-chat-app\Backend\apache-tomcat-10.1.52\apache-tomcat-10.1.52\webapps\manager] has finished in [178] ms
12-Mar-2026 21:31:50.449 INFO [main] org.apache.catalina.startup.HostConfig.deployDirectory Deploying web application directory [D:\STUDY\Website-projects\Talksy-chat-app\Backend\apache-tomcat-10.1.52\apache-tomcat-10.1.52\webapps\ROOT]
12-Mar-2026 21:31:50.635 INFO [main] org.apache.jasper.servlet.TldScanner.scanJars At least one JAR was scanned for TLDs yet contained no TLDs. Enable debug logging for this logger for a complete list of JARs that were scanned but no TLDs were found in them. Skipping unneeded JARs during scanning can improve startup time and JSP compilation time.
12-Mar-2026 21:31:50.639 INFO [main] org.apache.catalina.startup.HostConfig.deployDirectory Deployment of web application directory [D:\STUDY\Website-projects\Talksy-chat-app\Backend\apache-tomcat-10.1.52\apache-tomcat-10.1.52\webapps\ROOT] has finished in [190] ms
12-Mar-2026 21:31:50.642 INFO [main] org.apache.coyote.AbstractProtocol.start Starting ProtocolHandler ["http-nio-8080"]
12-Mar-2026 21:31:50.666 INFO [main] org.apache.catalina.startup.Catalina.start Server startup in [2025] milliseconds
12-Mar-2026 21:34:07.442 INFO [main] org.apache.catalina.startup.VersionLoggerListener.log Server version name:   Apache Tomcat/10.1.52
12-Mar-2026 21:34:07.446 INFO [main] org.apache.catalina.startup.VersionLoggerListener.log Server built:          Jan 23 2026 19:29:07 UTC
12-Mar-2026 21:34:07.446 INFO [main] org.apache.catalina.startup.VersionLoggerListener.log Server version number: 10.1.52.0
12-Mar-2026 21:34:07.447 INFO [main] org.apache.catalina.startup.VersionLoggerListener.log OS Name:               Windows 11
12-Mar-2026 21:34:07.447 INFO [main] org.apache.catalina.startup.VersionLoggerListener.log OS Version:            10.0
12-Mar-2026 21:34:07.447 INFO [main] org.apache.catalina.startup.VersionLoggerListener.log Architecture:          amd64
12-Mar-2026 21:34:07.448 INFO [main] org.apache.catalina.startup.VersionLoggerListener.log Java Home:             C:\Program Files\Java\jdk-25.0.2
12-Mar-2026 21:34:07.448 INFO [main] org.apache.catalina.startup.VersionLoggerListener.log JVM Version:           25.0.2+10-LTS-69
12-Mar-2026 21:34:07.449 INFO [main] org.apache.catalina.startup.VersionLoggerListener.log JVM Vendor:            Oracle Corporation
12-Mar-2026 21:34:07.449 INFO [main] org.apache.catalina.startup.VersionLoggerListener.log CATALINA_BASE:         D:\STUDY\Website-projects\Talksy-chat-app\Backend\apache-tomcat-10.1.52\apache-tomcat-10.1.52
12-Mar-2026 21:34:07.449 INFO [main] org.apache.catalina.startup.VersionLoggerListener.log CATALINA_HOME:         D:\STUDY\Website-projects\Talksy-chat-app\Backend\apache-tomcat-10.1.52\apache-tomcat-10.1.52
12-Mar-2026 21:34:07.459 INFO [main] org.apache.catalina.startup.VersionLoggerListener.log Command line argument: -Djava.util.logging.config.file=D:\STUDY\Website-projects\Talksy-chat-app\Backend\apache-tomcat-10.1.52\apache-tomcat-10.1.52\conf\logging.properties
12-Mar-2026 21:34:07.459 INFO [main] org.apache.catalina.startup.VersionLoggerListener.log Command line argument: -Djava.util.logging.manager=org.apache.juli.ClassLoaderLogManager
12-Mar-2026 21:34:07.459 INFO [main] org.apache.catalina.startup.VersionLoggerListener.log Command line argument: -Djdk.tls.ephemeralDHKeySize=2048
12-Mar-2026 21:34:07.460 INFO [main] org.apache.catalina.startup.VersionLoggerListener.log Command line argument: -Djava.protocol.handler.pkgs=org.apache.catalina.webresources
12-Mar-2026 21:34:07.460 INFO [main] org.apache.catalina.startup.VersionLoggerListener.log Command line argument: -Dsun.io.useCanonCaches=false
12-Mar-2026 21:34:07.460 INFO [main] org.apache.catalina.startup.VersionLoggerListener.log Command line argument: --add-opens=java.base/java.lang=ALL-UNNAMED
12-Mar-2026 21:34:07.460 INFO [main] org.apache.catalina.startup.VersionLoggerListener.log Command line argument: --add-opens=java.base/java.lang.reflect=ALL-UNNAMED
12-Mar-2026 21:34:07.461 INFO [main] org.apache.catalina.startup.VersionLoggerListener.log Command line argument: --add-opens=java.base/java.io=ALL-UNNAMED
12-Mar-2026 21:34:07.461 INFO [main] org.apache.catalina.startup.VersionLoggerListener.log Command line argument: --add-opens=java.base/java.util=ALL-UNNAMED
12-Mar-2026 21:34:07.461 INFO [main] org.apache.catalina.startup.VersionLoggerListener.log Command line argument: --add-opens=java.base/java.util.concurrent=ALL-UNNAMED
12-Mar-2026 21:34:07.461 INFO [main] org.apache.catalina.startup.VersionLoggerListener.log Command line argument: --add-opens=java.rmi/sun.rmi.transport=ALL-UNNAMED
12-Mar-2026 21:34:07.461 INFO [main] org.apache.catalina.startup.VersionLoggerListener.log Command line argument: -Dcatalina.base=D:\STUDY\Website-projects\Talksy-chat-app\Backend\apache-tomcat-10.1.52\apache-tomcat-10.1.52
12-Mar-2026 21:34:07.462 INFO [main] org.apache.catalina.startup.VersionLoggerListener.log Command line argument: -Dcatalina.home=D:\STUDY\Website-projects\Talksy-chat-app\Backend\apache-tomcat-10.1.52\apache-tomcat-10.1.52
12-Mar-2026 21:34:07.462 INFO [main] org.apache.catalina.startup.VersionLoggerListener.log Command line argument: -Djava.io.tmpdir=D:\STUDY\Website-projects\Talksy-chat-app\Backend\apache-tomcat-10.1.52\apache-tomcat-10.1.52\temp
12-Mar-2026 21:34:07.469 INFO [main] org.apache.catalina.core.AprLifecycleListener.lifecycleEvent The Apache Tomcat Native library which allows using OpenSSL was not found on the java.library.path: [C:\Program Files\Java\jdk-25.0.2\bin;C:\WINDOWS\Sun\Java\bin;C:\WINDOWS\system32;C:\WINDOWS;C:\Program Files\Common Files\Oracle\Java\javapath;C:\WINDOWS\system32;C:\WINDOWS;C:\WINDOWS\System32\Wbem;C:\WINDOWS\System32\WindowsPowerShell\v1.0\;C:\WINDOWS\System32\OpenSSH\;C:\ProgramData\chocolatey\bin;C:\Program Files (x86)\Microsoft SQL Server\100\Tools\Binn\;C:\Program Files\Microsoft SQL Server\100\Tools\Binn\;C:\Program Files\Microsoft SQL Server\100\DTS\Binn\;C:\Program Files\nodejs\;C:\Program Files\Java\jdk-25.0.2\bin;C:\Program Files\MySQL\MySQL Shell 8.0\bin\;C:\Users\HP\AppData\Local\Microsoft\WindowsApps;C:\Users\HP\AppData\Local\Programs\Microsoft VS Code\bin;C:\Users\HP\AppData\Local\Programs\Antigravity\bin;C:\Users\HP\AppData\Roaming\npm;.]
12-Mar-2026 21:34:07.698 INFO [main] org.apache.coyote.AbstractProtocol.init Initializing ProtocolHandler ["http-nio-8080"]
12-Mar-2026 21:34:07.716 INFO [main] org.apache.catalina.startup.Catalina.load Server initialization in [401] milliseconds
12-Mar-2026 21:34:07.757 INFO [main] org.apache.catalina.core.StandardService.startInternal Starting service [Catalina]
12-Mar-2026 21:34:07.758 INFO [main] org.apache.catalina.core.StandardEngine.startInternal Starting Servlet engine: [Apache Tomcat/10.1.52]
12-Mar-2026 21:34:07.769 INFO [main] org.apache.catalina.startup.HostConfig.deployDirectory Deploying web application directory [D:\STUDY\Website-projects\Talksy-chat-app\Backend\apache-tomcat-10.1.52\apache-tomcat-10.1.52\webapps\chatapp]
12-Mar-2026 21:34:08.279 INFO [main] org.apache.jasper.servlet.TldScanner.scanJars At least one JAR was scanned for TLDs yet contained no TLDs. Enable debug logging for this logger for a complete list of JARs that were scanned but no TLDs were found in them. Skipping unneeded JARs during scanning can improve startup time and JSP compilation time.
12-Mar-2026 21:34:08.322 INFO [main] org.apache.catalina.startup.HostConfig.deployDirectory Deployment of web application directory [D:\STUDY\Website-projects\Talksy-chat-app\Backend\apache-tomcat-10.1.52\apache-tomcat-10.1.52\webapps\chatapp] has finished in [551] ms
12-Mar-2026 21:34:08.322 INFO [main] org.apache.catalina.startup.HostConfig.deployDirectory Deploying web application directory [D:\STUDY\Website-projects\Talksy-chat-app\Backend\apache-tomcat-10.1.52\apache-tomcat-10.1.52\webapps\docs]
12-Mar-2026 21:34:08.542 INFO [main] org.apache.jasper.servlet.TldScanner.scanJars At least one JAR was scanned for TLDs yet contained no TLDs. Enable debug logging for this logger for a complete list of JARs that were scanned but no TLDs were found in them. Skipping unneeded JARs during scanning can improve startup time and JSP compilation time.
12-Mar-2026 21:34:08.546 INFO [main] org.apache.catalina.startup.HostConfig.deployDirectory Deployment of web application directory [D:\STUDY\Website-projects\Talksy-chat-app\Backend\apache-tomcat-10.1.52\apache-tomcat-10.1.52\webapps\docs] has finished in [224] ms
12-Mar-2026 21:34:08.546 INFO [main] org.apache.catalina.startup.HostConfig.deployDirectory Deploying web application directory [D:\STUDY\Website-projects\Talksy-chat-app\Backend\apache-tomcat-10.1.52\apache-tomcat-10.1.52\webapps\examples]
12-Mar-2026 21:34:08.952 INFO [main] org.apache.jasper.servlet.TldScanner.scanJars At least one JAR was scanned for TLDs yet contained no TLDs. Enable debug logging for this logger for a complete list of JARs that were scanned but no TLDs were found in them. Skipping unneeded JARs during scanning can improve startup time and JSP compilation time.
12-Mar-2026 21:34:09.031 INFO [main] org.apache.catalina.startup.HostConfig.deployDirectory Deployment of web application directory [D:\STUDY\Website-projects\Talksy-chat-app\Backend\apache-tomcat-10.1.52\apache-tomcat-10.1.52\webapps\examples] has finished in [485] ms
12-Mar-2026 21:34:09.031 INFO [main] org.apache.catalina.startup.HostConfig.deployDirectory Deploying web application directory [D:\STUDY\Website-projects\Talksy-chat-app\Backend\apache-tomcat-10.1.52\apache-tomcat-10.1.52\webapps\host-manager]
12-Mar-2026 21:34:09.277 INFO [main] org.apache.jasper.servlet.TldScanner.scanJars At least one JAR was scanned for TLDs yet contained no TLDs. Enable debug logging for this logger for a complete list of JARs that were scanned but no TLDs were found in them. Skipping unneeded JARs during scanning can improve startup time and JSP compilation time.
12-Mar-2026 21:34:09.287 INFO [main] org.apache.catalina.startup.HostConfig.deployDirectory Deployment of web application directory [D:\STUDY\Website-projects\Talksy-chat-app\Backend\apache-tomcat-10.1.52\apache-tomcat-10.1.52\webapps\host-manager] has finished in [256] ms
12-Mar-2026 21:34:09.288 INFO [main] org.apache.catalina.startup.HostConfig.deployDirectory Deploying web application directory [D:\STUDY\Website-projects\Talksy-chat-app\Backend\apache-tomcat-10.1.52\apache-tomcat-10.1.52\webapps\manager]
12-Mar-2026 21:34:09.493 INFO [main] org.apache.jasper.servlet.TldScanner.scanJars At least one JAR was scanned for TLDs yet contained no TLDs. Enable debug logging for this logger for a complete list of JARs that were scanned but no TLDs were found in them. Skipping unneeded JARs during scanning can improve startup time and JSP compilation time.
12-Mar-2026 21:34:09.497 INFO [main] org.apache.catalina.startup.HostConfig.deployDirectory Deployment of web application directory [D:\STUDY\Website-projects\Talksy-chat-app\Backend\apache-tomcat-10.1.52\apache-tomcat-10.1.52\webapps\manager] has finished in [209] ms
12-Mar-2026 21:34:09.498 INFO [main] org.apache.catalina.startup.HostConfig.deployDirectory Deploying web application directory [D:\STUDY\Website-projects\Talksy-chat-app\Backend\apache-tomcat-10.1.52\apache-tomcat-10.1.52\webapps\ROOT]
12-Mar-2026 21:34:09.685 INFO [main] org.apache.jasper.servlet.TldScanner.scanJars At least one JAR was scanned for TLDs yet contained no TLDs. Enable debug logging for this logger for a complete list of JARs that were scanned but no TLDs were found in them. Skipping unneeded JARs during scanning can improve startup time and JSP compilation time.
12-Mar-2026 21:34:09.692 INFO [main] org.apache.catalina.startup.HostConfig.deployDirectory Deployment of web application directory [D:\STUDY\Website-projects\Talksy-chat-app\Backend\apache-tomcat-10.1.52\apache-tomcat-10.1.52\webapps\ROOT] has finished in [194] ms
12-Mar-2026 21:34:09.695 INFO [main] org.apache.coyote.AbstractProtocol.start Starting ProtocolHandler ["http-nio-8080"]
12-Mar-2026 21:34:09.713 INFO [main] org.apache.catalina.startup.Catalina.start Server startup in [1994] milliseconds
12-Mar-2026 21:45:35.293 INFO [main] org.apache.catalina.startup.VersionLoggerListener.log Server version name:   Apache Tomcat/10.1.52
12-Mar-2026 21:45:35.295 INFO [main] org.apache.catalina.startup.VersionLoggerListener.log Server built:          Jan 23 2026 19:29:07 UTC
12-Mar-2026 21:45:35.295 INFO [main] org.apache.catalina.startup.VersionLoggerListener.log Server version number: 10.1.52.0
12-Mar-2026 21:45:35.295 INFO [main] org.apache.catalina.startup.VersionLoggerListener.log OS Name:               Windows 11
12-Mar-2026 21:45:35.296 INFO [main] org.apache.catalina.startup.VersionLoggerListener.log OS Version:            10.0
12-Mar-2026 21:45:35.296 INFO [main] org.apache.catalina.startup.VersionLoggerListener.log Architecture:          amd64
12-Mar-2026 21:45:35.296 INFO [main] org.apache.catalina.startup.VersionLoggerListener.log Java Home:             C:\Program Files\Java\jdk-25.0.2
12-Mar-2026 21:45:35.296 INFO [main] org.apache.catalina.startup.VersionLoggerListener.log JVM Version:           25.0.2+10-LTS-69
12-Mar-2026 21:45:35.297 INFO [main] org.apache.catalina.startup.VersionLoggerListener.log JVM Vendor:            Oracle Corporation
12-Mar-2026 21:45:35.297 INFO [main] org.apache.catalina.startup.VersionLoggerListener.log CATALINA_BASE:         D:\STUDY\Website-projects\Talksy-chat-app\Backend\apache-tomcat-10.1.52\apache-tomcat-10.1.52
12-Mar-2026 21:45:35.297 INFO [main] org.apache.catalina.startup.VersionLoggerListener.log CATALINA_HOME:         D:\STUDY\Website-projects\Talksy-chat-app\Backend\apache-tomcat-10.1.52\apache-tomcat-10.1.52
12-Mar-2026 21:45:35.306 INFO [main] org.apache.catalina.startup.VersionLoggerListener.log Command line argument: -Djava.util.logging.config.file=D:\STUDY\Website-projects\Talksy-chat-app\Backend\apache-tomcat-10.1.52\apache-tomcat-10.1.52\conf\logging.properties
12-Mar-2026 21:45:35.307 INFO [main] org.apache.catalina.startup.VersionLoggerListener.log Command line argument: -Djava.util.logging.manager=org.apache.juli.ClassLoaderLogManager
12-Mar-2026 21:45:35.307 INFO [main] org.apache.catalina.startup.VersionLoggerListener.log Command line argument: -Djdk.tls.ephemeralDHKeySize=2048
12-Mar-2026 21:45:35.307 INFO [main] org.apache.catalina.startup.VersionLoggerListener.log Command line argument: -Djava.protocol.handler.pkgs=org.apache.catalina.webresources
12-Mar-2026 21:45:35.307 INFO [main] org.apache.catalina.startup.VersionLoggerListener.log Command line argument: -Dsun.io.useCanonCaches=false
12-Mar-2026 21:45:35.308 INFO [main] org.apache.catalina.startup.VersionLoggerListener.log Command line argument: --add-opens=java.base/java.lang=ALL-UNNAMED
12-Mar-2026 21:45:35.308 INFO [main] org.apache.catalina.startup.VersionLoggerListener.log Command line argument: --add-opens=java.base/java.lang.reflect=ALL-UNNAMED
12-Mar-2026 21:45:35.308 INFO [main] org.apache.catalina.startup.VersionLoggerListener.log Command line argument: --add-opens=java.base/java.io=ALL-UNNAMED
12-Mar-2026 21:45:35.308 INFO [main] org.apache.catalina.startup.VersionLoggerListener.log Command line argument: --add-opens=java.base/java.util=ALL-UNNAMED
12-Mar-2026 21:45:35.309 INFO [main] org.apache.catalina.startup.VersionLoggerListener.log Command line argument: --add-opens=java.base/java.util.concurrent=ALL-UNNAMED
12-Mar-2026 21:45:35.309 INFO [main] org.apache.catalina.startup.VersionLoggerListener.log Command line argument: --add-opens=java.rmi/sun.rmi.transport=ALL-UNNAMED
12-Mar-2026 21:45:35.309 INFO [main] org.apache.catalina.startup.VersionLoggerListener.log Command line argument: -Dcatalina.base=D:\STUDY\Website-projects\Talksy-chat-app\Backend\apache-tomcat-10.1.52\apache-tomcat-10.1.52
12-Mar-2026 21:45:35.309 INFO [main] org.apache.catalina.startup.VersionLoggerListener.log Command line argument: -Dcatalina.home=D:\STUDY\Website-projects\Talksy-chat-app\Backend\apache-tomcat-10.1.52\apache-tomcat-10.1.52
12-Mar-2026 21:45:35.309 INFO [main] org.apache.catalina.startup.VersionLoggerListener.log Command line argument: -Djava.io.tmpdir=D:\STUDY\Website-projects\Talksy-chat-app\Backend\apache-tomcat-10.1.52\apache-tomcat-10.1.52\temp
12-Mar-2026 21:45:35.318 INFO [main] org.apache.catalina.core.AprLifecycleListener.lifecycleEvent The Apache Tomcat Native library which allows using OpenSSL was not found on the java.library.path: [C:\Program Files\Java\jdk-25.0.2\bin;C:\WINDOWS\Sun\Java\bin;C:\WINDOWS\system32;C:\WINDOWS;C:\Program Files\Common Files\Oracle\Java\javapath;C:\WINDOWS\system32;C:\WINDOWS;C:\WINDOWS\System32\Wbem;C:\WINDOWS\System32\WindowsPowerShell\v1.0\;C:\WINDOWS\System32\OpenSSH\;C:\ProgramData\chocolatey\bin;C:\Program Files (x86)\Microsoft SQL Server\100\Tools\Binn\;C:\Program Files\Microsoft SQL Server\100\Tools\Binn\;C:\Program Files\Microsoft SQL Server\100\DTS\Binn\;C:\Program Files\nodejs\;C:\Program Files\Java\jdk-25.0.2\bin;C:\Program Files\MySQL\MySQL Shell 8.0\bin\;C:\Users\HP\AppData\Local\Microsoft\WindowsApps;C:\Users\HP\AppData\Local\Programs\Microsoft VS Code\bin;C:\Users\HP\AppData\Local\Programs\Antigravity\bin;C:\Users\HP\AppData\Roaming\npm;.]
12-Mar-2026 21:45:35.550 INFO [main] org.apache.coyote.AbstractProtocol.init Initializing ProtocolHandler ["http-nio-8080"]
12-Mar-2026 21:45:35.581 INFO [main] org.apache.catalina.startup.Catalina.load Server initialization in [419] milliseconds
12-Mar-2026 21:45:35.627 INFO [main] org.apache.catalina.core.StandardService.startInternal Starting service [Catalina]
12-Mar-2026 21:45:35.627 INFO [main] org.apache.catalina.core.StandardEngine.startInternal Starting Servlet engine: [Apache Tomcat/10.1.52]
12-Mar-2026 21:45:35.636 INFO [main] org.apache.catalina.startup.HostConfig.deployDirectory Deploying web application directory [D:\STUDY\Website-projects\Talksy-chat-app\Backend\apache-tomcat-10.1.52\apache-tomcat-10.1.52\webapps\chatapp]
12-Mar-2026 21:45:36.856 INFO [main] org.apache.jasper.servlet.TldScanner.scanJars At least one JAR was scanned for TLDs yet contained no TLDs. Enable debug logging for this logger for a complete list of JARs that were scanned but no TLDs were found in them. Skipping unneeded JARs during scanning can improve startup time and JSP compilation time.
12-Mar-2026 21:45:37.060 INFO [main] org.apache.catalina.startup.HostConfig.deployDirectory Deployment of web application directory [D:\STUDY\Website-projects\Talksy-chat-app\Backend\apache-tomcat-10.1.52\apache-tomcat-10.1.52\webapps\chatapp] has finished in [1,416] ms
12-Mar-2026 21:45:37.061 INFO [main] org.apache.catalina.startup.HostConfig.deployDirectory Deploying web application directory [D:\STUDY\Website-projects\Talksy-chat-app\Backend\apache-tomcat-10.1.52\apache-tomcat-10.1.52\webapps\docs]
12-Mar-2026 21:45:37.616 INFO [main] org.apache.jasper.servlet.TldScanner.scanJars At least one JAR was scanned for TLDs yet contained no TLDs. Enable debug logging for this logger for a complete list of JARs that were scanned but no TLDs were found in them. Skipping unneeded JARs during scanning can improve startup time and JSP compilation time.
12-Mar-2026 21:45:37.622 INFO [main] org.apache.catalina.startup.HostConfig.deployDirectory Deployment of web application directory [D:\STUDY\Website-projects\Talksy-chat-app\Backend\apache-tomcat-10.1.52\apache-tomcat-10.1.52\webapps\docs] has finished in [562] ms
12-Mar-2026 21:45:37.623 INFO [main] org.apache.catalina.startup.HostConfig.deployDirectory Deploying web application directory [D:\STUDY\Website-projects\Talksy-chat-app\Backend\apache-tomcat-10.1.52\apache-tomcat-10.1.52\webapps\examples]
12-Mar-2026 21:45:38.623 INFO [main] org.apache.jasper.servlet.TldScanner.scanJars At least one JAR was scanned for TLDs yet contained no TLDs. Enable debug logging for this logger for a complete list of JARs that were scanned but no TLDs were found in them. Skipping unneeded JARs during scanning can improve startup time and JSP compilation time.
12-Mar-2026 21:45:38.692 INFO [main] org.apache.catalina.startup.HostConfig.deployDirectory Deployment of web application directory [D:\STUDY\Website-projects\Talksy-chat-app\Backend\apache-tomcat-10.1.52\apache-tomcat-10.1.52\webapps\examples] has finished in [1,069] ms
12-Mar-2026 21:45:38.692 INFO [main] org.apache.catalina.startup.HostConfig.deployDirectory Deploying web application directory [D:\STUDY\Website-projects\Talksy-chat-app\Backend\apache-tomcat-10.1.52\apache-tomcat-10.1.52\webapps\host-manager]
12-Mar-2026 21:45:39.189 INFO [main] org.apache.jasper.servlet.TldScanner.scanJars At least one JAR was scanned for TLDs yet contained no TLDs. Enable debug logging for this logger for a complete list of JARs that were scanned but no TLDs were found in them. Skipping unneeded JARs during scanning can improve startup time and JSP compilation time.
12-Mar-2026 21:45:39.204 INFO [main] org.apache.catalina.startup.HostConfig.deployDirectory Deployment of web application directory [D:\STUDY\Website-projects\Talksy-chat-app\Backend\apache-tomcat-10.1.52\apache-tomcat-10.1.52\webapps\host-manager] has finished in [512] ms
12-Mar-2026 21:45:39.205 INFO [main] org.apache.catalina.startup.HostConfig.deployDirectory Deploying web application directory [D:\STUDY\Website-projects\Talksy-chat-app\Backend\apache-tomcat-10.1.52\apache-tomcat-10.1.52\webapps\manager]
12-Mar-2026 21:45:39.659 INFO [main] org.apache.jasper.servlet.TldScanner.scanJars At least one JAR was scanned for TLDs yet contained no TLDs. Enable debug logging for this logger for a complete list of JARs that were scanned but no TLDs were found in them. Skipping unneeded JARs during scanning can improve startup time and JSP compilation time.
12-Mar-2026 21:45:39.666 INFO [main] org.apache.catalina.startup.HostConfig.deployDirectory Deployment of web application directory [D:\STUDY\Website-projects\Talksy-chat-app\Backend\apache-tomcat-10.1.52\apache-tomcat-10.1.52\webapps\manager] has finished in [461] ms
12-Mar-2026 21:45:39.667 INFO [main] org.apache.catalina.startup.HostConfig.deployDirectory Deploying web application directory [D:\STUDY\Website-projects\Talksy-chat-app\Backend\apache-tomcat-10.1.52\apache-tomcat-10.1.52\webapps\ROOT]
12-Mar-2026 21:45:40.250 INFO [main] org.apache.jasper.servlet.TldScanner.scanJars At least one JAR was scanned for TLDs yet contained no TLDs. Enable debug logging for this logger for a complete list of JARs that were scanned but no TLDs were found in them. Skipping unneeded JARs during scanning can improve startup time and JSP compilation time.
12-Mar-2026 21:45:40.256 INFO [main] org.apache.catalina.startup.HostConfig.deployDirectory Deployment of web application directory [D:\STUDY\Website-projects\Talksy-chat-app\Backend\apache-tomcat-10.1.52\apache-tomcat-10.1.52\webapps\ROOT] has finished in [588] ms
12-Mar-2026 21:45:40.260 INFO [main] org.apache.coyote.AbstractProtocol.start Starting ProtocolHandler ["http-nio-8080"]
12-Mar-2026 21:45:40.296 INFO [main] org.apache.catalina.startup.Catalina.start Server startup in [4712] milliseconds
12-Mar-2026 21:46:21.337 INFO [main] org.apache.catalina.startup.VersionLoggerListener.log Server version name:   Apache Tomcat/10.1.52
12-Mar-2026 21:46:21.341 INFO [main] org.apache.catalina.startup.VersionLoggerListener.log Server built:          Jan 23 2026 19:29:07 UTC
12-Mar-2026 21:46:21.342 INFO [main] org.apache.catalina.startup.VersionLoggerListener.log Server version number: 10.1.52.0
12-Mar-2026 21:46:21.342 INFO [main] org.apache.catalina.startup.VersionLoggerListener.log OS Name:               Windows 11
12-Mar-2026 21:46:21.342 INFO [main] org.apache.catalina.startup.VersionLoggerListener.log OS Version:            10.0
12-Mar-2026 21:46:21.342 INFO [main] org.apache.catalina.startup.VersionLoggerListener.log Architecture:          amd64
12-Mar-2026 21:46:21.343 INFO [main] org.apache.catalina.startup.VersionLoggerListener.log Java Home:             C:\Program Files\Java\jdk-25.0.2
12-Mar-2026 21:46:21.343 INFO [main] org.apache.catalina.startup.VersionLoggerListener.log JVM Version:           25.0.2+10-LTS-69
12-Mar-2026 21:46:21.343 INFO [main] org.apache.catalina.startup.VersionLoggerListener.log JVM Vendor:            Oracle Corporation
12-Mar-2026 21:46:21.344 INFO [main] org.apache.catalina.startup.VersionLoggerListener.log CATALINA_BASE:         D:\STUDY\Website-projects\Talksy-chat-app\Backend\apache-tomcat-10.1.52\apache-tomcat-10.1.52
12-Mar-2026 21:46:21.344 INFO [main] org.apache.catalina.startup.VersionLoggerListener.log CATALINA_HOME:         D:\STUDY\Website-projects\Talksy-chat-app\Backend\apache-tomcat-10.1.52\apache-tomcat-10.1.52
12-Mar-2026 21:46:21.363 INFO [main] org.apache.catalina.startup.VersionLoggerListener.log Command line argument: -Djava.util.logging.config.file=D:\STUDY\Website-projects\Talksy-chat-app\Backend\apache-tomcat-10.1.52\apache-tomcat-10.1.52\conf\logging.properties
12-Mar-2026 21:46:21.363 INFO [main] org.apache.catalina.startup.VersionLoggerListener.log Command line argument: -Djava.util.logging.manager=org.apache.juli.ClassLoaderLogManager
12-Mar-2026 21:46:21.363 INFO [main] org.apache.catalina.startup.VersionLoggerListener.log Command line argument: -Djdk.tls.ephemeralDHKeySize=2048
12-Mar-2026 21:46:21.364 INFO [main] org.apache.catalina.startup.VersionLoggerListener.log Command line argument: -Djava.protocol.handler.pkgs=org.apache.catalina.webresources
12-Mar-2026 21:46:21.364 INFO [main] org.apache.catalina.startup.VersionLoggerListener.log Command line argument: -Dsun.io.useCanonCaches=false
12-Mar-2026 21:46:21.364 INFO [main] org.apache.catalina.startup.VersionLoggerListener.log Command line argument: --add-opens=java.base/java.lang=ALL-UNNAMED
12-Mar-2026 21:46:21.364 INFO [main] org.apache.catalina.startup.VersionLoggerListener.log Command line argument: --add-opens=java.base/java.lang.reflect=ALL-UNNAMED
12-Mar-2026 21:46:21.365 INFO [main] org.apache.catalina.startup.VersionLoggerListener.log Command line argument: --add-opens=java.base/java.io=ALL-UNNAMED
12-Mar-2026 21:46:21.365 INFO [main] org.apache.catalina.startup.VersionLoggerListener.log Command line argument: --add-opens=java.base/java.util=ALL-UNNAMED
12-Mar-2026 21:46:21.365 INFO [main] org.apache.catalina.startup.VersionLoggerListener.log Command line argument: --add-opens=java.base/java.util.concurrent=ALL-UNNAMED
12-Mar-2026 21:46:21.366 INFO [main] org.apache.catalina.startup.VersionLoggerListener.log Command line argument: --add-opens=java.rmi/sun.rmi.transport=ALL-UNNAMED
12-Mar-2026 21:46:21.366 INFO [main] org.apache.catalina.startup.VersionLoggerListener.log Command line argument: -Dcatalina.base=D:\STUDY\Website-projects\Talksy-chat-app\Backend\apache-tomcat-10.1.52\apache-tomcat-10.1.52
12-Mar-2026 21:46:21.366 INFO [main] org.apache.catalina.startup.VersionLoggerListener.log Command line argument: -Dcatalina.home=D:\STUDY\Website-projects\Talksy-chat-app\Backend\apache-tomcat-10.1.52\apache-tomcat-10.1.52
12-Mar-2026 21:46:21.366 INFO [main] org.apache.catalina.startup.VersionLoggerListener.log Command line argument: -Djava.io.tmpdir=D:\STUDY\Website-projects\Talksy-chat-app\Backend\apache-tomcat-10.1.52\apache-tomcat-10.1.52\temp
12-Mar-2026 21:46:21.391 INFO [main] org.apache.catalina.core.AprLifecycleListener.lifecycleEvent The Apache Tomcat Native library which allows using OpenSSL was not found on the java.library.path: [C:\Program Files\Java\jdk-25.0.2\bin;C:\WINDOWS\Sun\Java\bin;C:\WINDOWS\system32;C:\WINDOWS;C:\Program Files\Common Files\Oracle\Java\javapath;C:\WINDOWS\system32;C:\WINDOWS;C:\WINDOWS\System32\Wbem;C:\WINDOWS\System32\WindowsPowerShell\v1.0\;C:\WINDOWS\System32\OpenSSH\;C:\ProgramData\chocolatey\bin;C:\Program Files (x86)\Microsoft SQL Server\100\Tools\Binn\;C:\Program Files\Microsoft SQL Server\100\Tools\Binn\;C:\Program Files\Microsoft SQL Server\100\DTS\Binn\;C:\Program Files\nodejs\;C:\Program Files\Java\jdk-25.0.2\bin;C:\Program Files\MySQL\MySQL Shell 8.0\bin\;C:\Users\HP\AppData\Local\Microsoft\WindowsApps;C:\Users\HP\AppData\Local\Programs\Microsoft VS Code\bin;C:\Users\HP\AppData\Local\Programs\Antigravity\bin;C:\Users\HP\AppData\Roaming\npm;.]
12-Mar-2026 21:46:21.857 INFO [main] org.apache.coyote.AbstractProtocol.init Initializing ProtocolHandler ["http-nio-8080"]
12-Mar-2026 21:46:21.908 INFO [main] org.apache.catalina.startup.Catalina.load Server initialization in [706] milliseconds
12-Mar-2026 21:46:21.980 INFO [main] org.apache.catalina.core.StandardService.startInternal Starting service [Catalina]
12-Mar-2026 21:46:21.980 INFO [main] org.apache.catalina.core.StandardEngine.startInternal Starting Servlet engine: [Apache Tomcat/10.1.52]
12-Mar-2026 21:46:22.001 INFO [main] org.apache.catalina.startup.HostConfig.deployDirectory Deploying web application directory [D:\STUDY\Website-projects\Talksy-chat-app\Backend\apache-tomcat-10.1.52\apache-tomcat-10.1.52\webapps\chatapp]
12-Mar-2026 21:46:23.057 INFO [main] org.apache.jasper.servlet.TldScanner.scanJars At least one JAR was scanned for TLDs yet contained no TLDs. Enable debug logging for this logger for a complete list of JARs that were scanned but no TLDs were found in them. Skipping unneeded JARs during scanning can improve startup time and JSP compilation time.
12-Mar-2026 21:46:23.156 INFO [main] org.apache.catalina.startup.HostConfig.deployDirectory Deployment of web application directory [D:\STUDY\Website-projects\Talksy-chat-app\Backend\apache-tomcat-10.1.52\apache-tomcat-10.1.52\webapps\chatapp] has finished in [1,144] ms
12-Mar-2026 21:46:23.157 INFO [main] org.apache.catalina.startup.HostConfig.deployDirectory Deploying web application directory [D:\STUDY\Website-projects\Talksy-chat-app\Backend\apache-tomcat-10.1.52\apache-tomcat-10.1.52\webapps\docs]
12-Mar-2026 21:46:23.763 INFO [main] org.apache.jasper.servlet.TldScanner.scanJars At least one JAR was scanned for TLDs yet contained no TLDs. Enable debug logging for this logger for a complete list of JARs that were scanned but no TLDs were found in them. Skipping unneeded JARs during scanning can improve startup time and JSP compilation time.
12-Mar-2026 21:46:23.768 INFO [main] org.apache.catalina.startup.HostConfig.deployDirectory Deployment of web application directory [D:\STUDY\Website-projects\Talksy-chat-app\Backend\apache-tomcat-10.1.52\apache-tomcat-10.1.52\webapps\docs] has finished in [611] ms
12-Mar-2026 21:46:23.769 INFO [main] org.apache.catalina.startup.HostConfig.deployDirectory Deploying web application directory [D:\STUDY\Website-projects\Talksy-chat-app\Backend\apache-tomcat-10.1.52\apache-tomcat-10.1.52\webapps\examples]
12-Mar-2026 21:46:24.878 INFO [main] org.apache.jasper.servlet.TldScanner.scanJars At least one JAR was scanned for TLDs yet contained no TLDs. Enable debug logging for this logger for a complete list of JARs that were scanned but no TLDs were found in them. Skipping unneeded JARs during scanning can improve startup time and JSP compilation time.
12-Mar-2026 21:46:24.965 INFO [main] org.apache.catalina.startup.HostConfig.deployDirectory Deployment of web application directory [D:\STUDY\Website-projects\Talksy-chat-app\Backend\apache-tomcat-10.1.52\apache-tomcat-10.1.52\webapps\examples] has finished in [1,196] ms
12-Mar-2026 21:46:24.966 INFO [main] org.apache.catalina.startup.HostConfig.deployDirectory Deploying web application directory [D:\STUDY\Website-projects\Talksy-chat-app\Backend\apache-tomcat-10.1.52\apache-tomcat-10.1.52\webapps\host-manager]
12-Mar-2026 21:46:25.534 INFO [main] org.apache.jasper.servlet.TldScanner.scanJars At least one JAR was scanned for TLDs yet contained no TLDs. Enable debug logging for this logger for a complete list of JARs that were scanned but no TLDs were found in them. Skipping unneeded JARs during scanning can improve startup time and JSP compilation time.
12-Mar-2026 21:46:25.549 INFO [main] org.apache.catalina.startup.HostConfig.deployDirectory Deployment of web application directory [D:\STUDY\Website-projects\Talksy-chat-app\Backend\apache-tomcat-10.1.52\apache-tomcat-10.1.52\webapps\host-manager] has finished in [583] ms
12-Mar-2026 21:46:25.550 INFO [main] org.apache.catalina.startup.HostConfig.deployDirectory Deploying web application directory [D:\STUDY\Website-projects\Talksy-chat-app\Backend\apache-tomcat-10.1.52\apache-tomcat-10.1.52\webapps\manager]
12-Mar-2026 21:46:26.047 INFO [main] org.apache.jasper.servlet.TldScanner.scanJars At least one JAR was scanned for TLDs yet contained no TLDs. Enable debug logging for this logger for a complete list of JARs that were scanned but no TLDs were found in them. Skipping unneeded JARs during scanning can improve startup time and JSP compilation time.
12-Mar-2026 21:46:26.057 INFO [main] org.apache.catalina.startup.HostConfig.deployDirectory Deployment of web application directory [D:\STUDY\Website-projects\Talksy-chat-app\Backend\apache-tomcat-10.1.52\apache-tomcat-10.1.52\webapps\manager] has finished in [506] ms
12-Mar-2026 21:46:26.057 INFO [main] org.apache.catalina.startup.HostConfig.deployDirectory Deploying web application directory [D:\STUDY\Website-projects\Talksy-chat-app\Backend\apache-tomcat-10.1.52\apache-tomcat-10.1.52\webapps\ROOT]
12-Mar-2026 21:46:26.580 INFO [main] org.apache.jasper.servlet.TldScanner.scanJars At least one JAR was scanned for TLDs yet contained no TLDs. Enable debug logging for this logger for a complete list of JARs that were scanned but no TLDs were found in them. Skipping unneeded JARs during scanning can improve startup time and JSP compilation time.
12-Mar-2026 21:46:26.591 INFO [main] org.apache.catalina.startup.HostConfig.deployDirectory Deployment of web application directory [D:\STUDY\Website-projects\Talksy-chat-app\Backend\apache-tomcat-10.1.52\apache-tomcat-10.1.52\webapps\ROOT] has finished in [534] ms
12-Mar-2026 21:46:26.599 INFO [main] org.apache.coyote.AbstractProtocol.start Starting ProtocolHandler ["http-nio-8080"]
12-Mar-2026 21:46:26.677 INFO [main] org.apache.catalina.startup.Catalina.start Server startup in [4764] milliseconds
12-Mar-2026 21:50:17.314 INFO [main] org.apache.catalina.startup.VersionLoggerListener.log Server version name:   Apache Tomcat/10.1.52
12-Mar-2026 21:50:17.316 INFO [main] org.apache.catalina.startup.VersionLoggerListener.log Server built:          Jan 23 2026 19:29:07 UTC
12-Mar-2026 21:50:17.316 INFO [main] org.apache.catalina.startup.VersionLoggerListener.log Server version number: 10.1.52.0
12-Mar-2026 21:50:17.316 INFO [main] org.apache.catalina.startup.VersionLoggerListener.log OS Name:               Windows 11
12-Mar-2026 21:50:17.317 INFO [main] org.apache.catalina.startup.VersionLoggerListener.log OS Version:            10.0
12-Mar-2026 21:50:17.317 INFO [main] org.apache.catalina.startup.VersionLoggerListener.log Architecture:          amd64
12-Mar-2026 21:50:17.317 INFO [main] org.apache.catalina.startup.VersionLoggerListener.log Java Home:             C:\Program Files\Java\jdk-25.0.2
12-Mar-2026 21:50:17.317 INFO [main] org.apache.catalina.startup.VersionLoggerListener.log JVM Version:           25.0.2+10-LTS-69
12-Mar-2026 21:50:17.317 INFO [main] org.apache.catalina.startup.VersionLoggerListener.log JVM Vendor:            Oracle Corporation
12-Mar-2026 21:50:17.318 INFO [main] org.apache.catalina.startup.VersionLoggerListener.log CATALINA_BASE:         D:\STUDY\Website-projects\Talksy-chat-app\Backend\apache-tomcat-10.1.52\apache-tomcat-10.1.52
12-Mar-2026 21:50:17.318 INFO [main] org.apache.catalina.startup.VersionLoggerListener.log CATALINA_HOME:         D:\STUDY\Website-projects\Talksy-chat-app\Backend\apache-tomcat-10.1.52\apache-tomcat-10.1.52
12-Mar-2026 21:50:17.331 INFO [main] org.apache.catalina.startup.VersionLoggerListener.log Command line argument: -Djava.util.logging.config.file=D:\STUDY\Website-projects\Talksy-chat-app\Backend\apache-tomcat-10.1.52\apache-tomcat-10.1.52\conf\logging.properties
12-Mar-2026 21:50:17.331 INFO [main] org.apache.catalina.startup.VersionLoggerListener.log Command line argument: -Djava.util.logging.manager=org.apache.juli.ClassLoaderLogManager
12-Mar-2026 21:50:17.332 INFO [main] org.apache.catalina.startup.VersionLoggerListener.log Command line argument: -Djdk.tls.ephemeralDHKeySize=2048
12-Mar-2026 21:50:17.332 INFO [main] org.apache.catalina.startup.VersionLoggerListener.log Command line argument: -Djava.protocol.handler.pkgs=org.apache.catalina.webresources
12-Mar-2026 21:50:17.332 INFO [main] org.apache.catalina.startup.VersionLoggerListener.log Command line argument: -Dsun.io.useCanonCaches=false
12-Mar-2026 21:50:17.333 INFO [main] org.apache.catalina.startup.VersionLoggerListener.log Command line argument: --add-opens=java.base/java.lang=ALL-UNNAMED
12-Mar-2026 21:50:17.333 INFO [main] org.apache.catalina.startup.VersionLoggerListener.log Command line argument: --add-opens=java.base/java.lang.reflect=ALL-UNNAMED
12-Mar-2026 21:50:17.333 INFO [main] org.apache.catalina.startup.VersionLoggerListener.log Command line argument: --add-opens=java.base/java.io=ALL-UNNAMED
12-Mar-2026 21:50:17.333 INFO [main] org.apache.catalina.startup.VersionLoggerListener.log Command line argument: --add-opens=java.base/java.util=ALL-UNNAMED
12-Mar-2026 21:50:17.334 INFO [main] org.apache.catalina.startup.VersionLoggerListener.log Command line argument: --add-opens=java.base/java.util.concurrent=ALL-UNNAMED
12-Mar-2026 21:50:17.334 INFO [main] org.apache.catalina.startup.VersionLoggerListener.log Command line argument: --add-opens=java.rmi/sun.rmi.transport=ALL-UNNAMED
12-Mar-2026 21:50:17.334 INFO [main] org.apache.catalina.startup.VersionLoggerListener.log Command line argument: -Dcatalina.base=D:\STUDY\Website-projects\Talksy-chat-app\Backend\apache-tomcat-10.1.52\apache-tomcat-10.1.52
12-Mar-2026 21:50:17.334 INFO [main] org.apache.catalina.startup.VersionLoggerListener.log Command line argument: -Dcatalina.home=D:\STUDY\Website-projects\Talksy-chat-app\Backend\apache-tomcat-10.1.52\apache-tomcat-10.1.52
12-Mar-2026 21:50:17.334 INFO [main] org.apache.catalina.startup.VersionLoggerListener.log Command line argument: -Djava.io.tmpdir=D:\STUDY\Website-projects\Talksy-chat-app\Backend\apache-tomcat-10.1.52\apache-tomcat-10.1.52\temp
12-Mar-2026 21:50:17.344 INFO [main] org.apache.catalina.core.AprLifecycleListener.lifecycleEvent The Apache Tomcat Native library which allows using OpenSSL was not found on the java.library.path: [C:\Program Files\Java\jdk-25.0.2\bin;C:\WINDOWS\Sun\Java\bin;C:\WINDOWS\system32;C:\WINDOWS;C:\Program Files\Common Files\Oracle\Java\javapath;C:\WINDOWS\system32;C:\WINDOWS;C:\WINDOWS\System32\Wbem;C:\WINDOWS\System32\WindowsPowerShell\v1.0\;C:\WINDOWS\System32\OpenSSH\;C:\ProgramData\chocolatey\bin;C:\Program Files (x86)\Microsoft SQL Server\100\Tools\Binn\;C:\Program Files\Microsoft SQL Server\100\Tools\Binn\;C:\Program Files\Microsoft SQL Server\100\DTS\Binn\;C:\Program Files\nodejs\;C:\Program Files\Java\jdk-25.0.2\bin;C:\Program Files\MySQL\MySQL Shell 8.0\bin\;C:\Users\HP\AppData\Local\Microsoft\WindowsApps;C:\Users\HP\AppData\Local\Programs\Microsoft VS Code\bin;C:\Users\HP\AppData\Local\Programs\Antigravity\bin;C:\Users\HP\AppData\Roaming\npm;.]
12-Mar-2026 21:50:17.598 INFO [main] org.apache.coyote.AbstractProtocol.init Initializing ProtocolHandler ["http-nio-8080"]
12-Mar-2026 21:50:17.626 INFO [main] org.apache.catalina.startup.Catalina.load Server initialization in [506] milliseconds
12-Mar-2026 21:50:17.667 INFO [main] org.apache.catalina.core.StandardService.startInternal Starting service [Catalina]
12-Mar-2026 21:50:17.667 INFO [main] org.apache.catalina.core.StandardEngine.startInternal Starting Servlet engine: [Apache Tomcat/10.1.52]
12-Mar-2026 21:50:17.678 INFO [main] org.apache.catalina.startup.HostConfig.deployDirectory Deploying web application directory [D:\STUDY\Website-projects\Talksy-chat-app\Backend\apache-tomcat-10.1.52\apache-tomcat-10.1.52\webapps\chatapp]
12-Mar-2026 21:50:18.299 INFO [main] org.apache.jasper.servlet.TldScanner.scanJars At least one JAR was scanned for TLDs yet contained no TLDs. Enable debug logging for this logger for a complete list of JARs that were scanned but no TLDs were found in them. Skipping unneeded JARs during scanning can improve startup time and JSP compilation time.
12-Mar-2026 21:50:18.358 INFO [main] org.apache.catalina.startup.HostConfig.deployDirectory Deployment of web application directory [D:\STUDY\Website-projects\Talksy-chat-app\Backend\apache-tomcat-10.1.52\apache-tomcat-10.1.52\webapps\chatapp] has finished in [677] ms
12-Mar-2026 21:50:18.359 INFO [main] org.apache.catalina.startup.HostConfig.deployDirectory Deploying web application directory [D:\STUDY\Website-projects\Talksy-chat-app\Backend\apache-tomcat-10.1.52\apache-tomcat-10.1.52\webapps\docs]
12-Mar-2026 21:50:18.613 INFO [main] org.apache.jasper.servlet.TldScanner.scanJars At least one JAR was scanned for TLDs yet contained no TLDs. Enable debug logging for this logger for a complete list of JARs that were scanned but no TLDs were found in them. Skipping unneeded JARs during scanning can improve startup time and JSP compilation time.
12-Mar-2026 21:50:18.621 INFO [main] org.apache.catalina.startup.HostConfig.deployDirectory Deployment of web application directory [D:\STUDY\Website-projects\Talksy-chat-app\Backend\apache-tomcat-10.1.52\apache-tomcat-10.1.52\webapps\docs] has finished in [262] ms
12-Mar-2026 21:50:18.622 INFO [main] org.apache.catalina.startup.HostConfig.deployDirectory Deploying web application directory [D:\STUDY\Website-projects\Talksy-chat-app\Backend\apache-tomcat-10.1.52\apache-tomcat-10.1.52\webapps\examples]
12-Mar-2026 21:50:19.128 INFO [main] org.apache.jasper.servlet.TldScanner.scanJars At least one JAR was scanned for TLDs yet contained no TLDs. Enable debug logging for this logger for a complete list of JARs that were scanned but no TLDs were found in them. Skipping unneeded JARs during scanning can improve startup time and JSP compilation time.
12-Mar-2026 21:50:19.201 INFO [main] org.apache.catalina.startup.HostConfig.deployDirectory Deployment of web application directory [D:\STUDY\Website-projects\Talksy-chat-app\Backend\apache-tomcat-10.1.52\apache-tomcat-10.1.52\webapps\examples] has finished in [580] ms
12-Mar-2026 21:50:19.202 INFO [main] org.apache.catalina.startup.HostConfig.deployDirectory Deploying web application directory [D:\STUDY\Website-projects\Talksy-chat-app\Backend\apache-tomcat-10.1.52\apache-tomcat-10.1.52\webapps\host-manager]
12-Mar-2026 21:50:19.459 INFO [main] org.apache.jasper.servlet.TldScanner.scanJars At least one JAR was scanned for TLDs yet contained no TLDs. Enable debug logging for this logger for a complete list of JARs that were scanned but no TLDs were found in them. Skipping unneeded JARs during scanning can improve startup time and JSP compilation time.
12-Mar-2026 21:50:19.473 INFO [main] org.apache.catalina.startup.HostConfig.deployDirectory Deployment of web application directory [D:\STUDY\Website-projects\Talksy-chat-app\Backend\apache-tomcat-10.1.52\apache-tomcat-10.1.52\webapps\host-manager] has finished in [270] ms
12-Mar-2026 21:50:19.473 INFO [main] org.apache.catalina.startup.HostConfig.deployDirectory Deploying web application directory [D:\STUDY\Website-projects\Talksy-chat-app\Backend\apache-tomcat-10.1.52\apache-tomcat-10.1.52\webapps\manager]
12-Mar-2026 21:50:19.704 INFO [main] org.apache.jasper.servlet.TldScanner.scanJars At least one JAR was scanned for TLDs yet contained no TLDs. Enable debug logging for this logger for a complete list of JARs that were scanned but no TLDs were found in them. Skipping unneeded JARs during scanning can improve startup time and JSP compilation time.
12-Mar-2026 21:50:19.708 INFO [main] org.apache.catalina.startup.HostConfig.deployDirectory Deployment of web application directory [D:\STUDY\Website-projects\Talksy-chat-app\Backend\apache-tomcat-10.1.52\apache-tomcat-10.1.52\webapps\manager] has finished in [235] ms
12-Mar-2026 21:50:19.709 INFO [main] org.apache.catalina.startup.HostConfig.deployDirectory Deploying web application directory [D:\STUDY\Website-projects\Talksy-chat-app\Backend\apache-tomcat-10.1.52\apache-tomcat-10.1.52\webapps\ROOT]
12-Mar-2026 21:50:19.907 INFO [main] org.apache.jasper.servlet.TldScanner.scanJars At least one JAR was scanned for TLDs yet contained no TLDs. Enable debug logging for this logger for a complete list of JARs that were scanned but no TLDs were found in them. Skipping unneeded JARs during scanning can improve startup time and JSP compilation time.
12-Mar-2026 21:50:19.912 INFO [main] org.apache.catalina.startup.HostConfig.deployDirectory Deployment of web application directory [D:\STUDY\Website-projects\Talksy-chat-app\Backend\apache-tomcat-10.1.52\apache-tomcat-10.1.52\webapps\ROOT] has finished in [203] ms
12-Mar-2026 21:50:19.916 INFO [main] org.apache.coyote.AbstractProtocol.start Starting ProtocolHandler ["http-nio-8080"]
12-Mar-2026 21:50:19.943 INFO [main] org.apache.catalina.startup.Catalina.start Server startup in [2315] milliseconds
12-Mar-2026 22:09:08.854 INFO [main] org.apache.catalina.startup.VersionLoggerListener.log Server version name:   Apache Tomcat/10.1.52
12-Mar-2026 22:09:08.857 INFO [main] org.apache.catalina.startup.VersionLoggerListener.log Server built:          Jan 23 2026 19:29:07 UTC
12-Mar-2026 22:09:08.858 INFO [main] org.apache.catalina.startup.VersionLoggerListener.log Server version number: 10.1.52.0
12-Mar-2026 22:09:08.859 INFO [main] org.apache.catalina.startup.VersionLoggerListener.log OS Name:               Windows 11
12-Mar-2026 22:09:08.859 INFO [main] org.apache.catalina.startup.VersionLoggerListener.log OS Version:            10.0
12-Mar-2026 22:09:08.860 INFO [main] org.apache.catalina.startup.VersionLoggerListener.log Architecture:          amd64
12-Mar-2026 22:09:08.860 INFO [main] org.apache.catalina.startup.VersionLoggerListener.log Java Home:             C:\Program Files\Java\jdk-25.0.2
12-Mar-2026 22:09:08.861 INFO [main] org.apache.catalina.startup.VersionLoggerListener.log JVM Version:           25.0.2+10-LTS-69
12-Mar-2026 22:09:08.862 INFO [main] org.apache.catalina.startup.VersionLoggerListener.log JVM Vendor:            Oracle Corporation
12-Mar-2026 22:09:08.862 INFO [main] org.apache.catalina.startup.VersionLoggerListener.log CATALINA_BASE:         D:\STUDY\Website-projects\Talksy-chat-app\Backend\apache-tomcat-10.1.52\apache-tomcat-10.1.52
12-Mar-2026 22:09:08.862 INFO [main] org.apache.catalina.startup.VersionLoggerListener.log CATALINA_HOME:         D:\STUDY\Website-projects\Talksy-chat-app\Backend\apache-tomcat-10.1.52\apache-tomcat-10.1.52
12-Mar-2026 22:09:08.874 INFO [main] org.apache.catalina.startup.VersionLoggerListener.log Command line argument: -Djava.util.logging.config.file=D:\STUDY\Website-projects\Talksy-chat-app\Backend\apache-tomcat-10.1.52\apache-tomcat-10.1.52\conf\logging.properties
12-Mar-2026 22:09:08.875 INFO [main] org.apache.catalina.startup.VersionLoggerListener.log Command line argument: -Djava.util.logging.manager=org.apache.juli.ClassLoaderLogManager
12-Mar-2026 22:09:08.875 INFO [main] org.apache.catalina.startup.VersionLoggerListener.log Command line argument: -Djdk.tls.ephemeralDHKeySize=2048
12-Mar-2026 22:09:08.875 INFO [main] org.apache.catalina.startup.VersionLoggerListener.log Command line argument: -Djava.protocol.handler.pkgs=org.apache.catalina.webresources
12-Mar-2026 22:09:08.876 INFO [main] org.apache.catalina.startup.VersionLoggerListener.log Command line argument: -Dsun.io.useCanonCaches=false
12-Mar-2026 22:09:08.876 INFO [main] org.apache.catalina.startup.VersionLoggerListener.log Command line argument: --add-opens=java.base/java.lang=ALL-UNNAMED
12-Mar-2026 22:09:08.877 INFO [main] org.apache.catalina.startup.VersionLoggerListener.log Command line argument: --add-opens=java.base/java.lang.reflect=ALL-UNNAMED
12-Mar-2026 22:09:08.877 INFO [main] org.apache.catalina.startup.VersionLoggerListener.log Command line argument: --add-opens=java.base/java.io=ALL-UNNAMED
12-Mar-2026 22:09:08.877 INFO [main] org.apache.catalina.startup.VersionLoggerListener.log Command line argument: --add-opens=java.base/java.util=ALL-UNNAMED
12-Mar-2026 22:09:08.878 INFO [main] org.apache.catalina.startup.VersionLoggerListener.log Command line argument: --add-opens=java.base/java.util.concurrent=ALL-UNNAMED
12-Mar-2026 22:09:08.878 INFO [main] org.apache.catalina.startup.VersionLoggerListener.log Command line argument: --add-opens=java.rmi/sun.rmi.transport=ALL-UNNAMED
12-Mar-2026 22:09:08.879 INFO [main] org.apache.catalina.startup.VersionLoggerListener.log Command line argument: -Dcatalina.base=D:\STUDY\Website-projects\Talksy-chat-app\Backend\apache-tomcat-10.1.52\apache-tomcat-10.1.52
12-Mar-2026 22:09:08.879 INFO [main] org.apache.catalina.startup.VersionLoggerListener.log Command line argument: -Dcatalina.home=D:\STUDY\Website-projects\Talksy-chat-app\Backend\apache-tomcat-10.1.52\apache-tomcat-10.1.52
12-Mar-2026 22:09:08.880 INFO [main] org.apache.catalina.startup.VersionLoggerListener.log Command line argument: -Djava.io.tmpdir=D:\STUDY\Website-projects\Talksy-chat-app\Backend\apache-tomcat-10.1.52\apache-tomcat-10.1.52\temp
12-Mar-2026 22:09:08.891 INFO [main] org.apache.catalina.core.AprLifecycleListener.lifecycleEvent The Apache Tomcat Native library which allows using OpenSSL was not found on the java.library.path: [C:\Program Files\Java\jdk-25.0.2\bin;C:\WINDOWS\Sun\Java\bin;C:\WINDOWS\system32;C:\WINDOWS;C:\Program Files\Common Files\Oracle\Java\javapath;C:\WINDOWS\system32;C:\WINDOWS;C:\WINDOWS\System32\Wbem;C:\WINDOWS\System32\WindowsPowerShell\v1.0\;C:\WINDOWS\System32\OpenSSH\;C:\ProgramData\chocolatey\bin;C:\Program Files (x86)\Microsoft SQL Server\100\Tools\Binn\;C:\Program Files\Microsoft SQL Server\100\Tools\Binn\;C:\Program Files\Microsoft SQL Server\100\DTS\Binn\;C:\Program Files\nodejs\;C:\Program Files\Java\jdk-25.0.2\bin;C:\Program Files\MySQL\MySQL Shell 8.0\bin\;C:\Users\HP\AppData\Local\Microsoft\WindowsApps;C:\Users\HP\AppData\Local\Programs\Microsoft VS Code\bin;C:\Users\HP\AppData\Local\Programs\Antigravity\bin;C:\Users\HP\AppData\Roaming\npm;.]
12-Mar-2026 22:09:09.250 INFO [main] org.apache.coyote.AbstractProtocol.init Initializing ProtocolHandler ["http-nio-8080"]
12-Mar-2026 22:09:09.285 INFO [main] org.apache.catalina.startup.Catalina.load Server initialization in [644] milliseconds
12-Mar-2026 22:09:09.342 INFO [main] org.apache.catalina.core.StandardService.startInternal Starting service [Catalina]
12-Mar-2026 22:09:09.342 INFO [main] org.apache.catalina.core.StandardEngine.startInternal Starting Servlet engine: [Apache Tomcat/10.1.52]
12-Mar-2026 22:09:09.353 INFO [main] org.apache.catalina.startup.HostConfig.deployDirectory Deploying web application directory [D:\STUDY\Website-projects\Talksy-chat-app\Backend\apache-tomcat-10.1.52\apache-tomcat-10.1.52\webapps\chatapp]
12-Mar-2026 22:09:10.002 INFO [main] org.apache.jasper.servlet.TldScanner.scanJars At least one JAR was scanned for TLDs yet contained no TLDs. Enable debug logging for this logger for a complete list of JARs that were scanned but no TLDs were found in them. Skipping unneeded JARs during scanning can improve startup time and JSP compilation time.
12-Mar-2026 22:09:10.078 INFO [main] org.apache.catalina.startup.HostConfig.deployDirectory Deployment of web application directory [D:\STUDY\Website-projects\Talksy-chat-app\Backend\apache-tomcat-10.1.52\apache-tomcat-10.1.52\webapps\chatapp] has finished in [721] ms
12-Mar-2026 22:09:10.079 INFO [main] org.apache.catalina.startup.HostConfig.deployDirectory Deploying web application directory [D:\STUDY\Website-projects\Talksy-chat-app\Backend\apache-tomcat-10.1.52\apache-tomcat-10.1.52\webapps\docs]
12-Mar-2026 22:09:10.365 INFO [main] org.apache.jasper.servlet.TldScanner.scanJars At least one JAR was scanned for TLDs yet contained no TLDs. Enable debug logging for this logger for a complete list of JARs that were scanned but no TLDs were found in them. Skipping unneeded JARs during scanning can improve startup time and JSP compilation time.
12-Mar-2026 22:09:10.371 INFO [main] org.apache.catalina.startup.HostConfig.deployDirectory Deployment of web application directory [D:\STUDY\Website-projects\Talksy-chat-app\Backend\apache-tomcat-10.1.52\apache-tomcat-10.1.52\webapps\docs] has finished in [292] ms
12-Mar-2026 22:09:10.372 INFO [main] org.apache.catalina.startup.HostConfig.deployDirectory Deploying web application directory [D:\STUDY\Website-projects\Talksy-chat-app\Backend\apache-tomcat-10.1.52\apache-tomcat-10.1.52\webapps\examples]
12-Mar-2026 22:09:10.964 INFO [main] org.apache.jasper.servlet.TldScanner.scanJars At least one JAR was scanned for TLDs yet contained no TLDs. Enable debug logging for this logger for a complete list of JARs that were scanned but no TLDs were found in them. Skipping unneeded JARs during scanning can improve startup time and JSP compilation time.
12-Mar-2026 22:09:11.030 INFO [main] org.apache.catalina.startup.HostConfig.deployDirectory Deployment of web application directory [D:\STUDY\Website-projects\Talksy-chat-app\Backend\apache-tomcat-10.1.52\apache-tomcat-10.1.52\webapps\examples] has finished in [658] ms
12-Mar-2026 22:09:11.031 INFO [main] org.apache.catalina.startup.HostConfig.deployDirectory Deploying web application directory [D:\STUDY\Website-projects\Talksy-chat-app\Backend\apache-tomcat-10.1.52\apache-tomcat-10.1.52\webapps\host-manager]
12-Mar-2026 22:09:11.289 INFO [main] org.apache.jasper.servlet.TldScanner.scanJars At least one JAR was scanned for TLDs yet contained no TLDs. Enable debug logging for this logger for a complete list of JARs that were scanned but no TLDs were found in them. Skipping unneeded JARs during scanning can improve startup time and JSP compilation time.
12-Mar-2026 22:09:11.309 INFO [main] org.apache.catalina.startup.HostConfig.deployDirectory Deployment of web application directory [D:\STUDY\Website-projects\Talksy-chat-app\Backend\apache-tomcat-10.1.52\apache-tomcat-10.1.52\webapps\host-manager] has finished in [277] ms
12-Mar-2026 22:09:11.310 INFO [main] org.apache.catalina.startup.HostConfig.deployDirectory Deploying web application directory [D:\STUDY\Website-projects\Talksy-chat-app\Backend\apache-tomcat-10.1.52\apache-tomcat-10.1.52\webapps\manager]
12-Mar-2026 22:09:11.529 INFO [main] org.apache.jasper.servlet.TldScanner.scanJars At least one JAR was scanned for TLDs yet contained no TLDs. Enable debug logging for this logger for a complete list of JARs that were scanned but no TLDs were found in them. Skipping unneeded JARs during scanning can improve startup time and JSP compilation time.
12-Mar-2026 22:09:11.533 INFO [main] org.apache.catalina.startup.HostConfig.deployDirectory Deployment of web application directory [D:\STUDY\Website-projects\Talksy-chat-app\Backend\apache-tomcat-10.1.52\apache-tomcat-10.1.52\webapps\manager] has finished in [223] ms
12-Mar-2026 22:09:11.533 INFO [main] org.apache.catalina.startup.HostConfig.deployDirectory Deploying web application directory [D:\STUDY\Website-projects\Talksy-chat-app\Backend\apache-tomcat-10.1.52\apache-tomcat-10.1.52\webapps\ROOT]
12-Mar-2026 22:09:11.783 INFO [main] org.apache.jasper.servlet.TldScanner.scanJars At least one JAR was scanned for TLDs yet contained no TLDs. Enable debug logging for this logger for a complete list of JARs that were scanned but no TLDs were found in them. Skipping unneeded JARs during scanning can improve startup time and JSP compilation time.
12-Mar-2026 22:09:11.789 INFO [main] org.apache.catalina.startup.HostConfig.deployDirectory Deployment of web application directory [D:\STUDY\Website-projects\Talksy-chat-app\Backend\apache-tomcat-10.1.52\apache-tomcat-10.1.52\webapps\ROOT] has finished in [256] ms
12-Mar-2026 22:09:11.794 INFO [main] org.apache.coyote.AbstractProtocol.start Starting ProtocolHandler ["http-nio-8080"]
12-Mar-2026 22:09:11.829 INFO [main] org.apache.catalina.startup.Catalina.start Server startup in [2538] milliseconds
12-Mar-2026 22:25:27.362 INFO [main] org.apache.catalina.startup.VersionLoggerListener.log Server version name:   Apache Tomcat/10.1.52
12-Mar-2026 22:25:27.365 INFO [main] org.apache.catalina.startup.VersionLoggerListener.log Server built:          Jan 23 2026 19:29:07 UTC
12-Mar-2026 22:25:27.366 INFO [main] org.apache.catalina.startup.VersionLoggerListener.log Server version number: 10.1.52.0
12-Mar-2026 22:25:27.366 INFO [main] org.apache.catalina.startup.VersionLoggerListener.log OS Name:               Windows 11
12-Mar-2026 22:25:27.366 INFO [main] org.apache.catalina.startup.VersionLoggerListener.log OS Version:            10.0
12-Mar-2026 22:25:27.366 INFO [main] org.apache.catalina.startup.VersionLoggerListener.log Architecture:          amd64
12-Mar-2026 22:25:27.367 INFO [main] org.apache.catalina.startup.VersionLoggerListener.log Java Home:             C:\Program Files\Java\jdk-25.0.2
12-Mar-2026 22:25:27.367 INFO [main] org.apache.catalina.startup.VersionLoggerListener.log JVM Version:           25.0.2+10-LTS-69
12-Mar-2026 22:25:27.367 INFO [main] org.apache.catalina.startup.VersionLoggerListener.log JVM Vendor:            Oracle Corporation
12-Mar-2026 22:25:27.368 INFO [main] org.apache.catalina.startup.VersionLoggerListener.log CATALINA_BASE:         D:\STUDY\Website-projects\Talksy-chat-app\Backend\apache-tomcat-10.1.52\apache-tomcat-10.1.52
12-Mar-2026 22:25:27.368 INFO [main] org.apache.catalina.startup.VersionLoggerListener.log CATALINA_HOME:         D:\STUDY\Website-projects\Talksy-chat-app\Backend\apache-tomcat-10.1.52\apache-tomcat-10.1.52
12-Mar-2026 22:25:27.378 INFO [main] org.apache.catalina.startup.VersionLoggerListener.log Command line argument: -Djava.util.logging.config.file=D:\STUDY\Website-projects\Talksy-chat-app\Backend\apache-tomcat-10.1.52\apache-tomcat-10.1.52\conf\logging.properties
12-Mar-2026 22:25:27.379 INFO [main] org.apache.catalina.startup.VersionLoggerListener.log Command line argument: -Djava.util.logging.manager=org.apache.juli.ClassLoaderLogManager
12-Mar-2026 22:25:27.379 INFO [main] org.apache.catalina.startup.VersionLoggerListener.log Command line argument: -Djdk.tls.ephemeralDHKeySize=2048
12-Mar-2026 22:25:27.379 INFO [main] org.apache.catalina.startup.VersionLoggerListener.log Command line argument: -Djava.protocol.handler.pkgs=org.apache.catalina.webresources
12-Mar-2026 22:25:27.380 INFO [main] org.apache.catalina.startup.VersionLoggerListener.log Command line argument: -Dsun.io.useCanonCaches=false
12-Mar-2026 22:25:27.380 INFO [main] org.apache.catalina.startup.VersionLoggerListener.log Command line argument: --add-opens=java.base/java.lang=ALL-UNNAMED
12-Mar-2026 22:25:27.381 INFO [main] org.apache.catalina.startup.VersionLoggerListener.log Command line argument: --add-opens=java.base/java.lang.reflect=ALL-UNNAMED
12-Mar-2026 22:25:27.381 INFO [main] org.apache.catalina.startup.VersionLoggerListener.log Command line argument: --add-opens=java.base/java.io=ALL-UNNAMED
12-Mar-2026 22:25:27.381 INFO [main] org.apache.catalina.startup.VersionLoggerListener.log Command line argument: --add-opens=java.base/java.util=ALL-UNNAMED
12-Mar-2026 22:25:27.382 INFO [main] org.apache.catalina.startup.VersionLoggerListener.log Command line argument: --add-opens=java.base/java.util.concurrent=ALL-UNNAMED
12-Mar-2026 22:25:27.382 INFO [main] org.apache.catalina.startup.VersionLoggerListener.log Command line argument: --add-opens=java.rmi/sun.rmi.transport=ALL-UNNAMED
12-Mar-2026 22:25:27.383 INFO [main] org.apache.catalina.startup.VersionLoggerListener.log Command line argument: -Dcatalina.base=D:\STUDY\Website-projects\Talksy-chat-app\Backend\apache-tomcat-10.1.52\apache-tomcat-10.1.52
12-Mar-2026 22:25:27.383 INFO [main] org.apache.catalina.startup.VersionLoggerListener.log Command line argument: -Dcatalina.home=D:\STUDY\Website-projects\Talksy-chat-app\Backend\apache-tomcat-10.1.52\apache-tomcat-10.1.52
12-Mar-2026 22:25:27.383 INFO [main] org.apache.catalina.startup.VersionLoggerListener.log Command line argument: -Djava.io.tmpdir=D:\STUDY\Website-projects\Talksy-chat-app\Backend\apache-tomcat-10.1.52\apache-tomcat-10.1.52\temp
12-Mar-2026 22:25:27.391 INFO [main] org.apache.catalina.core.AprLifecycleListener.lifecycleEvent The Apache Tomcat Native library which allows using OpenSSL was not found on the java.library.path: [C:\Program Files\Java\jdk-25.0.2\bin;C:\WINDOWS\Sun\Java\bin;C:\WINDOWS\system32;C:\WINDOWS;C:\Program Files\Common Files\Oracle\Java\javapath;C:\WINDOWS\system32;C:\WINDOWS;C:\WINDOWS\System32\Wbem;C:\WINDOWS\System32\WindowsPowerShell\v1.0\;C:\WINDOWS\System32\OpenSSH\;C:\ProgramData\chocolatey\bin;C:\Program Files (x86)\Microsoft SQL Server\100\Tools\Binn\;C:\Program Files\Microsoft SQL Server\100\Tools\Binn\;C:\Program Files\Microsoft SQL Server\100\DTS\Binn\;C:\Program Files\nodejs\;C:\Program Files\Java\jdk-25.0.2\bin;C:\Program Files\MySQL\MySQL Shell 8.0\bin\;C:\Users\HP\AppData\Local\Microsoft\WindowsApps;C:\Users\HP\AppData\Local\Programs\Microsoft VS Code\bin;C:\Users\HP\AppData\Local\Programs\Antigravity\bin;C:\Users\HP\AppData\Roaming\npm;.]
12-Mar-2026 22:25:27.683 INFO [main] org.apache.coyote.AbstractProtocol.init Initializing ProtocolHandler ["http-nio-8080"]
12-Mar-2026 22:25:27.719 INFO [main] org.apache.catalina.startup.Catalina.load Server initialization in [537] milliseconds
12-Mar-2026 22:25:27.783 INFO [main] org.apache.catalina.core.StandardService.startInternal Starting service [Catalina]
12-Mar-2026 22:25:27.783 INFO [main] org.apache.catalina.core.StandardEngine.startInternal Starting Servlet engine: [Apache Tomcat/10.1.52]
12-Mar-2026 22:25:27.795 INFO [main] org.apache.catalina.startup.HostConfig.deployDirectory Deploying web application directory [D:\STUDY\Website-projects\Talksy-chat-app\Backend\apache-tomcat-10.1.52\apache-tomcat-10.1.52\webapps\chatapp]
12-Mar-2026 22:25:28.468 INFO [main] org.apache.jasper.servlet.TldScanner.scanJars At least one JAR was scanned for TLDs yet contained no TLDs. Enable debug logging for this logger for a complete list of JARs that were scanned but no TLDs were found in them. Skipping unneeded JARs during scanning can improve startup time and JSP compilation time.
12-Mar-2026 22:25:28.536 INFO [main] org.apache.catalina.startup.HostConfig.deployDirectory Deployment of web application directory [D:\STUDY\Website-projects\Talksy-chat-app\Backend\apache-tomcat-10.1.52\apache-tomcat-10.1.52\webapps\chatapp] has finished in [736] ms
12-Mar-2026 22:25:28.536 INFO [main] org.apache.catalina.startup.HostConfig.deployDirectory Deploying web application directory [D:\STUDY\Website-projects\Talksy-chat-app\Backend\apache-tomcat-10.1.52\apache-tomcat-10.1.52\webapps\docs]
12-Mar-2026 22:25:28.826 INFO [main] org.apache.jasper.servlet.TldScanner.scanJars At least one JAR was scanned for TLDs yet contained no TLDs. Enable debug logging for this logger for a complete list of JARs that were scanned but no TLDs were found in them. Skipping unneeded JARs during scanning can improve startup time and JSP compilation time.
12-Mar-2026 22:25:28.834 INFO [main] org.apache.catalina.startup.HostConfig.deployDirectory Deployment of web application directory [D:\STUDY\Website-projects\Talksy-chat-app\Backend\apache-tomcat-10.1.52\apache-tomcat-10.1.52\webapps\docs] has finished in [297] ms
12-Mar-2026 22:25:28.834 INFO [main] org.apache.catalina.startup.HostConfig.deployDirectory Deploying web application directory [D:\STUDY\Website-projects\Talksy-chat-app\Backend\apache-tomcat-10.1.52\apache-tomcat-10.1.52\webapps\examples]
12-Mar-2026 22:25:29.383 INFO [main] org.apache.jasper.servlet.TldScanner.scanJars At least one JAR was scanned for TLDs yet contained no TLDs. Enable debug logging for this logger for a complete list of JARs that were scanned but no TLDs were found in them. Skipping unneeded JARs during scanning can improve startup time and JSP compilation time.
12-Mar-2026 22:25:29.436 INFO [main] org.apache.catalina.startup.HostConfig.deployDirectory Deployment of web application directory [D:\STUDY\Website-projects\Talksy-chat-app\Backend\apache-tomcat-10.1.52\apache-tomcat-10.1.52\webapps\examples] has finished in [602] ms
12-Mar-2026 22:25:29.437 INFO [main] org.apache.catalina.startup.HostConfig.deployDirectory Deploying web application directory [D:\STUDY\Website-projects\Talksy-chat-app\Backend\apache-tomcat-10.1.52\apache-tomcat-10.1.52\webapps\host-manager]
12-Mar-2026 22:25:30.190 INFO [main] org.apache.jasper.servlet.TldScanner.scanJars At least one JAR was scanned for TLDs yet contained no TLDs. Enable debug logging for this logger for a complete list of JARs that were scanned but no TLDs were found in them. Skipping unneeded JARs during scanning can improve startup time and JSP compilation time.
12-Mar-2026 22:25:30.247 INFO [main] org.apache.catalina.startup.HostConfig.deployDirectory Deployment of web application directory [D:\STUDY\Website-projects\Talksy-chat-app\Backend\apache-tomcat-10.1.52\apache-tomcat-10.1.52\webapps\host-manager] has finished in [810] ms
12-Mar-2026 22:25:30.248 INFO [main] org.apache.catalina.startup.HostConfig.deployDirectory Deploying web application directory [D:\STUDY\Website-projects\Talksy-chat-app\Backend\apache-tomcat-10.1.52\apache-tomcat-10.1.52\webapps\manager]
12-Mar-2026 22:25:31.211 INFO [main] org.apache.jasper.servlet.TldScanner.scanJars At least one JAR was scanned for TLDs yet contained no TLDs. Enable debug logging for this logger for a complete list of JARs that were scanned but no TLDs were found in them. Skipping unneeded JARs during scanning can improve startup time and JSP compilation time.
12-Mar-2026 22:25:31.229 INFO [main] org.apache.catalina.startup.HostConfig.deployDirectory Deployment of web application directory [D:\STUDY\Website-projects\Talksy-chat-app\Backend\apache-tomcat-10.1.52\apache-tomcat-10.1.52\webapps\manager] has finished in [981] ms
12-Mar-2026 22:25:31.231 INFO [main] org.apache.catalina.startup.HostConfig.deployDirectory Deploying web application directory [D:\STUDY\Website-projects\Talksy-chat-app\Backend\apache-tomcat-10.1.52\apache-tomcat-10.1.52\webapps\ROOT]
12-Mar-2026 22:25:32.143 INFO [main] org.apache.jasper.servlet.TldScanner.scanJars At least one JAR was scanned for TLDs yet contained no TLDs. Enable debug logging for this logger for a complete list of JARs that were scanned but no TLDs were found in them. Skipping unneeded JARs during scanning can improve startup time and JSP compilation time.
12-Mar-2026 22:25:32.155 INFO [main] org.apache.catalina.startup.HostConfig.deployDirectory Deployment of web application directory [D:\STUDY\Website-projects\Talksy-chat-app\Backend\apache-tomcat-10.1.52\apache-tomcat-10.1.52\webapps\ROOT] has finished in [923] ms
12-Mar-2026 22:25:32.164 INFO [main] org.apache.coyote.AbstractProtocol.start Starting ProtocolHandler ["http-nio-8080"]
12-Mar-2026 22:25:32.238 INFO [main] org.apache.catalina.startup.Catalina.start Server startup in [4514] milliseconds
12-Mar-2026 22:38:04.323 INFO [main] org.apache.catalina.startup.VersionLoggerListener.log Server version name:   Apache Tomcat/10.1.52
12-Mar-2026 22:38:04.327 INFO [main] org.apache.catalina.startup.VersionLoggerListener.log Server built:          Jan 23 2026 19:29:07 UTC
12-Mar-2026 22:38:04.328 INFO [main] org.apache.catalina.startup.VersionLoggerListener.log Server version number: 10.1.52.0
12-Mar-2026 22:38:04.329 INFO [main] org.apache.catalina.startup.VersionLoggerListener.log OS Name:               Windows 11
12-Mar-2026 22:38:04.329 INFO [main] org.apache.catalina.startup.VersionLoggerListener.log OS Version:            10.0
12-Mar-2026 22:38:04.329 INFO [main] org.apache.catalina.startup.VersionLoggerListener.log Architecture:          amd64
12-Mar-2026 22:38:04.330 INFO [main] org.apache.catalina.startup.VersionLoggerListener.log Java Home:             C:\Program Files\Java\jdk-25.0.2
12-Mar-2026 22:38:04.330 INFO [main] org.apache.catalina.startup.VersionLoggerListener.log JVM Version:           25.0.2+10-LTS-69
12-Mar-2026 22:38:04.331 INFO [main] org.apache.catalina.startup.VersionLoggerListener.log JVM Vendor:            Oracle Corporation
12-Mar-2026 22:38:04.331 INFO [main] org.apache.catalina.startup.VersionLoggerListener.log CATALINA_BASE:         D:\STUDY\Website-projects\Talksy-chat-app\Backend\apache-tomcat-10.1.52\apache-tomcat-10.1.52
12-Mar-2026 22:38:04.332 INFO [main] org.apache.catalina.startup.VersionLoggerListener.log CATALINA_HOME:         D:\STUDY\Website-projects\Talksy-chat-app\Backend\apache-tomcat-10.1.52\apache-tomcat-10.1.52
12-Mar-2026 22:38:04.343 INFO [main] org.apache.catalina.startup.VersionLoggerListener.log Command line argument: -Djava.util.logging.config.file=D:\STUDY\Website-projects\Talksy-chat-app\Backend\apache-tomcat-10.1.52\apache-tomcat-10.1.52\conf\logging.properties
12-Mar-2026 22:38:04.343 INFO [main] org.apache.catalina.startup.VersionLoggerListener.log Command line argument: -Djava.util.logging.manager=org.apache.juli.ClassLoaderLogManager
12-Mar-2026 22:38:04.343 INFO [main] org.apache.catalina.startup.VersionLoggerListener.log Command line argument: -Djdk.tls.ephemeralDHKeySize=2048
12-Mar-2026 22:38:04.344 INFO [main] org.apache.catalina.startup.VersionLoggerListener.log Command line argument: -Djava.protocol.handler.pkgs=org.apache.catalina.webresources
12-Mar-2026 22:38:04.344 INFO [main] org.apache.catalina.startup.VersionLoggerListener.log Command line argument: -Dsun.io.useCanonCaches=false
12-Mar-2026 22:38:04.344 INFO [main] org.apache.catalina.startup.VersionLoggerListener.log Command line argument: --add-opens=java.base/java.lang=ALL-UNNAMED
12-Mar-2026 22:38:04.344 INFO [main] org.apache.catalina.startup.VersionLoggerListener.log Command line argument: --add-opens=java.base/java.lang.reflect=ALL-UNNAMED
12-Mar-2026 22:38:04.344 INFO [main] org.apache.catalina.startup.VersionLoggerListener.log Command line argument: --add-opens=java.base/java.io=ALL-UNNAMED
12-Mar-2026 22:38:04.346 INFO [main] org.apache.catalina.startup.VersionLoggerListener.log Command line argument: --add-opens=java.base/java.util=ALL-UNNAMED
12-Mar-2026 22:38:04.346 INFO [main] org.apache.catalina.startup.VersionLoggerListener.log Command line argument: --add-opens=java.base/java.util.concurrent=ALL-UNNAMED
12-Mar-2026 22:38:04.346 INFO [main] org.apache.catalina.startup.VersionLoggerListener.log Command line argument: --add-opens=java.rmi/sun.rmi.transport=ALL-UNNAMED
12-Mar-2026 22:38:04.346 INFO [main] org.apache.catalina.startup.VersionLoggerListener.log Command line argument: -Dcatalina.base=D:\STUDY\Website-projects\Talksy-chat-app\Backend\apache-tomcat-10.1.52\apache-tomcat-10.1.52
12-Mar-2026 22:38:04.346 INFO [main] org.apache.catalina.startup.VersionLoggerListener.log Command line argument: -Dcatalina.home=D:\STUDY\Website-projects\Talksy-chat-app\Backend\apache-tomcat-10.1.52\apache-tomcat-10.1.52
12-Mar-2026 22:38:04.346 INFO [main] org.apache.catalina.startup.VersionLoggerListener.log Command line argument: -Djava.io.tmpdir=D:\STUDY\Website-projects\Talksy-chat-app\Backend\apache-tomcat-10.1.52\apache-tomcat-10.1.52\temp
12-Mar-2026 22:38:04.361 INFO [main] org.apache.catalina.core.AprLifecycleListener.lifecycleEvent The Apache Tomcat Native library which allows using OpenSSL was not found on the java.library.path: [C:\Program Files\Java\jdk-25.0.2\bin;C:\WINDOWS\Sun\Java\bin;C:\WINDOWS\system32;C:\WINDOWS;C:\Program Files\Common Files\Oracle\Java\javapath;C:\WINDOWS\system32;C:\WINDOWS;C:\WINDOWS\System32\Wbem;C:\WINDOWS\System32\WindowsPowerShell\v1.0\;C:\WINDOWS\System32\OpenSSH\;C:\ProgramData\chocolatey\bin;C:\Program Files (x86)\Microsoft SQL Server\100\Tools\Binn\;C:\Program Files\Microsoft SQL Server\100\Tools\Binn\;C:\Program Files\Microsoft SQL Server\100\DTS\Binn\;C:\Program Files\nodejs\;C:\Program Files\Java\jdk-25.0.2\bin;C:\Program Files\MySQL\MySQL Shell 8.0\bin\;C:\Users\HP\AppData\Local\Microsoft\WindowsApps;C:\Users\HP\AppData\Local\Programs\Microsoft VS Code\bin;C:\Users\HP\AppData\Local\Programs\Antigravity\bin;C:\Users\HP\AppData\Roaming\npm;.]
12-Mar-2026 22:38:04.654 INFO [main] org.apache.coyote.AbstractProtocol.init Initializing ProtocolHandler ["http-nio-8080"]
12-Mar-2026 22:38:04.686 INFO [main] org.apache.catalina.startup.Catalina.load Server initialization in [524] milliseconds
12-Mar-2026 22:38:04.735 INFO [main] org.apache.catalina.core.StandardService.startInternal Starting service [Catalina]
12-Mar-2026 22:38:04.735 INFO [main] org.apache.catalina.core.StandardEngine.startInternal Starting Servlet engine: [Apache Tomcat/10.1.52]
12-Mar-2026 22:38:04.748 INFO [main] org.apache.catalina.startup.HostConfig.deployDirectory Deploying web application directory [D:\STUDY\Website-projects\Talksy-chat-app\Backend\apache-tomcat-10.1.52\apache-tomcat-10.1.52\webapps\chatapp]
12-Mar-2026 22:38:05.404 INFO [main] org.apache.jasper.servlet.TldScanner.scanJars At least one JAR was scanned for TLDs yet contained no TLDs. Enable debug logging for this logger for a complete list of JARs that were scanned but no TLDs were found in them. Skipping unneeded JARs during scanning can improve startup time and JSP compilation time.
12-Mar-2026 22:38:05.465 INFO [main] org.apache.catalina.startup.HostConfig.deployDirectory Deployment of web application directory [D:\STUDY\Website-projects\Talksy-chat-app\Backend\apache-tomcat-10.1.52\apache-tomcat-10.1.52\webapps\chatapp] has finished in [713] ms
12-Mar-2026 22:38:05.465 INFO [main] org.apache.catalina.startup.HostConfig.deployDirectory Deploying web application directory [D:\STUDY\Website-projects\Talksy-chat-app\Backend\apache-tomcat-10.1.52\apache-tomcat-10.1.52\webapps\docs]
12-Mar-2026 22:38:05.735 INFO [main] org.apache.jasper.servlet.TldScanner.scanJars At least one JAR was scanned for TLDs yet contained no TLDs. Enable debug logging for this logger for a complete list of JARs that were scanned but no TLDs were found in them. Skipping unneeded JARs during scanning can improve startup time and JSP compilation time.
12-Mar-2026 22:38:05.742 INFO [main] org.apache.catalina.startup.HostConfig.deployDirectory Deployment of web application directory [D:\STUDY\Website-projects\Talksy-chat-app\Backend\apache-tomcat-10.1.52\apache-tomcat-10.1.52\webapps\docs] has finished in [276] ms
12-Mar-2026 22:38:05.742 INFO [main] org.apache.catalina.startup.HostConfig.deployDirectory Deploying web application directory [D:\STUDY\Website-projects\Talksy-chat-app\Backend\apache-tomcat-10.1.52\apache-tomcat-10.1.52\webapps\examples]
12-Mar-2026 22:38:06.347 INFO [main] org.apache.jasper.servlet.TldScanner.scanJars At least one JAR was scanned for TLDs yet contained no TLDs. Enable debug logging for this logger for a complete list of JARs that were scanned but no TLDs were found in them. Skipping unneeded JARs during scanning can improve startup time and JSP compilation time.
12-Mar-2026 22:38:06.395 INFO [main] org.apache.catalina.startup.HostConfig.deployDirectory Deployment of web application directory [D:\STUDY\Website-projects\Talksy-chat-app\Backend\apache-tomcat-10.1.52\apache-tomcat-10.1.52\webapps\examples] has finished in [653] ms
12-Mar-2026 22:38:06.396 INFO [main] org.apache.catalina.startup.HostConfig.deployDirectory Deploying web application directory [D:\STUDY\Website-projects\Talksy-chat-app\Backend\apache-tomcat-10.1.52\apache-tomcat-10.1.52\webapps\host-manager]
12-Mar-2026 22:38:06.669 INFO [main] org.apache.jasper.servlet.TldScanner.scanJars At least one JAR was scanned for TLDs yet contained no TLDs. Enable debug logging for this logger for a complete list of JARs that were scanned but no TLDs were found in them. Skipping unneeded JARs during scanning can improve startup time and JSP compilation time.
12-Mar-2026 22:38:06.705 INFO [main] org.apache.catalina.startup.HostConfig.deployDirectory Deployment of web application directory [D:\STUDY\Website-projects\Talksy-chat-app\Backend\apache-tomcat-10.1.52\apache-tomcat-10.1.52\webapps\host-manager] has finished in [309] ms
12-Mar-2026 22:38:06.706 INFO [main] org.apache.catalina.startup.HostConfig.deployDirectory Deploying web application directory [D:\STUDY\Website-projects\Talksy-chat-app\Backend\apache-tomcat-10.1.52\apache-tomcat-10.1.52\webapps\manager]
12-Mar-2026 22:38:06.925 INFO [main] org.apache.jasper.servlet.TldScanner.scanJars At least one JAR was scanned for TLDs yet contained no TLDs. Enable debug logging for this logger for a complete list of JARs that were scanned but no TLDs were found in them. Skipping unneeded JARs during scanning can improve startup time and JSP compilation time.
12-Mar-2026 22:38:06.930 INFO [main] org.apache.catalina.startup.HostConfig.deployDirectory Deployment of web application directory [D:\STUDY\Website-projects\Talksy-chat-app\Backend\apache-tomcat-10.1.52\apache-tomcat-10.1.52\webapps\manager] has finished in [225] ms
12-Mar-2026 22:38:06.931 INFO [main] org.apache.catalina.startup.HostConfig.deployDirectory Deploying web application directory [D:\STUDY\Website-projects\Talksy-chat-app\Backend\apache-tomcat-10.1.52\apache-tomcat-10.1.52\webapps\ROOT]
12-Mar-2026 22:38:07.158 INFO [main] org.apache.jasper.servlet.TldScanner.scanJars At least one JAR was scanned for TLDs yet contained no TLDs. Enable debug logging for this logger for a complete list of JARs that were scanned but no TLDs were found in them. Skipping unneeded JARs during scanning can improve startup time and JSP compilation time.
12-Mar-2026 22:38:07.163 INFO [main] org.apache.catalina.startup.HostConfig.deployDirectory Deployment of web application directory [D:\STUDY\Website-projects\Talksy-chat-app\Backend\apache-tomcat-10.1.52\apache-tomcat-10.1.52\webapps\ROOT] has finished in [233] ms
12-Mar-2026 22:38:07.170 INFO [main] org.apache.coyote.AbstractProtocol.start Starting ProtocolHandler ["http-nio-8080"]
12-Mar-2026 22:38:07.237 INFO [main] org.apache.catalina.startup.Catalina.start Server startup in [2547] milliseconds
12-Mar-2026 22:43:19.421 INFO [main] org.apache.catalina.startup.VersionLoggerListener.log Server version name:   Apache Tomcat/10.1.52
12-Mar-2026 22:43:19.427 INFO [main] org.apache.catalina.startup.VersionLoggerListener.log Server built:          Jan 23 2026 19:29:07 UTC
12-Mar-2026 22:43:19.427 INFO [main] org.apache.catalina.startup.VersionLoggerListener.log Server version number: 10.1.52.0
12-Mar-2026 22:43:19.428 INFO [main] org.apache.catalina.startup.VersionLoggerListener.log OS Name:               Windows 11
12-Mar-2026 22:43:19.429 INFO [main] org.apache.catalina.startup.VersionLoggerListener.log OS Version:            10.0
12-Mar-2026 22:43:19.429 INFO [main] org.apache.catalina.startup.VersionLoggerListener.log Architecture:          amd64
12-Mar-2026 22:43:19.430 INFO [main] org.apache.catalina.startup.VersionLoggerListener.log Java Home:             C:\Program Files\Java\jdk-25.0.2
12-Mar-2026 22:43:19.430 INFO [main] org.apache.catalina.startup.VersionLoggerListener.log JVM Version:           25.0.2+10-LTS-69
12-Mar-2026 22:43:19.431 INFO [main] org.apache.catalina.startup.VersionLoggerListener.log JVM Vendor:            Oracle Corporation
12-Mar-2026 22:43:19.431 INFO [main] org.apache.catalina.startup.VersionLoggerListener.log CATALINA_BASE:         D:\STUDY\Website-projects\Talksy-chat-app\Backend\apache-tomcat-10.1.52\apache-tomcat-10.1.52
12-Mar-2026 22:43:19.432 INFO [main] org.apache.catalina.startup.VersionLoggerListener.log CATALINA_HOME:         D:\STUDY\Website-projects\Talksy-chat-app\Backend\apache-tomcat-10.1.52\apache-tomcat-10.1.52
12-Mar-2026 22:43:19.450 INFO [main] org.apache.catalina.startup.VersionLoggerListener.log Command line argument: -Djava.util.logging.config.file=D:\STUDY\Website-projects\Talksy-chat-app\Backend\apache-tomcat-10.1.52\apache-tomcat-10.1.52\conf\logging.properties
12-Mar-2026 22:43:19.451 INFO [main] org.apache.catalina.startup.VersionLoggerListener.log Command line argument: -Djava.util.logging.manager=org.apache.juli.ClassLoaderLogManager
12-Mar-2026 22:43:19.451 INFO [main] org.apache.catalina.startup.VersionLoggerListener.log Command line argument: -Djdk.tls.ephemeralDHKeySize=2048
12-Mar-2026 22:43:19.452 INFO [main] org.apache.catalina.startup.VersionLoggerListener.log Command line argument: -Djava.protocol.handler.pkgs=org.apache.catalina.webresources
12-Mar-2026 22:43:19.452 INFO [main] org.apache.catalina.startup.VersionLoggerListener.log Command line argument: -Dsun.io.useCanonCaches=false
12-Mar-2026 22:43:19.452 INFO [main] org.apache.catalina.startup.VersionLoggerListener.log Command line argument: --add-opens=java.base/java.lang=ALL-UNNAMED
12-Mar-2026 22:43:19.453 INFO [main] org.apache.catalina.startup.VersionLoggerListener.log Command line argument: --add-opens=java.base/java.lang.reflect=ALL-UNNAMED
12-Mar-2026 22:43:19.453 INFO [main] org.apache.catalina.startup.VersionLoggerListener.log Command line argument: --add-opens=java.base/java.io=ALL-UNNAMED
12-Mar-2026 22:43:19.453 INFO [main] org.apache.catalina.startup.VersionLoggerListener.log Command line argument: --add-opens=java.base/java.util=ALL-UNNAMED
12-Mar-2026 22:43:19.453 INFO [main] org.apache.catalina.startup.VersionLoggerListener.log Command line argument: --add-opens=java.base/java.util.concurrent=ALL-UNNAMED
12-Mar-2026 22:43:19.454 INFO [main] org.apache.catalina.startup.VersionLoggerListener.log Command line argument: --add-opens=java.rmi/sun.rmi.transport=ALL-UNNAMED
12-Mar-2026 22:43:19.454 INFO [main] org.apache.catalina.startup.VersionLoggerListener.log Command line argument: -Dcatalina.base=D:\STUDY\Website-projects\Talksy-chat-app\Backend\apache-tomcat-10.1.52\apache-tomcat-10.1.52
12-Mar-2026 22:43:19.455 INFO [main] org.apache.catalina.startup.VersionLoggerListener.log Command line argument: -Dcatalina.home=D:\STUDY\Website-projects\Talksy-chat-app\Backend\apache-tomcat-10.1.52\apache-tomcat-10.1.52
12-Mar-2026 22:43:19.455 INFO [main] org.apache.catalina.startup.VersionLoggerListener.log Command line argument: -Djava.io.tmpdir=D:\STUDY\Website-projects\Talksy-chat-app\Backend\apache-tomcat-10.1.52\apache-tomcat-10.1.52\temp
12-Mar-2026 22:43:19.468 INFO [main] org.apache.catalina.core.AprLifecycleListener.lifecycleEvent The Apache Tomcat Native library which allows using OpenSSL was not found on the java.library.path: [C:\Program Files\Java\jdk-25.0.2\bin;C:\WINDOWS\Sun\Java\bin;C:\WINDOWS\system32;C:\WINDOWS;C:\Program Files\Common Files\Oracle\Java\javapath;C:\WINDOWS\system32;C:\WINDOWS;C:\WINDOWS\System32\Wbem;C:\WINDOWS\System32\WindowsPowerShell\v1.0\;C:\WINDOWS\System32\OpenSSH\;C:\ProgramData\chocolatey\bin;C:\Program Files (x86)\Microsoft SQL Server\100\Tools\Binn\;C:\Program Files\Microsoft SQL Server\100\Tools\Binn\;C:\Program Files\Microsoft SQL Server\100\DTS\Binn\;C:\Program Files\nodejs\;C:\Program Files\Java\jdk-25.0.2\bin;C:\Program Files\MySQL\MySQL Shell 8.0\bin\;C:\Users\HP\AppData\Local\Microsoft\WindowsApps;C:\Users\HP\AppData\Local\Programs\Microsoft VS Code\bin;C:\Users\HP\AppData\Local\Programs\Antigravity\bin;C:\Users\HP\AppData\Roaming\npm;.]
12-Mar-2026 22:43:19.774 INFO [main] org.apache.coyote.AbstractProtocol.init Initializing ProtocolHandler ["http-nio-8080"]
12-Mar-2026 22:43:19.815 INFO [main] org.apache.catalina.startup.Catalina.load Server initialization in [634] milliseconds
12-Mar-2026 22:43:19.875 INFO [main] org.apache.catalina.core.StandardService.startInternal Starting service [Catalina]
12-Mar-2026 22:43:19.876 INFO [main] org.apache.catalina.core.StandardEngine.startInternal Starting Servlet engine: [Apache Tomcat/10.1.52]
12-Mar-2026 22:43:19.888 INFO [main] org.apache.catalina.startup.HostConfig.deployDirectory Deploying web application directory [D:\STUDY\Website-projects\Talksy-chat-app\Backend\apache-tomcat-10.1.52\apache-tomcat-10.1.52\webapps\chatapp]
12-Mar-2026 22:43:20.605 INFO [main] org.apache.jasper.servlet.TldScanner.scanJars At least one JAR was scanned for TLDs yet contained no TLDs. Enable debug logging for this logger for a complete list of JARs that were scanned but no TLDs were found in them. Skipping unneeded JARs during scanning can improve startup time and JSP compilation time.
12-Mar-2026 22:43:20.675 INFO [main] org.apache.catalina.startup.HostConfig.deployDirectory Deployment of web application directory [D:\STUDY\Website-projects\Talksy-chat-app\Backend\apache-tomcat-10.1.52\apache-tomcat-10.1.52\webapps\chatapp] has finished in [784] ms
12-Mar-2026 22:43:20.676 INFO [main] org.apache.catalina.startup.HostConfig.deployDirectory Deploying web application directory [D:\STUDY\Website-projects\Talksy-chat-app\Backend\apache-tomcat-10.1.52\apache-tomcat-10.1.52\webapps\docs]
12-Mar-2026 22:43:20.984 INFO [main] org.apache.jasper.servlet.TldScanner.scanJars At least one JAR was scanned for TLDs yet contained no TLDs. Enable debug logging for this logger for a complete list of JARs that were scanned but no TLDs were found in them. Skipping unneeded JARs during scanning can improve startup time and JSP compilation time.
12-Mar-2026 22:43:20.995 INFO [main] org.apache.catalina.startup.HostConfig.deployDirectory Deployment of web application directory [D:\STUDY\Website-projects\Talksy-chat-app\Backend\apache-tomcat-10.1.52\apache-tomcat-10.1.52\webapps\docs] has finished in [318] ms
12-Mar-2026 22:43:20.996 INFO [main] org.apache.catalina.startup.HostConfig.deployDirectory Deploying web application directory [D:\STUDY\Website-projects\Talksy-chat-app\Backend\apache-tomcat-10.1.52\apache-tomcat-10.1.52\webapps\examples]
12-Mar-2026 22:43:21.572 INFO [main] org.apache.jasper.servlet.TldScanner.scanJars At least one JAR was scanned for TLDs yet contained no TLDs. Enable debug logging for this logger for a complete list of JARs that were scanned but no TLDs were found in them. Skipping unneeded JARs during scanning can improve startup time and JSP compilation time.
12-Mar-2026 22:43:21.632 INFO [main] org.apache.catalina.startup.HostConfig.deployDirectory Deployment of web application directory [D:\STUDY\Website-projects\Talksy-chat-app\Backend\apache-tomcat-10.1.52\apache-tomcat-10.1.52\webapps\examples] has finished in [636] ms
12-Mar-2026 22:43:21.632 INFO [main] org.apache.catalina.startup.HostConfig.deployDirectory Deploying web application directory [D:\STUDY\Website-projects\Talksy-chat-app\Backend\apache-tomcat-10.1.52\apache-tomcat-10.1.52\webapps\host-manager]
12-Mar-2026 22:43:21.875 INFO [main] org.apache.jasper.servlet.TldScanner.scanJars At least one JAR was scanned for TLDs yet contained no TLDs. Enable debug logging for this logger for a complete list of JARs that were scanned but no TLDs were found in them. Skipping unneeded JARs during scanning can improve startup time and JSP compilation time.
12-Mar-2026 22:43:21.905 INFO [main] org.apache.catalina.startup.HostConfig.deployDirectory Deployment of web application directory [D:\STUDY\Website-projects\Talksy-chat-app\Backend\apache-tomcat-10.1.52\apache-tomcat-10.1.52\webapps\host-manager] has finished in [273] ms
12-Mar-2026 22:43:21.906 INFO [main] org.apache.catalina.startup.HostConfig.deployDirectory Deploying web application directory [D:\STUDY\Website-projects\Talksy-chat-app\Backend\apache-tomcat-10.1.52\apache-tomcat-10.1.52\webapps\manager]
12-Mar-2026 22:43:22.141 INFO [main] org.apache.jasper.servlet.TldScanner.scanJars At least one JAR was scanned for TLDs yet contained no TLDs. Enable debug logging for this logger for a complete list of JARs that were scanned but no TLDs were found in them. Skipping unneeded JARs during scanning can improve startup time and JSP compilation time.
12-Mar-2026 22:43:22.148 INFO [main] org.apache.catalina.startup.HostConfig.deployDirectory Deployment of web application directory [D:\STUDY\Website-projects\Talksy-chat-app\Backend\apache-tomcat-10.1.52\apache-tomcat-10.1.52\webapps\manager] has finished in [242] ms
12-Mar-2026 22:43:22.149 INFO [main] org.apache.catalina.startup.HostConfig.deployDirectory Deploying web application directory [D:\STUDY\Website-projects\Talksy-chat-app\Backend\apache-tomcat-10.1.52\apache-tomcat-10.1.52\webapps\ROOT]
12-Mar-2026 22:43:22.352 INFO [main] org.apache.jasper.servlet.TldScanner.scanJars At least one JAR was scanned for TLDs yet contained no TLDs. Enable debug logging for this logger for a complete list of JARs that were scanned but no TLDs were found in them. Skipping unneeded JARs during scanning can improve startup time and JSP compilation time.
12-Mar-2026 22:43:22.355 INFO [main] org.apache.catalina.startup.HostConfig.deployDirectory Deployment of web application directory [D:\STUDY\Website-projects\Talksy-chat-app\Backend\apache-tomcat-10.1.52\apache-tomcat-10.1.52\webapps\ROOT] has finished in [206] ms
12-Mar-2026 22:43:22.359 INFO [main] org.apache.coyote.AbstractProtocol.start Starting ProtocolHandler ["http-nio-8080"]
12-Mar-2026 22:43:22.393 INFO [main] org.apache.catalina.startup.Catalina.start Server startup in [2574] milliseconds
12-Mar-2026 22:45:48.376 INFO [main] org.apache.catalina.startup.VersionLoggerListener.log Server version name:   Apache Tomcat/10.1.52
12-Mar-2026 22:45:48.380 INFO [main] org.apache.catalina.startup.VersionLoggerListener.log Server built:          Jan 23 2026 19:29:07 UTC
12-Mar-2026 22:45:48.381 INFO [main] org.apache.catalina.startup.VersionLoggerListener.log Server version number: 10.1.52.0
12-Mar-2026 22:45:48.381 INFO [main] org.apache.catalina.startup.VersionLoggerListener.log OS Name:               Windows 11
12-Mar-2026 22:45:48.381 INFO [main] org.apache.catalina.startup.VersionLoggerListener.log OS Version:            10.0
12-Mar-2026 22:45:48.381 INFO [main] org.apache.catalina.startup.VersionLoggerListener.log Architecture:          amd64
12-Mar-2026 22:45:48.383 INFO [main] org.apache.catalina.startup.VersionLoggerListener.log Java Home:             C:\Program Files\Java\jdk-25.0.2
12-Mar-2026 22:45:48.383 INFO [main] org.apache.catalina.startup.VersionLoggerListener.log JVM Version:           25.0.2+10-LTS-69
12-Mar-2026 22:45:48.383 INFO [main] org.apache.catalina.startup.VersionLoggerListener.log JVM Vendor:            Oracle Corporation
12-Mar-2026 22:45:48.383 INFO [main] org.apache.catalina.startup.VersionLoggerListener.log CATALINA_BASE:         D:\STUDY\Website-projects\Talksy-chat-app\Backend\apache-tomcat-10.1.52\apache-tomcat-10.1.52
12-Mar-2026 22:45:48.384 INFO [main] org.apache.catalina.startup.VersionLoggerListener.log CATALINA_HOME:         D:\STUDY\Website-projects\Talksy-chat-app\Backend\apache-tomcat-10.1.52\apache-tomcat-10.1.52
12-Mar-2026 22:45:48.402 INFO [main] org.apache.catalina.startup.VersionLoggerListener.log Command line argument: -Djava.util.logging.config.file=D:\STUDY\Website-projects\Talksy-chat-app\Backend\apache-tomcat-10.1.52\apache-tomcat-10.1.52\conf\logging.properties
12-Mar-2026 22:45:48.402 INFO [main] org.apache.catalina.startup.VersionLoggerListener.log Command line argument: -Djava.util.logging.manager=org.apache.juli.ClassLoaderLogManager
12-Mar-2026 22:45:48.403 INFO [main] org.apache.catalina.startup.VersionLoggerListener.log Command line argument: -Djdk.tls.ephemeralDHKeySize=2048
12-Mar-2026 22:45:48.403 INFO [main] org.apache.catalina.startup.VersionLoggerListener.log Command line argument: -Djava.protocol.handler.pkgs=org.apache.catalina.webresources
12-Mar-2026 22:45:48.403 INFO [main] org.apache.catalina.startup.VersionLoggerListener.log Command line argument: -Dsun.io.useCanonCaches=false
12-Mar-2026 22:45:48.404 INFO [main] org.apache.catalina.startup.VersionLoggerListener.log Command line argument: --add-opens=java.base/java.lang=ALL-UNNAMED
12-Mar-2026 22:45:48.404 INFO [main] org.apache.catalina.startup.VersionLoggerListener.log Command line argument: --add-opens=java.base/java.lang.reflect=ALL-UNNAMED
12-Mar-2026 22:45:48.404 INFO [main] org.apache.catalina.startup.VersionLoggerListener.log Command line argument: --add-opens=java.base/java.io=ALL-UNNAMED
12-Mar-2026 22:45:48.404 INFO [main] org.apache.catalina.startup.VersionLoggerListener.log Command line argument: --add-opens=java.base/java.util=ALL-UNNAMED
12-Mar-2026 22:45:48.405 INFO [main] org.apache.catalina.startup.VersionLoggerListener.log Command line argument: --add-opens=java.base/java.util.concurrent=ALL-UNNAMED
12-Mar-2026 22:45:48.405 INFO [main] org.apache.catalina.startup.VersionLoggerListener.log Command line argument: --add-opens=java.rmi/sun.rmi.transport=ALL-UNNAMED
12-Mar-2026 22:45:48.405 INFO [main] org.apache.catalina.startup.VersionLoggerListener.log Command line argument: -Dcatalina.base=D:\STUDY\Website-projects\Talksy-chat-app\Backend\apache-tomcat-10.1.52\apache-tomcat-10.1.52
12-Mar-2026 22:45:48.406 INFO [main] org.apache.catalina.startup.VersionLoggerListener.log Command line argument: -Dcatalina.home=D:\STUDY\Website-projects\Talksy-chat-app\Backend\apache-tomcat-10.1.52\apache-tomcat-10.1.52
12-Mar-2026 22:45:48.406 INFO [main] org.apache.catalina.startup.VersionLoggerListener.log Command line argument: -Djava.io.tmpdir=D:\STUDY\Website-projects\Talksy-chat-app\Backend\apache-tomcat-10.1.52\apache-tomcat-10.1.52\temp
12-Mar-2026 22:45:48.416 INFO [main] org.apache.catalina.core.AprLifecycleListener.lifecycleEvent The Apache Tomcat Native library which allows using OpenSSL was not found on the java.library.path: [C:\Program Files\Java\jdk-25.0.2\bin;C:\WINDOWS\Sun\Java\bin;C:\WINDOWS\system32;C:\WINDOWS;C:\Program Files\Common Files\Oracle\Java\javapath;C:\WINDOWS\system32;C:\WINDOWS;C:\WINDOWS\System32\Wbem;C:\WINDOWS\System32\WindowsPowerShell\v1.0\;C:\WINDOWS\System32\OpenSSH\;C:\ProgramData\chocolatey\bin;C:\Program Files (x86)\Microsoft SQL Server\100\Tools\Binn\;C:\Program Files\Microsoft SQL Server\100\Tools\Binn\;C:\Program Files\Microsoft SQL Server\100\DTS\Binn\;C:\Program Files\nodejs\;C:\Program Files\Java\jdk-25.0.2\bin;C:\Program Files\MySQL\MySQL Shell 8.0\bin\;C:\Users\HP\AppData\Local\Microsoft\WindowsApps;C:\Users\HP\AppData\Local\Programs\Microsoft VS Code\bin;C:\Users\HP\AppData\Local\Programs\Antigravity\bin;C:\Users\HP\AppData\Roaming\npm;.]
12-Mar-2026 22:45:48.694 INFO [main] org.apache.coyote.AbstractProtocol.init Initializing ProtocolHandler ["http-nio-8080"]
12-Mar-2026 22:45:48.714 INFO [main] org.apache.catalina.startup.Catalina.load Server initialization in [552] milliseconds
12-Mar-2026 22:45:48.765 INFO [main] org.apache.catalina.core.StandardService.startInternal Starting service [Catalina]
12-Mar-2026 22:45:48.766 INFO [main] org.apache.catalina.core.StandardEngine.startInternal Starting Servlet engine: [Apache Tomcat/10.1.52]
12-Mar-2026 22:45:48.778 INFO [main] org.apache.catalina.startup.HostConfig.deployDirectory Deploying web application directory [D:\STUDY\Website-projects\Talksy-chat-app\Backend\apache-tomcat-10.1.52\apache-tomcat-10.1.52\webapps\chatapp]
12-Mar-2026 22:45:49.372 INFO [main] org.apache.jasper.servlet.TldScanner.scanJars At least one JAR was scanned for TLDs yet contained no TLDs. Enable debug logging for this logger for a complete list of JARs that were scanned but no TLDs were found in them. Skipping unneeded JARs during scanning can improve startup time and JSP compilation time.
12-Mar-2026 22:45:49.431 INFO [main] org.apache.catalina.startup.HostConfig.deployDirectory Deployment of web application directory [D:\STUDY\Website-projects\Talksy-chat-app\Backend\apache-tomcat-10.1.52\apache-tomcat-10.1.52\webapps\chatapp] has finished in [648] ms
12-Mar-2026 22:45:49.431 INFO [main] org.apache.catalina.startup.HostConfig.deployDirectory Deploying web application directory [D:\STUDY\Website-projects\Talksy-chat-app\Backend\apache-tomcat-10.1.52\apache-tomcat-10.1.52\webapps\docs]
12-Mar-2026 22:45:49.744 INFO [main] org.apache.jasper.servlet.TldScanner.scanJars At least one JAR was scanned for TLDs yet contained no TLDs. Enable debug logging for this logger for a complete list of JARs that were scanned but no TLDs were found in them. Skipping unneeded JARs during scanning can improve startup time and JSP compilation time.
12-Mar-2026 22:45:49.750 INFO [main] org.apache.catalina.startup.HostConfig.deployDirectory Deployment of web application directory [D:\STUDY\Website-projects\Talksy-chat-app\Backend\apache-tomcat-10.1.52\apache-tomcat-10.1.52\webapps\docs] has finished in [319] ms
12-Mar-2026 22:45:49.751 INFO [main] org.apache.catalina.startup.HostConfig.deployDirectory Deploying web application directory [D:\STUDY\Website-projects\Talksy-chat-app\Backend\apache-tomcat-10.1.52\apache-tomcat-10.1.52\webapps\examples]
12-Mar-2026 22:45:50.250 INFO [main] org.apache.jasper.servlet.TldScanner.scanJars At least one JAR was scanned for TLDs yet contained no TLDs. Enable debug logging for this logger for a complete list of JARs that were scanned but no TLDs were found in them. Skipping unneeded JARs during scanning can improve startup time and JSP compilation time.
12-Mar-2026 22:45:50.326 INFO [main] org.apache.catalina.startup.HostConfig.deployDirectory Deployment of web application directory [D:\STUDY\Website-projects\Talksy-chat-app\Backend\apache-tomcat-10.1.52\apache-tomcat-10.1.52\webapps\examples] has finished in [575] ms
12-Mar-2026 22:45:50.327 INFO [main] org.apache.catalina.startup.HostConfig.deployDirectory Deploying web application directory [D:\STUDY\Website-projects\Talksy-chat-app\Backend\apache-tomcat-10.1.52\apache-tomcat-10.1.52\webapps\host-manager]
12-Mar-2026 22:45:50.572 INFO [main] org.apache.jasper.servlet.TldScanner.scanJars At least one JAR was scanned for TLDs yet contained no TLDs. Enable debug logging for this logger for a complete list of JARs that were scanned but no TLDs were found in them. Skipping unneeded JARs during scanning can improve startup time and JSP compilation time.
12-Mar-2026 22:45:50.582 INFO [main] org.apache.catalina.startup.HostConfig.deployDirectory Deployment of web application directory [D:\STUDY\Website-projects\Talksy-chat-app\Backend\apache-tomcat-10.1.52\apache-tomcat-10.1.52\webapps\host-manager] has finished in [255] ms
12-Mar-2026 22:45:50.583 INFO [main] org.apache.catalina.startup.HostConfig.deployDirectory Deploying web application directory [D:\STUDY\Website-projects\Talksy-chat-app\Backend\apache-tomcat-10.1.52\apache-tomcat-10.1.52\webapps\manager]
12-Mar-2026 22:45:50.785 INFO [main] org.apache.jasper.servlet.TldScanner.scanJars At least one JAR was scanned for TLDs yet contained no TLDs. Enable debug logging for this logger for a complete list of JARs that were scanned but no TLDs were found in them. Skipping unneeded JARs during scanning can improve startup time and JSP compilation time.
12-Mar-2026 22:45:50.790 INFO [main] org.apache.catalina.startup.HostConfig.deployDirectory Deployment of web application directory [D:\STUDY\Website-projects\Talksy-chat-app\Backend\apache-tomcat-10.1.52\apache-tomcat-10.1.52\webapps\manager] has finished in [207] ms
12-Mar-2026 22:45:50.791 INFO [main] org.apache.catalina.startup.HostConfig.deployDirectory Deploying web application directory [D:\STUDY\Website-projects\Talksy-chat-app\Backend\apache-tomcat-10.1.52\apache-tomcat-10.1.52\webapps\ROOT]
12-Mar-2026 22:45:50.985 INFO [main] org.apache.jasper.servlet.TldScanner.scanJars At least one JAR was scanned for TLDs yet contained no TLDs. Enable debug logging for this logger for a complete list of JARs that were scanned but no TLDs were found in them. Skipping unneeded JARs during scanning can improve startup time and JSP compilation time.
12-Mar-2026 22:45:50.990 INFO [main] org.apache.catalina.startup.HostConfig.deployDirectory Deployment of web application directory [D:\STUDY\Website-projects\Talksy-chat-app\Backend\apache-tomcat-10.1.52\apache-tomcat-10.1.52\webapps\ROOT] has finished in [199] ms
12-Mar-2026 22:45:50.994 INFO [main] org.apache.coyote.AbstractProtocol.start Starting ProtocolHandler ["http-nio-8080"]
12-Mar-2026 22:45:51.018 INFO [main] org.apache.catalina.startup.Catalina.start Server startup in [2301] milliseconds
