16-Mar-2026 11:02:52.480 INFO [main] org.apache.catalina.startup.VersionLoggerListener.log Server version name:   Apache Tomcat/10.1.52
16-Mar-2026 11:02:52.483 INFO [main] org.apache.catalina.startup.VersionLoggerListener.log Server built:          Jan 23 2026 19:29:07 UTC
16-Mar-2026 11:02:52.484 INFO [main] org.apache.catalina.startup.VersionLoggerListener.log Server version number: 10.1.52.0
16-Mar-2026 11:02:52.485 INFO [main] org.apache.catalina.startup.VersionLoggerListener.log OS Name:               Windows 11
16-Mar-2026 11:02:52.485 INFO [main] org.apache.catalina.startup.VersionLoggerListener.log OS Version:            10.0
16-Mar-2026 11:02:52.485 INFO [main] org.apache.catalina.startup.VersionLoggerListener.log Architecture:          amd64
16-Mar-2026 11:02:52.485 INFO [main] org.apache.catalina.startup.VersionLoggerListener.log Java Home:             C:\Program Files\Java\jdk-25.0.2
16-Mar-2026 11:02:52.485 INFO [main] org.apache.catalina.startup.VersionLoggerListener.log JVM Version:           25.0.2+10-LTS-69
16-Mar-2026 11:02:52.486 INFO [main] org.apache.catalina.startup.VersionLoggerListener.log JVM Vendor:            Oracle Corporation
16-Mar-2026 11:02:52.487 INFO [main] org.apache.catalina.startup.VersionLoggerListener.log CATALINA_BASE:         D:\STUDY\Website-projects\Talksy-chat-app\Backend\apache-tomcat-10.1.52\apache-tomcat-10.1.52
16-Mar-2026 11:02:52.487 INFO [main] org.apache.catalina.startup.VersionLoggerListener.log CATALINA_HOME:         D:\STUDY\Website-projects\Talksy-chat-app\Backend\apache-tomcat-10.1.52\apache-tomcat-10.1.52
16-Mar-2026 11:02:52.502 INFO [main] org.apache.catalina.startup.VersionLoggerListener.log Command line argument: -Djava.util.logging.config.file=D:\STUDY\Website-projects\Talksy-chat-app\Backend\apache-tomcat-10.1.52\apache-tomcat-10.1.52\conf\logging.properties
16-Mar-2026 11:02:52.502 INFO [main] org.apache.catalina.startup.VersionLoggerListener.log Command line argument: -Djava.util.logging.manager=org.apache.juli.ClassLoaderLogManager
16-Mar-2026 11:02:52.503 INFO [main] org.apache.catalina.startup.VersionLoggerListener.log Command line argument: -Djdk.tls.ephemeralDHKeySize=2048
16-Mar-2026 11:02:52.503 INFO [main] org.apache.catalina.startup.VersionLoggerListener.log Command line argument: -Djava.protocol.handler.pkgs=org.apache.catalina.webresources
16-Mar-2026 11:02:52.503 INFO [main] org.apache.catalina.startup.VersionLoggerListener.log Command line argument: -Dsun.io.useCanonCaches=false
16-Mar-2026 11:02:52.503 INFO [main] org.apache.catalina.startup.VersionLoggerListener.log Command line argument: --add-opens=java.base/java.lang=ALL-UNNAMED
16-Mar-2026 11:02:52.504 INFO [main] org.apache.catalina.startup.VersionLoggerListener.log Command line argument: --add-opens=java.base/java.lang.reflect=ALL-UNNAMED
16-Mar-2026 11:02:52.504 INFO [main] org.apache.catalina.startup.VersionLoggerListener.log Command line argument: --add-opens=java.base/java.io=ALL-UNNAMED
16-Mar-2026 11:02:52.504 INFO [main] org.apache.catalina.startup.VersionLoggerListener.log Command line argument: --add-opens=java.base/java.util=ALL-UNNAMED
16-Mar-2026 11:02:52.505 INFO [main] org.apache.catalina.startup.VersionLoggerListener.log Command line argument: --add-opens=java.base/java.util.concurrent=ALL-UNNAMED
16-Mar-2026 11:02:52.505 INFO [main] org.apache.catalina.startup.VersionLoggerListener.log Command line argument: --add-opens=java.rmi/sun.rmi.transport=ALL-UNNAMED
16-Mar-2026 11:02:52.505 INFO [main] org.apache.catalina.startup.VersionLoggerListener.log Command line argument: -Dcatalina.base=D:\STUDY\Website-projects\Talksy-chat-app\Backend\apache-tomcat-10.1.52\apache-tomcat-10.1.52
16-Mar-2026 11:02:52.506 INFO [main] org.apache.catalina.startup.VersionLoggerListener.log Command line argument: -Dcatalina.home=D:\STUDY\Website-projects\Talksy-chat-app\Backend\apache-tomcat-10.1.52\apache-tomcat-10.1.52
16-Mar-2026 11:02:52.506 INFO [main] org.apache.catalina.startup.VersionLoggerListener.log Command line argument: -Djava.io.tmpdir=D:\STUDY\Website-projects\Talksy-chat-app\Backend\apache-tomcat-10.1.52\apache-tomcat-10.1.52\temp
16-Mar-2026 11:02:52.514 INFO [main] org.apache.catalina.core.AprLifecycleListener.lifecycleEvent The Apache Tomcat Native library which allows using OpenSSL was not found on the java.library.path: [C:\Program Files\Java\jdk-25.0.2\bin;C:\WINDOWS\Sun\Java\bin;C:\WINDOWS\system32;C:\WINDOWS;C:\Program Files\Common Files\Oracle\Java\javapath;C:\WINDOWS\system32;C:\WINDOWS;C:\WINDOWS\System32\Wbem;C:\WINDOWS\System32\WindowsPowerShell\v1.0\;C:\WINDOWS\System32\OpenSSH\;C:\ProgramData\chocolatey\bin;C:\Program Files (x86)\Microsoft SQL Server\100\Tools\Binn\;C:\Program Files\Microsoft SQL Server\100\Tools\Binn\;C:\Program Files\Microsoft SQL Server\100\DTS\Binn\;C:\Program Files\nodejs\;C:\Program Files\Java\jdk-25.0.2\bin;C:\Program Files\MySQL\MySQL Shell 8.0\bin\;C:\Users\HP\AppData\Local\Microsoft\WindowsApps;C:\Users\HP\AppData\Local\Programs\Microsoft VS Code\bin;C:\Users\HP\AppData\Local\Programs\Antigravity\bin;C:\Users\HP\AppData\Roaming\npm;.]
16-Mar-2026 11:02:52.842 INFO [main] org.apache.coyote.AbstractProtocol.init Initializing ProtocolHandler ["http-nio-8080"]
16-Mar-2026 11:02:52.875 INFO [main] org.apache.catalina.startup.Catalina.load Server initialization in [576] milliseconds
16-Mar-2026 11:02:52.930 INFO [main] org.apache.catalina.core.StandardService.startInternal Starting service [Catalina]
16-Mar-2026 11:02:52.930 INFO [main] org.apache.catalina.core.StandardEngine.startInternal Starting Servlet engine: [Apache Tomcat/10.1.52]
16-Mar-2026 11:02:52.942 INFO [main] org.apache.catalina.startup.HostConfig.deployDirectory Deploying web application directory [D:\STUDY\Website-projects\Talksy-chat-app\Backend\apache-tomcat-10.1.52\apache-tomcat-10.1.52\webapps\chatapp]
16-Mar-2026 11:02:53.606 INFO [main] org.apache.jasper.servlet.TldScanner.scanJars At least one JAR was scanned for TLDs yet contained no TLDs. Enable debug logging for this logger for a complete list of JARs that were scanned but no TLDs were found in them. Skipping unneeded JARs during scanning can improve startup time and JSP compilation time.
16-Mar-2026 11:02:53.724 INFO [main] org.apache.catalina.startup.HostConfig.deployDirectory Deployment of web application directory [D:\STUDY\Website-projects\Talksy-chat-app\Backend\apache-tomcat-10.1.52\apache-tomcat-10.1.52\webapps\chatapp] has finished in [773] ms
16-Mar-2026 11:02:53.725 INFO [main] org.apache.catalina.startup.HostConfig.deployDirectory Deploying web application directory [D:\STUDY\Website-projects\Talksy-chat-app\Backend\apache-tomcat-10.1.52\apache-tomcat-10.1.52\webapps\docs]
16-Mar-2026 11:02:53.999 INFO [main] org.apache.jasper.servlet.TldScanner.scanJars At least one JAR was scanned for TLDs yet contained no TLDs. Enable debug logging for this logger for a complete list of JARs that were scanned but no TLDs were found in them. Skipping unneeded JARs during scanning can improve startup time and JSP compilation time.
16-Mar-2026 11:02:54.006 INFO [main] org.apache.catalina.startup.HostConfig.deployDirectory Deployment of web application directory [D:\STUDY\Website-projects\Talksy-chat-app\Backend\apache-tomcat-10.1.52\apache-tomcat-10.1.52\webapps\docs] has finished in [281] ms
16-Mar-2026 11:02:54.007 INFO [main] org.apache.catalina.startup.HostConfig.deployDirectory Deploying web application directory [D:\STUDY\Website-projects\Talksy-chat-app\Backend\apache-tomcat-10.1.52\apache-tomcat-10.1.52\webapps\examples]
16-Mar-2026 11:02:54.611 INFO [main] org.apache.jasper.servlet.TldScanner.scanJars At least one JAR was scanned for TLDs yet contained no TLDs. Enable debug logging for this logger for a complete list of JARs that were scanned but no TLDs were found in them. Skipping unneeded JARs during scanning can improve startup time and JSP compilation time.
16-Mar-2026 11:02:54.649 INFO [main] org.apache.catalina.startup.HostConfig.deployDirectory Deployment of web application directory [D:\STUDY\Website-projects\Talksy-chat-app\Backend\apache-tomcat-10.1.52\apache-tomcat-10.1.52\webapps\examples] has finished in [642] ms
16-Mar-2026 11:02:54.650 INFO [main] org.apache.catalina.startup.HostConfig.deployDirectory Deploying web application directory [D:\STUDY\Website-projects\Talksy-chat-app\Backend\apache-tomcat-10.1.52\apache-tomcat-10.1.52\webapps\host-manager]
16-Mar-2026 11:02:54.907 INFO [main] org.apache.jasper.servlet.TldScanner.scanJars At least one JAR was scanned for TLDs yet contained no TLDs. Enable debug logging for this logger for a complete list of JARs that were scanned but no TLDs were found in them. Skipping unneeded JARs during scanning can improve startup time and JSP compilation time.
16-Mar-2026 11:02:54.921 INFO [main] org.apache.catalina.startup.HostConfig.deployDirectory Deployment of web application directory [D:\STUDY\Website-projects\Talksy-chat-app\Backend\apache-tomcat-10.1.52\apache-tomcat-10.1.52\webapps\host-manager] has finished in [270] ms
16-Mar-2026 11:02:54.921 INFO [main] org.apache.catalina.startup.HostConfig.deployDirectory Deploying web application directory [D:\STUDY\Website-projects\Talksy-chat-app\Backend\apache-tomcat-10.1.52\apache-tomcat-10.1.52\webapps\manager]
16-Mar-2026 11:02:55.158 INFO [main] org.apache.jasper.servlet.TldScanner.scanJars At least one JAR was scanned for TLDs yet contained no TLDs. Enable debug logging for this logger for a complete list of JARs that were scanned but no TLDs were found in them. Skipping unneeded JARs during scanning can improve startup time and JSP compilation time.
16-Mar-2026 11:02:55.166 INFO [main] org.apache.catalina.startup.HostConfig.deployDirectory Deployment of web application directory [D:\STUDY\Website-projects\Talksy-chat-app\Backend\apache-tomcat-10.1.52\apache-tomcat-10.1.52\webapps\manager] has finished in [245] ms
16-Mar-2026 11:02:55.167 INFO [main] org.apache.catalina.startup.HostConfig.deployDirectory Deploying web application directory [D:\STUDY\Website-projects\Talksy-chat-app\Backend\apache-tomcat-10.1.52\apache-tomcat-10.1.52\webapps\ROOT]
16-Mar-2026 11:02:55.484 INFO [main] org.apache.jasper.servlet.TldScanner.scanJars At least one JAR was scanned for TLDs yet contained no TLDs. Enable debug logging for this logger for a complete list of JARs that were scanned but no TLDs were found in them. Skipping unneeded JARs during scanning can improve startup time and JSP compilation time.
16-Mar-2026 11:02:55.489 INFO [main] org.apache.catalina.startup.HostConfig.deployDirectory Deployment of web application directory [D:\STUDY\Website-projects\Talksy-chat-app\Backend\apache-tomcat-10.1.52\apache-tomcat-10.1.52\webapps\ROOT] has finished in [322] ms
16-Mar-2026 11:02:55.492 INFO [main] org.apache.coyote.AbstractProtocol.start Starting ProtocolHandler ["http-nio-8080"]
16-Mar-2026 11:02:55.575 INFO [main] org.apache.catalina.startup.Catalina.start Server startup in [2697] milliseconds
16-Mar-2026 11:24:18.435 INFO [main] org.apache.catalina.startup.VersionLoggerListener.log Server version name:   Apache Tomcat/10.1.52
16-Mar-2026 11:24:18.440 INFO [main] org.apache.catalina.startup.VersionLoggerListener.log Server built:          Jan 23 2026 19:29:07 UTC
16-Mar-2026 11:24:18.442 INFO [main] org.apache.catalina.startup.VersionLoggerListener.log Server version number: 10.1.52.0
16-Mar-2026 11:24:18.442 INFO [main] org.apache.catalina.startup.VersionLoggerListener.log OS Name:               Windows 11
16-Mar-2026 11:24:18.443 INFO [main] org.apache.catalina.startup.VersionLoggerListener.log OS Version:            10.0
16-Mar-2026 11:24:18.443 INFO [main] org.apache.catalina.startup.VersionLoggerListener.log Architecture:          amd64
16-Mar-2026 11:24:18.443 INFO [main] org.apache.catalina.startup.VersionLoggerListener.log Java Home:             C:\Program Files\Java\jdk-25.0.2
16-Mar-2026 11:24:18.444 INFO [main] org.apache.catalina.startup.VersionLoggerListener.log JVM Version:           25.0.2+10-LTS-69
16-Mar-2026 11:24:18.444 INFO [main] org.apache.catalina.startup.VersionLoggerListener.log JVM Vendor:            Oracle Corporation
16-Mar-2026 11:24:18.445 INFO [main] org.apache.catalina.startup.VersionLoggerListener.log CATALINA_BASE:         D:\STUDY\Website-projects\Talksy-chat-app\Backend\apache-tomcat-10.1.52\apache-tomcat-10.1.52
16-Mar-2026 11:24:18.445 INFO [main] org.apache.catalina.startup.VersionLoggerListener.log CATALINA_HOME:         D:\STUDY\Website-projects\Talksy-chat-app\Backend\apache-tomcat-10.1.52\apache-tomcat-10.1.52
16-Mar-2026 11:24:18.476 INFO [main] org.apache.catalina.startup.VersionLoggerListener.log Command line argument: -Djava.util.logging.config.file=D:\STUDY\Website-projects\Talksy-chat-app\Backend\apache-tomcat-10.1.52\apache-tomcat-10.1.52\conf\logging.properties
16-Mar-2026 11:24:18.477 INFO [main] org.apache.catalina.startup.VersionLoggerListener.log Command line argument: -Djava.util.logging.manager=org.apache.juli.ClassLoaderLogManager
16-Mar-2026 11:24:18.478 INFO [main] org.apache.catalina.startup.VersionLoggerListener.log Command line argument: -Djdk.tls.ephemeralDHKeySize=2048
16-Mar-2026 11:24:18.478 INFO [main] org.apache.catalina.startup.VersionLoggerListener.log Command line argument: -Djava.protocol.handler.pkgs=org.apache.catalina.webresources
16-Mar-2026 11:24:18.478 INFO [main] org.apache.catalina.startup.VersionLoggerListener.log Command line argument: -Dsun.io.useCanonCaches=false
16-Mar-2026 11:24:18.479 INFO [main] org.apache.catalina.startup.VersionLoggerListener.log Command line argument: --add-opens=java.base/java.lang=ALL-UNNAMED
16-Mar-2026 11:24:18.479 INFO [main] org.apache.catalina.startup.VersionLoggerListener.log Command line argument: --add-opens=java.base/java.lang.reflect=ALL-UNNAMED
16-Mar-2026 11:24:18.480 INFO [main] org.apache.catalina.startup.VersionLoggerListener.log Command line argument: --add-opens=java.base/java.io=ALL-UNNAMED
16-Mar-2026 11:24:18.480 INFO [main] org.apache.catalina.startup.VersionLoggerListener.log Command line argument: --add-opens=java.base/java.util=ALL-UNNAMED
16-Mar-2026 11:24:18.480 INFO [main] org.apache.catalina.startup.VersionLoggerListener.log Command line argument: --add-opens=java.base/java.util.concurrent=ALL-UNNAMED
16-Mar-2026 11:24:18.481 INFO [main] org.apache.catalina.startup.VersionLoggerListener.log Command line argument: --add-opens=java.rmi/sun.rmi.transport=ALL-UNNAMED
16-Mar-2026 11:24:18.481 INFO [main] org.apache.catalina.startup.VersionLoggerListener.log Command line argument: -Dcatalina.base=D:\STUDY\Website-projects\Talksy-chat-app\Backend\apache-tomcat-10.1.52\apache-tomcat-10.1.52
16-Mar-2026 11:24:18.482 INFO [main] org.apache.catalina.startup.VersionLoggerListener.log Command line argument: -Dcatalina.home=D:\STUDY\Website-projects\Talksy-chat-app\Backend\apache-tomcat-10.1.52\apache-tomcat-10.1.52
16-Mar-2026 11:24:18.482 INFO [main] org.apache.catalina.startup.VersionLoggerListener.log Command line argument: -Djava.io.tmpdir=D:\STUDY\Website-projects\Talksy-chat-app\Backend\apache-tomcat-10.1.52\apache-tomcat-10.1.52\temp
16-Mar-2026 11:24:18.498 INFO [main] org.apache.catalina.core.AprLifecycleListener.lifecycleEvent The Apache Tomcat Native library which allows using OpenSSL was not found on the java.library.path: [C:\Program Files\Java\jdk-25.0.2\bin;C:\WINDOWS\Sun\Java\bin;C:\WINDOWS\system32;C:\WINDOWS;C:\Program Files\Common Files\Oracle\Java\javapath;C:\WINDOWS\system32;C:\WINDOWS;C:\WINDOWS\System32\Wbem;C:\WINDOWS\System32\WindowsPowerShell\v1.0\;C:\WINDOWS\System32\OpenSSH\;C:\ProgramData\chocolatey\bin;C:\Program Files (x86)\Microsoft SQL Server\100\Tools\Binn\;C:\Program Files\Microsoft SQL Server\100\Tools\Binn\;C:\Program Files\Microsoft SQL Server\100\DTS\Binn\;C:\Program Files\nodejs\;C:\Program Files\Java\jdk-25.0.2\bin;C:\Program Files\MySQL\MySQL Shell 8.0\bin\;C:\Users\HP\AppData\Local\Microsoft\WindowsApps;C:\Users\HP\AppData\Local\Programs\Microsoft VS Code\bin;C:\Users\HP\AppData\Local\Programs\Antigravity\bin;C:\Users\HP\AppData\Roaming\npm;.]
16-Mar-2026 11:24:18.932 INFO [main] org.apache.coyote.AbstractProtocol.init Initializing ProtocolHandler ["http-nio-8080"]
16-Mar-2026 11:24:18.984 INFO [main] org.apache.catalina.startup.Catalina.load Server initialization in [852] milliseconds
16-Mar-2026 11:24:19.060 INFO [main] org.apache.catalina.core.StandardService.startInternal Starting service [Catalina]
16-Mar-2026 11:24:19.062 INFO [main] org.apache.catalina.core.StandardEngine.startInternal Starting Servlet engine: [Apache Tomcat/10.1.52]
16-Mar-2026 11:24:19.079 INFO [main] org.apache.catalina.startup.HostConfig.deployDirectory Deploying web application directory [D:\STUDY\Website-projects\Talksy-chat-app\Backend\apache-tomcat-10.1.52\apache-tomcat-10.1.52\webapps\chatapp]
16-Mar-2026 11:24:19.967 INFO [main] org.apache.jasper.servlet.TldScanner.scanJars At least one JAR was scanned for TLDs yet contained no TLDs. Enable debug logging for this logger for a complete list of JARs that were scanned but no TLDs were found in them. Skipping unneeded JARs during scanning can improve startup time and JSP compilation time.
16-Mar-2026 11:24:20.077 INFO [main] org.apache.catalina.startup.HostConfig.deployDirectory Deployment of web application directory [D:\STUDY\Website-projects\Talksy-chat-app\Backend\apache-tomcat-10.1.52\apache-tomcat-10.1.52\webapps\chatapp] has finished in [994] ms
16-Mar-2026 11:24:20.078 INFO [main] org.apache.catalina.startup.HostConfig.deployDirectory Deploying web application directory [D:\STUDY\Website-projects\Talksy-chat-app\Backend\apache-tomcat-10.1.52\apache-tomcat-10.1.52\webapps\docs]
16-Mar-2026 11:24:20.331 INFO [main] org.apache.jasper.servlet.TldScanner.scanJars At least one JAR was scanned for TLDs yet contained no TLDs. Enable debug logging for this logger for a complete list of JARs that were scanned but no TLDs were found in them. Skipping unneeded JARs during scanning can improve startup time and JSP compilation time.
16-Mar-2026 11:24:20.337 INFO [main] org.apache.catalina.startup.HostConfig.deployDirectory Deployment of web application directory [D:\STUDY\Website-projects\Talksy-chat-app\Backend\apache-tomcat-10.1.52\apache-tomcat-10.1.52\webapps\docs] has finished in [260] ms
16-Mar-2026 11:24:20.337 INFO [main] org.apache.catalina.startup.HostConfig.deployDirectory Deploying web application directory [D:\STUDY\Website-projects\Talksy-chat-app\Backend\apache-tomcat-10.1.52\apache-tomcat-10.1.52\webapps\examples]
16-Mar-2026 11:24:20.932 INFO [main] org.apache.jasper.servlet.TldScanner.scanJars At least one JAR was scanned for TLDs yet contained no TLDs. Enable debug logging for this logger for a complete list of JARs that were scanned but no TLDs were found in them. Skipping unneeded JARs during scanning can improve startup time and JSP compilation time.
16-Mar-2026 11:24:20.978 INFO [main] org.apache.catalina.startup.HostConfig.deployDirectory Deployment of web application directory [D:\STUDY\Website-projects\Talksy-chat-app\Backend\apache-tomcat-10.1.52\apache-tomcat-10.1.52\webapps\examples] has finished in [641] ms
16-Mar-2026 11:24:20.979 INFO [main] org.apache.catalina.startup.HostConfig.deployDirectory Deploying web application directory [D:\STUDY\Website-projects\Talksy-chat-app\Backend\apache-tomcat-10.1.52\apache-tomcat-10.1.52\webapps\host-manager]
16-Mar-2026 11:24:21.238 INFO [main] org.apache.jasper.servlet.TldScanner.scanJars At least one JAR was scanned for TLDs yet contained no TLDs. Enable debug logging for this logger for a complete list of JARs that were scanned but no TLDs were found in them. Skipping unneeded JARs during scanning can improve startup time and JSP compilation time.
16-Mar-2026 11:24:21.280 INFO [main] org.apache.catalina.startup.HostConfig.deployDirectory Deployment of web application directory [D:\STUDY\Website-projects\Talksy-chat-app\Backend\apache-tomcat-10.1.52\apache-tomcat-10.1.52\webapps\host-manager] has finished in [301] ms
16-Mar-2026 11:24:21.281 INFO [main] org.apache.catalina.startup.HostConfig.deployDirectory Deploying web application directory [D:\STUDY\Website-projects\Talksy-chat-app\Backend\apache-tomcat-10.1.52\apache-tomcat-10.1.52\webapps\manager]
16-Mar-2026 11:24:21.638 INFO [main] org.apache.jasper.servlet.TldScanner.scanJars At least one JAR was scanned for TLDs yet contained no TLDs. Enable debug logging for this logger for a complete list of JARs that were scanned but no TLDs were found in them. Skipping unneeded JARs during scanning can improve startup time and JSP compilation time.
16-Mar-2026 11:24:21.644 INFO [main] org.apache.catalina.startup.HostConfig.deployDirectory Deployment of web application directory [D:\STUDY\Website-projects\Talksy-chat-app\Backend\apache-tomcat-10.1.52\apache-tomcat-10.1.52\webapps\manager] has finished in [363] ms
16-Mar-2026 11:24:21.645 INFO [main] org.apache.catalina.startup.HostConfig.deployDirectory Deploying web application directory [D:\STUDY\Website-projects\Talksy-chat-app\Backend\apache-tomcat-10.1.52\apache-tomcat-10.1.52\webapps\ROOT]
16-Mar-2026 11:24:22.013 INFO [main] org.apache.jasper.servlet.TldScanner.scanJars At least one JAR was scanned for TLDs yet contained no TLDs. Enable debug logging for this logger for a complete list of JARs that were scanned but no TLDs were found in them. Skipping unneeded JARs during scanning can improve startup time and JSP compilation time.
16-Mar-2026 11:24:22.017 INFO [main] org.apache.catalina.startup.HostConfig.deployDirectory Deployment of web application directory [D:\STUDY\Website-projects\Talksy-chat-app\Backend\apache-tomcat-10.1.52\apache-tomcat-10.1.52\webapps\ROOT] has finished in [372] ms
16-Mar-2026 11:24:22.020 INFO [main] org.apache.coyote.AbstractProtocol.start Starting ProtocolHandler ["http-nio-8080"]
16-Mar-2026 11:24:23.097 INFO [main] org.apache.catalina.startup.Catalina.start Server startup in [4111] milliseconds
16-Mar-2026 19:42:43.828 INFO [main] org.apache.catalina.startup.VersionLoggerListener.log Server version name:   Apache Tomcat/10.1.52
16-Mar-2026 19:42:43.832 INFO [main] org.apache.catalina.startup.VersionLoggerListener.log Server built:          Jan 23 2026 19:29:07 UTC
16-Mar-2026 19:42:43.833 INFO [main] org.apache.catalina.startup.VersionLoggerListener.log Server version number: 10.1.52.0
16-Mar-2026 19:42:43.833 INFO [main] org.apache.catalina.startup.VersionLoggerListener.log OS Name:               Windows 11
16-Mar-2026 19:42:43.833 INFO [main] org.apache.catalina.startup.VersionLoggerListener.log OS Version:            10.0
16-Mar-2026 19:42:43.833 INFO [main] org.apache.catalina.startup.VersionLoggerListener.log Architecture:          amd64
16-Mar-2026 19:42:43.833 INFO [main] org.apache.catalina.startup.VersionLoggerListener.log Java Home:             C:\Program Files\Java\jdk-25.0.2
16-Mar-2026 19:42:43.834 INFO [main] org.apache.catalina.startup.VersionLoggerListener.log JVM Version:           25.0.2+10-LTS-69
16-Mar-2026 19:42:43.834 INFO [main] org.apache.catalina.startup.VersionLoggerListener.log JVM Vendor:            Oracle Corporation
16-Mar-2026 19:42:43.834 INFO [main] org.apache.catalina.startup.VersionLoggerListener.log CATALINA_BASE:         D:\STUDY\Website-projects\Talksy-chat-app\Backend\apache-tomcat-10.1.52\apache-tomcat-10.1.52
16-Mar-2026 19:42:43.835 INFO [main] org.apache.catalina.startup.VersionLoggerListener.log CATALINA_HOME:         D:\STUDY\Website-projects\Talksy-chat-app\Backend\apache-tomcat-10.1.52\apache-tomcat-10.1.52
16-Mar-2026 19:42:43.851 INFO [main] org.apache.catalina.startup.VersionLoggerListener.log Command line argument: -Djava.util.logging.config.file=D:\STUDY\Website-projects\Talksy-chat-app\Backend\apache-tomcat-10.1.52\apache-tomcat-10.1.52\conf\logging.properties
16-Mar-2026 19:42:43.852 INFO [main] org.apache.catalina.startup.VersionLoggerListener.log Command line argument: -Djava.util.logging.manager=org.apache.juli.ClassLoaderLogManager
16-Mar-2026 19:42:43.852 INFO [main] org.apache.catalina.startup.VersionLoggerListener.log Command line argument: -Djdk.tls.ephemeralDHKeySize=2048
16-Mar-2026 19:42:43.852 INFO [main] org.apache.catalina.startup.VersionLoggerListener.log Command line argument: -Djava.protocol.handler.pkgs=org.apache.catalina.webresources
16-Mar-2026 19:42:43.853 INFO [main] org.apache.catalina.startup.VersionLoggerListener.log Command line argument: -Dsun.io.useCanonCaches=false
16-Mar-2026 19:42:43.853 INFO [main] org.apache.catalina.startup.VersionLoggerListener.log Command line argument: --add-opens=java.base/java.lang=ALL-UNNAMED
16-Mar-2026 19:42:43.853 INFO [main] org.apache.catalina.startup.VersionLoggerListener.log Command line argument: --add-opens=java.base/java.lang.reflect=ALL-UNNAMED
16-Mar-2026 19:42:43.853 INFO [main] org.apache.catalina.startup.VersionLoggerListener.log Command line argument: --add-opens=java.base/java.io=ALL-UNNAMED
16-Mar-2026 19:42:43.853 INFO [main] org.apache.catalina.startup.VersionLoggerListener.log Command line argument: --add-opens=java.base/java.util=ALL-UNNAMED
16-Mar-2026 19:42:43.854 INFO [main] org.apache.catalina.startup.VersionLoggerListener.log Command line argument: --add-opens=java.base/java.util.concurrent=ALL-UNNAMED
16-Mar-2026 19:42:43.854 INFO [main] org.apache.catalina.startup.VersionLoggerListener.log Command line argument: --add-opens=java.rmi/sun.rmi.transport=ALL-UNNAMED
16-Mar-2026 19:42:43.854 INFO [main] org.apache.catalina.startup.VersionLoggerListener.log Command line argument: -Dcatalina.base=D:\STUDY\Website-projects\Talksy-chat-app\Backend\apache-tomcat-10.1.52\apache-tomcat-10.1.52
16-Mar-2026 19:42:43.854 INFO [main] org.apache.catalina.startup.VersionLoggerListener.log Command line argument: -Dcatalina.home=D:\STUDY\Website-projects\Talksy-chat-app\Backend\apache-tomcat-10.1.52\apache-tomcat-10.1.52
16-Mar-2026 19:42:43.854 INFO [main] org.apache.catalina.startup.VersionLoggerListener.log Command line argument: -Djava.io.tmpdir=D:\STUDY\Website-projects\Talksy-chat-app\Backend\apache-tomcat-10.1.52\apache-tomcat-10.1.52\temp
16-Mar-2026 19:42:43.864 INFO [main] org.apache.catalina.core.AprLifecycleListener.lifecycleEvent The Apache Tomcat Native library which allows using OpenSSL was not found on the java.library.path: [C:\Program Files\Java\jdk-25.0.2\bin;C:\WINDOWS\Sun\Java\bin;C:\WINDOWS\system32;C:\WINDOWS;C:\Program Files\Common Files\Oracle\Java\javapath;C:\WINDOWS\system32;C:\WINDOWS;C:\WINDOWS\System32\Wbem;C:\WINDOWS\System32\WindowsPowerShell\v1.0\;C:\WINDOWS\System32\OpenSSH\;C:\ProgramData\chocolatey\bin;C:\Program Files (x86)\Microsoft SQL Server\100\Tools\Binn\;C:\Program Files\Microsoft SQL Server\100\Tools\Binn\;C:\Program Files\Microsoft SQL Server\100\DTS\Binn\;C:\Program Files\nodejs\;C:\Program Files\Java\jdk-25.0.2\bin;C:\Program Files\MySQL\MySQL Shell 8.0\bin\;C:\Users\HP\AppData\Local\Microsoft\WindowsApps;C:\Users\HP\AppData\Local\Programs\Microsoft VS Code\bin;C:\Users\HP\AppData\Local\Programs\Antigravity\bin;C:\Users\HP\AppData\Roaming\npm;.]
16-Mar-2026 19:42:44.141 INFO [main] org.apache.coyote.AbstractProtocol.init Initializing ProtocolHandler ["http-nio-8080"]
16-Mar-2026 19:42:44.172 INFO [main] org.apache.catalina.startup.Catalina.load Server initialization in [508] milliseconds
16-Mar-2026 19:42:44.218 INFO [main] org.apache.catalina.core.StandardService.startInternal Starting service [Catalina]
16-Mar-2026 19:42:44.218 INFO [main] org.apache.catalina.core.StandardEngine.startInternal Starting Servlet engine: [Apache Tomcat/10.1.52]
16-Mar-2026 19:42:44.227 INFO [main] org.apache.catalina.startup.HostConfig.deployDirectory Deploying web application directory [D:\STUDY\Website-projects\Talksy-chat-app\Backend\apache-tomcat-10.1.52\apache-tomcat-10.1.52\webapps\chatapp]
16-Mar-2026 19:42:44.785 INFO [main] org.apache.jasper.servlet.TldScanner.scanJars At least one JAR was scanned for TLDs yet contained no TLDs. Enable debug logging for this logger for a complete list of JARs that were scanned but no TLDs were found in them. Skipping unneeded JARs during scanning can improve startup time and JSP compilation time.
16-Mar-2026 19:42:44.849 INFO [main] org.apache.catalina.startup.HostConfig.deployDirectory Deployment of web application directory [D:\STUDY\Website-projects\Talksy-chat-app\Backend\apache-tomcat-10.1.52\apache-tomcat-10.1.52\webapps\chatapp] has finished in [619] ms
16-Mar-2026 19:42:44.850 INFO [main] org.apache.catalina.startup.HostConfig.deployDirectory Deploying web application directory [D:\STUDY\Website-projects\Talksy-chat-app\Backend\apache-tomcat-10.1.52\apache-tomcat-10.1.52\webapps\docs]
16-Mar-2026 19:42:45.062 INFO [main] org.apache.jasper.servlet.TldScanner.scanJars At least one JAR was scanned for TLDs yet contained no TLDs. Enable debug logging for this logger for a complete list of JARs that were scanned but no TLDs were found in them. Skipping unneeded JARs during scanning can improve startup time and JSP compilation time.
16-Mar-2026 19:42:45.068 INFO [main] org.apache.catalina.startup.HostConfig.deployDirectory Deployment of web application directory [D:\STUDY\Website-projects\Talksy-chat-app\Backend\apache-tomcat-10.1.52\apache-tomcat-10.1.52\webapps\docs] has finished in [218] ms
16-Mar-2026 19:42:45.069 INFO [main] org.apache.catalina.startup.HostConfig.deployDirectory Deploying web application directory [D:\STUDY\Website-projects\Talksy-chat-app\Backend\apache-tomcat-10.1.52\apache-tomcat-10.1.52\webapps\examples]
16-Mar-2026 19:42:45.620 INFO [main] org.apache.jasper.servlet.TldScanner.scanJars At least one JAR was scanned for TLDs yet contained no TLDs. Enable debug logging for this logger for a complete list of JARs that were scanned but no TLDs were found in them. Skipping unneeded JARs during scanning can improve startup time and JSP compilation time.
16-Mar-2026 19:42:45.655 INFO [main] org.apache.catalina.startup.HostConfig.deployDirectory Deployment of web application directory [D:\STUDY\Website-projects\Talksy-chat-app\Backend\apache-tomcat-10.1.52\apache-tomcat-10.1.52\webapps\examples] has finished in [586] ms
16-Mar-2026 19:42:45.656 INFO [main] org.apache.catalina.startup.HostConfig.deployDirectory Deploying web application directory [D:\STUDY\Website-projects\Talksy-chat-app\Backend\apache-tomcat-10.1.52\apache-tomcat-10.1.52\webapps\host-manager]
16-Mar-2026 19:42:45.856 INFO [main] org.apache.jasper.servlet.TldScanner.scanJars At least one JAR was scanned for TLDs yet contained no TLDs. Enable debug logging for this logger for a complete list of JARs that were scanned but no TLDs were found in them. Skipping unneeded JARs during scanning can improve startup time and JSP compilation time.
16-Mar-2026 19:42:45.868 INFO [main] org.apache.catalina.startup.HostConfig.deployDirectory Deployment of web application directory [D:\STUDY\Website-projects\Talksy-chat-app\Backend\apache-tomcat-10.1.52\apache-tomcat-10.1.52\webapps\host-manager] has finished in [212] ms
16-Mar-2026 19:42:45.868 INFO [main] org.apache.catalina.startup.HostConfig.deployDirectory Deploying web application directory [D:\STUDY\Website-projects\Talksy-chat-app\Backend\apache-tomcat-10.1.52\apache-tomcat-10.1.52\webapps\manager]
16-Mar-2026 19:42:46.106 INFO [main] org.apache.jasper.servlet.TldScanner.scanJars At least one JAR was scanned for TLDs yet contained no TLDs. Enable debug logging for this logger for a complete list of JARs that were scanned but no TLDs were found in them. Skipping unneeded JARs during scanning can improve startup time and JSP compilation time.
16-Mar-2026 19:42:46.112 INFO [main] org.apache.catalina.startup.HostConfig.deployDirectory Deployment of web application directory [D:\STUDY\Website-projects\Talksy-chat-app\Backend\apache-tomcat-10.1.52\apache-tomcat-10.1.52\webapps\manager] has finished in [244] ms
16-Mar-2026 19:42:46.112 INFO [main] org.apache.catalina.startup.HostConfig.deployDirectory Deploying web application directory [D:\STUDY\Website-projects\Talksy-chat-app\Backend\apache-tomcat-10.1.52\apache-tomcat-10.1.52\webapps\ROOT]
16-Mar-2026 19:42:46.301 INFO [main] org.apache.jasper.servlet.TldScanner.scanJars At least one JAR was scanned for TLDs yet contained no TLDs. Enable debug logging for this logger for a complete list of JARs that were scanned but no TLDs were found in them. Skipping unneeded JARs during scanning can improve startup time and JSP compilation time.
16-Mar-2026 19:42:46.304 INFO [main] org.apache.catalina.startup.HostConfig.deployDirectory Deployment of web application directory [D:\STUDY\Website-projects\Talksy-chat-app\Backend\apache-tomcat-10.1.52\apache-tomcat-10.1.52\webapps\ROOT] has finished in [192] ms
16-Mar-2026 19:42:46.308 INFO [main] org.apache.coyote.AbstractProtocol.start Starting ProtocolHandler ["http-nio-8080"]
16-Mar-2026 19:42:46.336 INFO [main] org.apache.catalina.startup.Catalina.start Server startup in [2162] milliseconds
16-Mar-2026 19:49:46.086 INFO [main] org.apache.catalina.startup.VersionLoggerListener.log Server version name:   Apache Tomcat/10.1.52
16-Mar-2026 19:49:46.090 INFO [main] org.apache.catalina.startup.VersionLoggerListener.log Server built:          Jan 23 2026 19:29:07 UTC
16-Mar-2026 19:49:46.091 INFO [main] org.apache.catalina.startup.VersionLoggerListener.log Server version number: 10.1.52.0
16-Mar-2026 19:49:46.092 INFO [main] org.apache.catalina.startup.VersionLoggerListener.log OS Name:               Windows 11
16-Mar-2026 19:49:46.092 INFO [main] org.apache.catalina.startup.VersionLoggerListener.log OS Version:            10.0
16-Mar-2026 19:49:46.093 INFO [main] org.apache.catalina.startup.VersionLoggerListener.log Architecture:          amd64
16-Mar-2026 19:49:46.093 INFO [main] org.apache.catalina.startup.VersionLoggerListener.log Java Home:             C:\Program Files\Java\jdk-25.0.2
16-Mar-2026 19:49:46.094 INFO [main] org.apache.catalina.startup.VersionLoggerListener.log JVM Version:           25.0.2+10-LTS-69
16-Mar-2026 19:49:46.095 INFO [main] org.apache.catalina.startup.VersionLoggerListener.log JVM Vendor:            Oracle Corporation
16-Mar-2026 19:49:46.096 INFO [main] org.apache.catalina.startup.VersionLoggerListener.log CATALINA_BASE:         D:\STUDY\Website-projects\Talksy-chat-app\Backend\apache-tomcat-10.1.52\apache-tomcat-10.1.52
16-Mar-2026 19:49:46.096 INFO [main] org.apache.catalina.startup.VersionLoggerListener.log CATALINA_HOME:         D:\STUDY\Website-projects\Talksy-chat-app\Backend\apache-tomcat-10.1.52\apache-tomcat-10.1.52
16-Mar-2026 19:49:46.117 INFO [main] org.apache.catalina.startup.VersionLoggerListener.log Command line argument: -Djava.util.logging.config.file=D:\STUDY\Website-projects\Talksy-chat-app\Backend\apache-tomcat-10.1.52\apache-tomcat-10.1.52\conf\logging.properties
16-Mar-2026 19:49:46.117 INFO [main] org.apache.catalina.startup.VersionLoggerListener.log Command line argument: -Djava.util.logging.manager=org.apache.juli.ClassLoaderLogManager
16-Mar-2026 19:49:46.117 INFO [main] org.apache.catalina.startup.VersionLoggerListener.log Command line argument: -Djdk.tls.ephemeralDHKeySize=2048
16-Mar-2026 19:49:46.118 INFO [main] org.apache.catalina.startup.VersionLoggerListener.log Command line argument: -Djava.protocol.handler.pkgs=org.apache.catalina.webresources
16-Mar-2026 19:49:46.118 INFO [main] org.apache.catalina.startup.VersionLoggerListener.log Command line argument: -Dsun.io.useCanonCaches=false
16-Mar-2026 19:49:46.118 INFO [main] org.apache.catalina.startup.VersionLoggerListener.log Command line argument: --add-opens=java.base/java.lang=ALL-UNNAMED
16-Mar-2026 19:49:46.119 INFO [main] org.apache.catalina.startup.VersionLoggerListener.log Command line argument: --add-opens=java.base/java.lang.reflect=ALL-UNNAMED
16-Mar-2026 19:49:46.119 INFO [main] org.apache.catalina.startup.VersionLoggerListener.log Command line argument: --add-opens=java.base/java.io=ALL-UNNAMED
16-Mar-2026 19:49:46.119 INFO [main] org.apache.catalina.startup.VersionLoggerListener.log Command line argument: --add-opens=java.base/java.util=ALL-UNNAMED
16-Mar-2026 19:49:46.119 INFO [main] org.apache.catalina.startup.VersionLoggerListener.log Command line argument: --add-opens=java.base/java.util.concurrent=ALL-UNNAMED
16-Mar-2026 19:49:46.120 INFO [main] org.apache.catalina.startup.VersionLoggerListener.log Command line argument: --add-opens=java.rmi/sun.rmi.transport=ALL-UNNAMED
16-Mar-2026 19:49:46.120 INFO [main] org.apache.catalina.startup.VersionLoggerListener.log Command line argument: -Dcatalina.base=D:\STUDY\Website-projects\Talksy-chat-app\Backend\apache-tomcat-10.1.52\apache-tomcat-10.1.52
16-Mar-2026 19:49:46.120 INFO [main] org.apache.catalina.startup.VersionLoggerListener.log Command line argument: -Dcatalina.home=D:\STUDY\Website-projects\Talksy-chat-app\Backend\apache-tomcat-10.1.52\apache-tomcat-10.1.52
16-Mar-2026 19:49:46.120 INFO [main] org.apache.catalina.startup.VersionLoggerListener.log Command line argument: -Djava.io.tmpdir=D:\STUDY\Website-projects\Talksy-chat-app\Backend\apache-tomcat-10.1.52\apache-tomcat-10.1.52\temp
16-Mar-2026 19:49:46.134 INFO [main] org.apache.catalina.core.AprLifecycleListener.lifecycleEvent The Apache Tomcat Native library which allows using OpenSSL was not found on the java.library.path: [C:\Program Files\Java\jdk-25.0.2\bin;C:\WINDOWS\Sun\Java\bin;C:\WINDOWS\system32;C:\WINDOWS;C:\Program Files\Common Files\Oracle\Java\javapath;C:\WINDOWS\system32;C:\WINDOWS;C:\WINDOWS\System32\Wbem;C:\WINDOWS\System32\WindowsPowerShell\v1.0\;C:\WINDOWS\System32\OpenSSH\;C:\ProgramData\chocolatey\bin;C:\Program Files (x86)\Microsoft SQL Server\100\Tools\Binn\;C:\Program Files\Microsoft SQL Server\100\Tools\Binn\;C:\Program Files\Microsoft SQL Server\100\DTS\Binn\;C:\Program Files\nodejs\;C:\Program Files\Java\jdk-25.0.2\bin;C:\Program Files\MySQL\MySQL Shell 8.0\bin\;C:\Users\HP\AppData\Local\Microsoft\WindowsApps;C:\Users\HP\AppData\Local\Programs\Microsoft VS Code\bin;C:\Users\HP\AppData\Local\Programs\Antigravity\bin;C:\Users\HP\AppData\Roaming\npm;.]
16-Mar-2026 19:49:46.450 INFO [main] org.apache.coyote.AbstractProtocol.init Initializing ProtocolHandler ["http-nio-8080"]
16-Mar-2026 19:49:46.495 INFO [main] org.apache.catalina.startup.Catalina.load Server initialization in [658] milliseconds
16-Mar-2026 19:49:46.554 INFO [main] org.apache.catalina.core.StandardService.startInternal Starting service [Catalina]
16-Mar-2026 19:49:46.554 INFO [main] org.apache.catalina.core.StandardEngine.startInternal Starting Servlet engine: [Apache Tomcat/10.1.52]
16-Mar-2026 19:49:46.564 INFO [main] org.apache.catalina.startup.HostConfig.deployDirectory Deploying web application directory [D:\STUDY\Website-projects\Talksy-chat-app\Backend\apache-tomcat-10.1.52\apache-tomcat-10.1.52\webapps\chatapp]
16-Mar-2026 19:49:47.132 INFO [main] org.apache.jasper.servlet.TldScanner.scanJars At least one JAR was scanned for TLDs yet contained no TLDs. Enable debug logging for this logger for a complete list of JARs that were scanned but no TLDs were found in them. Skipping unneeded JARs during scanning can improve startup time and JSP compilation time.
16-Mar-2026 19:49:47.196 INFO [main] org.apache.catalina.startup.HostConfig.deployDirectory Deployment of web application directory [D:\STUDY\Website-projects\Talksy-chat-app\Backend\apache-tomcat-10.1.52\apache-tomcat-10.1.52\webapps\chatapp] has finished in [629] ms
16-Mar-2026 19:49:47.196 INFO [main] org.apache.catalina.startup.HostConfig.deployDirectory Deploying web application directory [D:\STUDY\Website-projects\Talksy-chat-app\Backend\apache-tomcat-10.1.52\apache-tomcat-10.1.52\webapps\docs]
16-Mar-2026 19:49:47.436 INFO [main] org.apache.jasper.servlet.TldScanner.scanJars At least one JAR was scanned for TLDs yet contained no TLDs. Enable debug logging for this logger for a complete list of JARs that were scanned but no TLDs were found in them. Skipping unneeded JARs during scanning can improve startup time and JSP compilation time.
16-Mar-2026 19:49:47.444 INFO [main] org.apache.catalina.startup.HostConfig.deployDirectory Deployment of web application directory [D:\STUDY\Website-projects\Talksy-chat-app\Backend\apache-tomcat-10.1.52\apache-tomcat-10.1.52\webapps\docs] has finished in [247] ms
16-Mar-2026 19:49:47.445 INFO [main] org.apache.catalina.startup.HostConfig.deployDirectory Deploying web application directory [D:\STUDY\Website-projects\Talksy-chat-app\Backend\apache-tomcat-10.1.52\apache-tomcat-10.1.52\webapps\examples]
16-Mar-2026 19:49:47.932 INFO [main] org.apache.jasper.servlet.TldScanner.scanJars At least one JAR was scanned for TLDs yet contained no TLDs. Enable debug logging for this logger for a complete list of JARs that were scanned but no TLDs were found in them. Skipping unneeded JARs during scanning can improve startup time and JSP compilation time.
16-Mar-2026 19:49:47.972 INFO [main] org.apache.catalina.startup.HostConfig.deployDirectory Deployment of web application directory [D:\STUDY\Website-projects\Talksy-chat-app\Backend\apache-tomcat-10.1.52\apache-tomcat-10.1.52\webapps\examples] has finished in [527] ms
16-Mar-2026 19:49:47.972 INFO [main] org.apache.catalina.startup.HostConfig.deployDirectory Deploying web application directory [D:\STUDY\Website-projects\Talksy-chat-app\Backend\apache-tomcat-10.1.52\apache-tomcat-10.1.52\webapps\host-manager]
16-Mar-2026 19:49:48.208 INFO [main] org.apache.jasper.servlet.TldScanner.scanJars At least one JAR was scanned for TLDs yet contained no TLDs. Enable debug logging for this logger for a complete list of JARs that were scanned but no TLDs were found in them. Skipping unneeded JARs during scanning can improve startup time and JSP compilation time.
16-Mar-2026 19:49:48.221 INFO [main] org.apache.catalina.startup.HostConfig.deployDirectory Deployment of web application directory [D:\STUDY\Website-projects\Talksy-chat-app\Backend\apache-tomcat-10.1.52\apache-tomcat-10.1.52\webapps\host-manager] has finished in [249] ms
16-Mar-2026 19:49:48.221 INFO [main] org.apache.catalina.startup.HostConfig.deployDirectory Deploying web application directory [D:\STUDY\Website-projects\Talksy-chat-app\Backend\apache-tomcat-10.1.52\apache-tomcat-10.1.52\webapps\manager]
16-Mar-2026 19:49:48.402 INFO [main] org.apache.jasper.servlet.TldScanner.scanJars At least one JAR was scanned for TLDs yet contained no TLDs. Enable debug logging for this logger for a complete list of JARs that were scanned but no TLDs were found in them. Skipping unneeded JARs during scanning can improve startup time and JSP compilation time.
16-Mar-2026 19:49:48.407 INFO [main] org.apache.catalina.startup.HostConfig.deployDirectory Deployment of web application directory [D:\STUDY\Website-projects\Talksy-chat-app\Backend\apache-tomcat-10.1.52\apache-tomcat-10.1.52\webapps\manager] has finished in [186] ms
16-Mar-2026 19:49:48.408 INFO [main] org.apache.catalina.startup.HostConfig.deployDirectory Deploying web application directory [D:\STUDY\Website-projects\Talksy-chat-app\Backend\apache-tomcat-10.1.52\apache-tomcat-10.1.52\webapps\ROOT]
16-Mar-2026 19:49:48.580 INFO [main] org.apache.jasper.servlet.TldScanner.scanJars At least one JAR was scanned for TLDs yet contained no TLDs. Enable debug logging for this logger for a complete list of JARs that were scanned but no TLDs were found in them. Skipping unneeded JARs during scanning can improve startup time and JSP compilation time.
16-Mar-2026 19:49:48.583 INFO [main] org.apache.catalina.startup.HostConfig.deployDirectory Deployment of web application directory [D:\STUDY\Website-projects\Talksy-chat-app\Backend\apache-tomcat-10.1.52\apache-tomcat-10.1.52\webapps\ROOT] has finished in [175] ms
16-Mar-2026 19:49:48.586 INFO [main] org.apache.coyote.AbstractProtocol.start Starting ProtocolHandler ["http-nio-8080"]
16-Mar-2026 19:49:48.614 INFO [main] org.apache.catalina.startup.Catalina.start Server startup in [2116] milliseconds
16-Mar-2026 19:54:35.099 SEVERE [http-nio-8080-exec-9] org.apache.tomcat.websocket.pojo.PojoEndpointBase.onError No error handling configured for [ChatServer] and the following error occurred
	java.io.IOException: An established connection was aborted by the software in your host machine
		at java.base/sun.nio.ch.SocketDispatcher.read0(Native Method)
		at java.base/sun.nio.ch.SocketDispatcher.read(SocketDispatcher.java:47)
		at java.base/sun.nio.ch.IOUtil.readIntoNativeBuffer(IOUtil.java:341)
		at java.base/sun.nio.ch.IOUtil.read(IOUtil.java:307)
		at java.base/sun.nio.ch.IOUtil.read(IOUtil.java:270)
		at java.base/sun.nio.ch.SocketChannelImpl.implRead(SocketChannelImpl.java:422)
		at java.base/sun.nio.ch.SocketChannelImpl.read(SocketChannelImpl.java:489)
		at org.apache.tomcat.util.net.NioChannel.read(NioChannel.java:154)
		at org.apache.tomcat.util.net.NioEndpoint$NioSocketWrapper.fillReadBuffer(NioEndpoint.java:1332)
		at org.apache.tomcat.util.net.NioEndpoint$NioSocketWrapper.read(NioEndpoint.java:1218)
		at org.apache.tomcat.websocket.server.WsFrameServer.onDataAvailable(WsFrameServer.java:74)
		at org.apache.tomcat.websocket.server.WsFrameServer.doOnDataAvailable(WsFrameServer.java:184)
		at org.apache.tomcat.websocket.server.WsFrameServer.notifyDataAvailable(WsFrameServer.java:164)
		at org.apache.tomcat.websocket.server.WsHttpUpgradeHandler.upgradeDispatch(WsHttpUpgradeHandler.java:152)
		at org.apache.coyote.http11.upgrade.UpgradeProcessorInternal.dispatch(UpgradeProcessorInternal.java:60)
		at org.apache.coyote.AbstractProcessorLight.process(AbstractProcessorLight.java:57)
		at org.apache.coyote.AbstractProtocol$ConnectionHandler.process(AbstractProtocol.java:903)
		at org.apache.tomcat.util.net.NioEndpoint$SocketProcessor.doRun(NioEndpoint.java:1775)
		at org.apache.tomcat.util.net.SocketProcessorBase.run(SocketProcessorBase.java:52)
		at org.apache.tomcat.util.threads.ThreadPoolExecutor.runWorker(ThreadPoolExecutor.java:973)
		at org.apache.tomcat.util.threads.ThreadPoolExecutor$Worker.run(ThreadPoolExecutor.java:491)
		at org.apache.tomcat.util.threads.TaskThread$WrappingRunnable.run(TaskThread.java:63)
		at java.base/java.lang.Thread.run(Thread.java:1474)
16-Mar-2026 20:22:33.520 SEVERE [http-nio-8080-exec-1] org.apache.tomcat.websocket.pojo.PojoEndpointBase.onError No error handling configured for [ChatServer] and the following error occurred
	java.io.EOFException
		at org.apache.tomcat.util.net.NioEndpoint$NioSocketWrapper.fillReadBuffer(NioEndpoint.java:1334)
		at org.apache.tomcat.util.net.NioEndpoint$NioSocketWrapper.read(NioEndpoint.java:1218)
		at org.apache.tomcat.websocket.server.WsFrameServer.onDataAvailable(WsFrameServer.java:74)
		at org.apache.tomcat.websocket.server.WsFrameServer.doOnDataAvailable(WsFrameServer.java:184)
		at org.apache.tomcat.websocket.server.WsFrameServer.notifyDataAvailable(WsFrameServer.java:164)
		at org.apache.tomcat.websocket.server.WsHttpUpgradeHandler.upgradeDispatch(WsHttpUpgradeHandler.java:152)
		at org.apache.coyote.http11.upgrade.UpgradeProcessorInternal.dispatch(UpgradeProcessorInternal.java:60)
		at org.apache.coyote.AbstractProcessorLight.process(AbstractProcessorLight.java:57)
		at org.apache.coyote.AbstractProtocol$ConnectionHandler.process(AbstractProtocol.java:903)
		at org.apache.tomcat.util.net.NioEndpoint$SocketProcessor.doRun(NioEndpoint.java:1775)
		at org.apache.tomcat.util.net.SocketProcessorBase.run(SocketProcessorBase.java:52)
		at org.apache.tomcat.util.threads.ThreadPoolExecutor.runWorker(ThreadPoolExecutor.java:973)
		at org.apache.tomcat.util.threads.ThreadPoolExecutor$Worker.run(ThreadPoolExecutor.java:491)
		at org.apache.tomcat.util.threads.TaskThread$WrappingRunnable.run(TaskThread.java:63)
		at java.base/java.lang.Thread.run(Thread.java:1474)
16-Mar-2026 20:22:33.521 SEVERE [http-nio-8080-exec-2] org.apache.tomcat.websocket.pojo.PojoEndpointBase.onError No error handling configured for [ChatServer] and the following error occurred
	java.io.EOFException
		at org.apache.tomcat.util.net.NioEndpoint$NioSocketWrapper.fillReadBuffer(NioEndpoint.java:1334)
		at org.apache.tomcat.util.net.NioEndpoint$NioSocketWrapper.read(NioEndpoint.java:1218)
		at org.apache.tomcat.websocket.server.WsFrameServer.onDataAvailable(WsFrameServer.java:74)
		at org.apache.tomcat.websocket.server.WsFrameServer.doOnDataAvailable(WsFrameServer.java:184)
		at org.apache.tomcat.websocket.server.WsFrameServer.notifyDataAvailable(WsFrameServer.java:164)
		at org.apache.tomcat.websocket.server.WsHttpUpgradeHandler.upgradeDispatch(WsHttpUpgradeHandler.java:152)
		at org.apache.coyote.http11.upgrade.UpgradeProcessorInternal.dispatch(UpgradeProcessorInternal.java:60)
		at org.apache.coyote.AbstractProcessorLight.process(AbstractProcessorLight.java:57)
		at org.apache.coyote.AbstractProtocol$ConnectionHandler.process(AbstractProtocol.java:903)
		at org.apache.tomcat.util.net.NioEndpoint$SocketProcessor.doRun(NioEndpoint.java:1775)
		at org.apache.tomcat.util.net.SocketProcessorBase.run(SocketProcessorBase.java:52)
		at org.apache.tomcat.util.threads.ThreadPoolExecutor.runWorker(ThreadPoolExecutor.java:973)
		at org.apache.tomcat.util.threads.ThreadPoolExecutor$Worker.run(ThreadPoolExecutor.java:491)
		at org.apache.tomcat.util.threads.TaskThread$WrappingRunnable.run(TaskThread.java:63)
		at java.base/java.lang.Thread.run(Thread.java:1474)
16-Mar-2026 20:26:27.267 INFO [main] org.apache.catalina.startup.VersionLoggerListener.log Server version name:   Apache Tomcat/10.1.52
16-Mar-2026 20:26:27.272 INFO [main] org.apache.catalina.startup.VersionLoggerListener.log Server built:          Jan 23 2026 19:29:07 UTC
16-Mar-2026 20:26:27.274 INFO [main] org.apache.catalina.startup.VersionLoggerListener.log Server version number: 10.1.52.0
16-Mar-2026 20:26:27.274 INFO [main] org.apache.catalina.startup.VersionLoggerListener.log OS Name:               Windows 11
16-Mar-2026 20:26:27.275 INFO [main] org.apache.catalina.startup.VersionLoggerListener.log OS Version:            10.0
16-Mar-2026 20:26:27.276 INFO [main] org.apache.catalina.startup.VersionLoggerListener.log Architecture:          amd64
16-Mar-2026 20:26:27.276 INFO [main] org.apache.catalina.startup.VersionLoggerListener.log Java Home:             C:\Program Files\Java\jdk-25.0.2
16-Mar-2026 20:26:27.277 INFO [main] org.apache.catalina.startup.VersionLoggerListener.log JVM Version:           25.0.2+10-LTS-69
16-Mar-2026 20:26:27.278 INFO [main] org.apache.catalina.startup.VersionLoggerListener.log JVM Vendor:            Oracle Corporation
16-Mar-2026 20:26:27.278 INFO [main] org.apache.catalina.startup.VersionLoggerListener.log CATALINA_BASE:         D:\STUDY\Website-projects\Talksy-chat-app\Backend\apache-tomcat-10.1.52\apache-tomcat-10.1.52
16-Mar-2026 20:26:27.279 INFO [main] org.apache.catalina.startup.VersionLoggerListener.log CATALINA_HOME:         D:\STUDY\Website-projects\Talksy-chat-app\Backend\apache-tomcat-10.1.52\apache-tomcat-10.1.52
16-Mar-2026 20:26:27.308 INFO [main] org.apache.catalina.startup.VersionLoggerListener.log Command line argument: -Djava.util.logging.config.file=D:\STUDY\Website-projects\Talksy-chat-app\Backend\apache-tomcat-10.1.52\apache-tomcat-10.1.52\conf\logging.properties
16-Mar-2026 20:26:27.308 INFO [main] org.apache.catalina.startup.VersionLoggerListener.log Command line argument: -Djava.util.logging.manager=org.apache.juli.ClassLoaderLogManager
16-Mar-2026 20:26:27.309 INFO [main] org.apache.catalina.startup.VersionLoggerListener.log Command line argument: -Djdk.tls.ephemeralDHKeySize=2048
16-Mar-2026 20:26:27.309 INFO [main] org.apache.catalina.startup.VersionLoggerListener.log Command line argument: -Djava.protocol.handler.pkgs=org.apache.catalina.webresources
16-Mar-2026 20:26:27.310 INFO [main] org.apache.catalina.startup.VersionLoggerListener.log Command line argument: -Dsun.io.useCanonCaches=false
16-Mar-2026 20:26:27.311 INFO [main] org.apache.catalina.startup.VersionLoggerListener.log Command line argument: --add-opens=java.base/java.lang=ALL-UNNAMED
16-Mar-2026 20:26:27.311 INFO [main] org.apache.catalina.startup.VersionLoggerListener.log Command line argument: --add-opens=java.base/java.lang.reflect=ALL-UNNAMED
16-Mar-2026 20:26:27.312 INFO [main] org.apache.catalina.startup.VersionLoggerListener.log Command line argument: --add-opens=java.base/java.io=ALL-UNNAMED
16-Mar-2026 20:26:27.312 INFO [main] org.apache.catalina.startup.VersionLoggerListener.log Command line argument: --add-opens=java.base/java.util=ALL-UNNAMED
16-Mar-2026 20:26:27.313 INFO [main] org.apache.catalina.startup.VersionLoggerListener.log Command line argument: --add-opens=java.base/java.util.concurrent=ALL-UNNAMED
16-Mar-2026 20:26:27.313 INFO [main] org.apache.catalina.startup.VersionLoggerListener.log Command line argument: --add-opens=java.rmi/sun.rmi.transport=ALL-UNNAMED
16-Mar-2026 20:26:27.314 INFO [main] org.apache.catalina.startup.VersionLoggerListener.log Command line argument: -Dcatalina.base=D:\STUDY\Website-projects\Talksy-chat-app\Backend\apache-tomcat-10.1.52\apache-tomcat-10.1.52
16-Mar-2026 20:26:27.314 INFO [main] org.apache.catalina.startup.VersionLoggerListener.log Command line argument: -Dcatalina.home=D:\STUDY\Website-projects\Talksy-chat-app\Backend\apache-tomcat-10.1.52\apache-tomcat-10.1.52
16-Mar-2026 20:26:27.314 INFO [main] org.apache.catalina.startup.VersionLoggerListener.log Command line argument: -Djava.io.tmpdir=D:\STUDY\Website-projects\Talksy-chat-app\Backend\apache-tomcat-10.1.52\apache-tomcat-10.1.52\temp
16-Mar-2026 20:26:27.344 INFO [main] org.apache.catalina.core.AprLifecycleListener.lifecycleEvent The Apache Tomcat Native library which allows using OpenSSL was not found on the java.library.path: [C:\Program Files\Java\jdk-25.0.2\bin;C:\WINDOWS\Sun\Java\bin;C:\WINDOWS\system32;C:\WINDOWS;C:\Program Files\Common Files\Oracle\Java\javapath;C:\WINDOWS\system32;C:\WINDOWS;C:\WINDOWS\System32\Wbem;C:\WINDOWS\System32\WindowsPowerShell\v1.0\;C:\WINDOWS\System32\OpenSSH\;C:\ProgramData\chocolatey\bin;C:\Program Files (x86)\Microsoft SQL Server\100\Tools\Binn\;C:\Program Files\Microsoft SQL Server\100\Tools\Binn\;C:\Program Files\Microsoft SQL Server\100\DTS\Binn\;C:\Program Files\nodejs\;C:\Program Files\Java\jdk-25.0.2\bin;C:\Program Files\MySQL\MySQL Shell 8.0\bin\;C:\Users\HP\AppData\Local\Microsoft\WindowsApps;C:\Users\HP\AppData\Local\Programs\Microsoft VS Code\bin;C:\Users\HP\AppData\Local\Programs\Antigravity\bin;C:\Users\HP\AppData\Roaming\npm;.]
16-Mar-2026 20:26:27.701 INFO [main] org.apache.coyote.AbstractProtocol.init Initializing ProtocolHandler ["http-nio-8080"]
16-Mar-2026 20:26:27.741 INFO [main] org.apache.catalina.startup.Catalina.load Server initialization in [944] milliseconds
16-Mar-2026 20:26:27.813 INFO [main] org.apache.catalina.core.StandardService.startInternal Starting service [Catalina]
16-Mar-2026 20:26:27.813 INFO [main] org.apache.catalina.core.StandardEngine.startInternal Starting Servlet engine: [Apache Tomcat/10.1.52]
16-Mar-2026 20:26:27.832 INFO [main] org.apache.catalina.startup.HostConfig.deployDirectory Deploying web application directory [D:\STUDY\Website-projects\Talksy-chat-app\Backend\apache-tomcat-10.1.52\apache-tomcat-10.1.52\webapps\chatapp]
16-Mar-2026 20:26:28.567 INFO [main] org.apache.jasper.servlet.TldScanner.scanJars At least one JAR was scanned for TLDs yet contained no TLDs. Enable debug logging for this logger for a complete list of JARs that were scanned but no TLDs were found in them. Skipping unneeded JARs during scanning can improve startup time and JSP compilation time.
16-Mar-2026 20:26:28.657 INFO [main] org.apache.catalina.startup.HostConfig.deployDirectory Deployment of web application directory [D:\STUDY\Website-projects\Talksy-chat-app\Backend\apache-tomcat-10.1.52\apache-tomcat-10.1.52\webapps\chatapp] has finished in [822] ms
16-Mar-2026 20:26:28.657 INFO [main] org.apache.catalina.startup.HostConfig.deployDirectory Deploying web application directory [D:\STUDY\Website-projects\Talksy-chat-app\Backend\apache-tomcat-10.1.52\apache-tomcat-10.1.52\webapps\docs]
16-Mar-2026 20:26:28.932 INFO [main] org.apache.jasper.servlet.TldScanner.scanJars At least one JAR was scanned for TLDs yet contained no TLDs. Enable debug logging for this logger for a complete list of JARs that were scanned but no TLDs were found in them. Skipping unneeded JARs during scanning can improve startup time and JSP compilation time.
16-Mar-2026 20:26:28.941 INFO [main] org.apache.catalina.startup.HostConfig.deployDirectory Deployment of web application directory [D:\STUDY\Website-projects\Talksy-chat-app\Backend\apache-tomcat-10.1.52\apache-tomcat-10.1.52\webapps\docs] has finished in [283] ms
16-Mar-2026 20:26:28.943 INFO [main] org.apache.catalina.startup.HostConfig.deployDirectory Deploying web application directory [D:\STUDY\Website-projects\Talksy-chat-app\Backend\apache-tomcat-10.1.52\apache-tomcat-10.1.52\webapps\examples]
16-Mar-2026 20:26:29.818 INFO [main] org.apache.jasper.servlet.TldScanner.scanJars At least one JAR was scanned for TLDs yet contained no TLDs. Enable debug logging for this logger for a complete list of JARs that were scanned but no TLDs were found in them. Skipping unneeded JARs during scanning can improve startup time and JSP compilation time.
16-Mar-2026 20:26:29.878 INFO [main] org.apache.catalina.startup.HostConfig.deployDirectory Deployment of web application directory [D:\STUDY\Website-projects\Talksy-chat-app\Backend\apache-tomcat-10.1.52\apache-tomcat-10.1.52\webapps\examples] has finished in [935] ms
16-Mar-2026 20:26:29.879 INFO [main] org.apache.catalina.startup.HostConfig.deployDirectory Deploying web application directory [D:\STUDY\Website-projects\Talksy-chat-app\Backend\apache-tomcat-10.1.52\apache-tomcat-10.1.52\webapps\host-manager]
16-Mar-2026 20:26:30.147 INFO [main] org.apache.jasper.servlet.TldScanner.scanJars At least one JAR was scanned for TLDs yet contained no TLDs. Enable debug logging for this logger for a complete list of JARs that were scanned but no TLDs were found in them. Skipping unneeded JARs during scanning can improve startup time and JSP compilation time.
16-Mar-2026 20:26:30.161 INFO [main] org.apache.catalina.startup.HostConfig.deployDirectory Deployment of web application directory [D:\STUDY\Website-projects\Talksy-chat-app\Backend\apache-tomcat-10.1.52\apache-tomcat-10.1.52\webapps\host-manager] has finished in [283] ms
16-Mar-2026 20:26:30.162 INFO [main] org.apache.catalina.startup.HostConfig.deployDirectory Deploying web application directory [D:\STUDY\Website-projects\Talksy-chat-app\Backend\apache-tomcat-10.1.52\apache-tomcat-10.1.52\webapps\manager]
16-Mar-2026 20:26:30.413 INFO [main] org.apache.jasper.servlet.TldScanner.scanJars At least one JAR was scanned for TLDs yet contained no TLDs. Enable debug logging for this logger for a complete list of JARs that were scanned but no TLDs were found in them. Skipping unneeded JARs during scanning can improve startup time and JSP compilation time.
16-Mar-2026 20:26:30.418 INFO [main] org.apache.catalina.startup.HostConfig.deployDirectory Deployment of web application directory [D:\STUDY\Website-projects\Talksy-chat-app\Backend\apache-tomcat-10.1.52\apache-tomcat-10.1.52\webapps\manager] has finished in [256] ms
16-Mar-2026 20:26:30.418 INFO [main] org.apache.catalina.startup.HostConfig.deployDirectory Deploying web application directory [D:\STUDY\Website-projects\Talksy-chat-app\Backend\apache-tomcat-10.1.52\apache-tomcat-10.1.52\webapps\ROOT]
16-Mar-2026 20:26:30.650 INFO [main] org.apache.jasper.servlet.TldScanner.scanJars At least one JAR was scanned for TLDs yet contained no TLDs. Enable debug logging for this logger for a complete list of JARs that were scanned but no TLDs were found in them. Skipping unneeded JARs during scanning can improve startup time and JSP compilation time.
16-Mar-2026 20:26:30.654 INFO [main] org.apache.catalina.startup.HostConfig.deployDirectory Deployment of web application directory [D:\STUDY\Website-projects\Talksy-chat-app\Backend\apache-tomcat-10.1.52\apache-tomcat-10.1.52\webapps\ROOT] has finished in [236] ms
16-Mar-2026 20:26:30.657 INFO [main] org.apache.coyote.AbstractProtocol.start Starting ProtocolHandler ["http-nio-8080"]
16-Mar-2026 20:26:30.696 INFO [main] org.apache.catalina.startup.Catalina.start Server startup in [2951] milliseconds
16-Mar-2026 20:30:49.487 INFO [main] org.apache.catalina.startup.VersionLoggerListener.log Server version name:   Apache Tomcat/10.1.52
16-Mar-2026 20:30:49.492 INFO [main] org.apache.catalina.startup.VersionLoggerListener.log Server built:          Jan 23 2026 19:29:07 UTC
16-Mar-2026 20:30:49.493 INFO [main] org.apache.catalina.startup.VersionLoggerListener.log Server version number: 10.1.52.0
16-Mar-2026 20:30:49.494 INFO [main] org.apache.catalina.startup.VersionLoggerListener.log OS Name:               Windows 11
16-Mar-2026 20:30:49.494 INFO [main] org.apache.catalina.startup.VersionLoggerListener.log OS Version:            10.0
16-Mar-2026 20:30:49.494 INFO [main] org.apache.catalina.startup.VersionLoggerListener.log Architecture:          amd64
16-Mar-2026 20:30:49.494 INFO [main] org.apache.catalina.startup.VersionLoggerListener.log Java Home:             C:\Program Files\Java\jdk-25.0.2
16-Mar-2026 20:30:49.495 INFO [main] org.apache.catalina.startup.VersionLoggerListener.log JVM Version:           25.0.2+10-LTS-69
16-Mar-2026 20:30:49.495 INFO [main] org.apache.catalina.startup.VersionLoggerListener.log JVM Vendor:            Oracle Corporation
16-Mar-2026 20:30:49.496 INFO [main] org.apache.catalina.startup.VersionLoggerListener.log CATALINA_BASE:         D:\STUDY\Website-projects\Talksy-chat-app\Backend\apache-tomcat-10.1.52\apache-tomcat-10.1.52
16-Mar-2026 20:30:49.496 INFO [main] org.apache.catalina.startup.VersionLoggerListener.log CATALINA_HOME:         D:\STUDY\Website-projects\Talksy-chat-app\Backend\apache-tomcat-10.1.52\apache-tomcat-10.1.52
16-Mar-2026 20:30:49.520 INFO [main] org.apache.catalina.startup.VersionLoggerListener.log Command line argument: -Djava.util.logging.config.file=D:\STUDY\Website-projects\Talksy-chat-app\Backend\apache-tomcat-10.1.52\apache-tomcat-10.1.52\conf\logging.properties
16-Mar-2026 20:30:49.521 INFO [main] org.apache.catalina.startup.VersionLoggerListener.log Command line argument: -Djava.util.logging.manager=org.apache.juli.ClassLoaderLogManager
16-Mar-2026 20:30:49.521 INFO [main] org.apache.catalina.startup.VersionLoggerListener.log Command line argument: -Djdk.tls.ephemeralDHKeySize=2048
16-Mar-2026 20:30:49.521 INFO [main] org.apache.catalina.startup.VersionLoggerListener.log Command line argument: -Djava.protocol.handler.pkgs=org.apache.catalina.webresources
16-Mar-2026 20:30:49.522 INFO [main] org.apache.catalina.startup.VersionLoggerListener.log Command line argument: -Dsun.io.useCanonCaches=false
16-Mar-2026 20:30:49.522 INFO [main] org.apache.catalina.startup.VersionLoggerListener.log Command line argument: --add-opens=java.base/java.lang=ALL-UNNAMED
16-Mar-2026 20:30:49.522 INFO [main] org.apache.catalina.startup.VersionLoggerListener.log Command line argument: --add-opens=java.base/java.lang.reflect=ALL-UNNAMED
16-Mar-2026 20:30:49.523 INFO [main] org.apache.catalina.startup.VersionLoggerListener.log Command line argument: --add-opens=java.base/java.io=ALL-UNNAMED
16-Mar-2026 20:30:49.523 INFO [main] org.apache.catalina.startup.VersionLoggerListener.log Command line argument: --add-opens=java.base/java.util=ALL-UNNAMED
16-Mar-2026 20:30:49.523 INFO [main] org.apache.catalina.startup.VersionLoggerListener.log Command line argument: --add-opens=java.base/java.util.concurrent=ALL-UNNAMED
16-Mar-2026 20:30:49.523 INFO [main] org.apache.catalina.startup.VersionLoggerListener.log Command line argument: --add-opens=java.rmi/sun.rmi.transport=ALL-UNNAMED
16-Mar-2026 20:30:49.524 INFO [main] org.apache.catalina.startup.VersionLoggerListener.log Command line argument: -Dcatalina.base=D:\STUDY\Website-projects\Talksy-chat-app\Backend\apache-tomcat-10.1.52\apache-tomcat-10.1.52
16-Mar-2026 20:30:49.524 INFO [main] org.apache.catalina.startup.VersionLoggerListener.log Command line argument: -Dcatalina.home=D:\STUDY\Website-projects\Talksy-chat-app\Backend\apache-tomcat-10.1.52\apache-tomcat-10.1.52
16-Mar-2026 20:30:49.524 INFO [main] org.apache.catalina.startup.VersionLoggerListener.log Command line argument: -Djava.io.tmpdir=D:\STUDY\Website-projects\Talksy-chat-app\Backend\apache-tomcat-10.1.52\apache-tomcat-10.1.52\temp
16-Mar-2026 20:30:49.542 INFO [main] org.apache.catalina.core.AprLifecycleListener.lifecycleEvent The Apache Tomcat Native library which allows using OpenSSL was not found on the java.library.path: [C:\Program Files\Java\jdk-25.0.2\bin;C:\WINDOWS\Sun\Java\bin;C:\WINDOWS\system32;C:\WINDOWS;C:\Program Files\Common Files\Oracle\Java\javapath;C:\WINDOWS\system32;C:\WINDOWS;C:\WINDOWS\System32\Wbem;C:\WINDOWS\System32\WindowsPowerShell\v1.0\;C:\WINDOWS\System32\OpenSSH\;C:\ProgramData\chocolatey\bin;C:\Program Files (x86)\Microsoft SQL Server\100\Tools\Binn\;C:\Program Files\Microsoft SQL Server\100\Tools\Binn\;C:\Program Files\Microsoft SQL Server\100\DTS\Binn\;C:\Program Files\nodejs\;C:\Program Files\Java\jdk-25.0.2\bin;C:\Program Files\MySQL\MySQL Shell 8.0\bin\;C:\Users\HP\AppData\Local\Microsoft\WindowsApps;C:\Users\HP\AppData\Local\Programs\Microsoft VS Code\bin;C:\Users\HP\AppData\Local\Programs\Antigravity\bin;C:\Users\HP\AppData\Roaming\npm;.]
16-Mar-2026 20:30:49.992 INFO [main] org.apache.coyote.AbstractProtocol.init Initializing ProtocolHandler ["http-nio-8080"]
16-Mar-2026 20:30:50.032 INFO [main] org.apache.catalina.startup.Catalina.load Server initialization in [877] milliseconds
16-Mar-2026 20:30:50.108 INFO [main] org.apache.catalina.core.StandardService.startInternal Starting service [Catalina]
16-Mar-2026 20:30:50.108 INFO [main] org.apache.catalina.core.StandardEngine.startInternal Starting Servlet engine: [Apache Tomcat/10.1.52]
16-Mar-2026 20:30:50.127 INFO [main] org.apache.catalina.startup.HostConfig.deployDirectory Deploying web application directory [D:\STUDY\Website-projects\Talksy-chat-app\Backend\apache-tomcat-10.1.52\apache-tomcat-10.1.52\webapps\chatapp]
16-Mar-2026 20:30:50.947 INFO [main] org.apache.jasper.servlet.TldScanner.scanJars At least one JAR was scanned for TLDs yet contained no TLDs. Enable debug logging for this logger for a complete list of JARs that were scanned but no TLDs were found in them. Skipping unneeded JARs during scanning can improve startup time and JSP compilation time.
16-Mar-2026 20:30:51.037 INFO [main] org.apache.catalina.startup.HostConfig.deployDirectory Deployment of web application directory [D:\STUDY\Website-projects\Talksy-chat-app\Backend\apache-tomcat-10.1.52\apache-tomcat-10.1.52\webapps\chatapp] has finished in [907] ms
16-Mar-2026 20:30:51.038 INFO [main] org.apache.catalina.startup.HostConfig.deployDirectory Deploying web application directory [D:\STUDY\Website-projects\Talksy-chat-app\Backend\apache-tomcat-10.1.52\apache-tomcat-10.1.52\webapps\docs]
16-Mar-2026 20:30:51.347 INFO [main] org.apache.jasper.servlet.TldScanner.scanJars At least one JAR was scanned for TLDs yet contained no TLDs. Enable debug logging for this logger for a complete list of JARs that were scanned but no TLDs were found in them. Skipping unneeded JARs during scanning can improve startup time and JSP compilation time.
16-Mar-2026 20:30:51.356 INFO [main] org.apache.catalina.startup.HostConfig.deployDirectory Deployment of web application directory [D:\STUDY\Website-projects\Talksy-chat-app\Backend\apache-tomcat-10.1.52\apache-tomcat-10.1.52\webapps\docs] has finished in [318] ms
16-Mar-2026 20:30:51.357 INFO [main] org.apache.catalina.startup.HostConfig.deployDirectory Deploying web application directory [D:\STUDY\Website-projects\Talksy-chat-app\Backend\apache-tomcat-10.1.52\apache-tomcat-10.1.52\webapps\examples]
16-Mar-2026 20:30:52.061 INFO [main] org.apache.jasper.servlet.TldScanner.scanJars At least one JAR was scanned for TLDs yet contained no TLDs. Enable debug logging for this logger for a complete list of JARs that were scanned but no TLDs were found in them. Skipping unneeded JARs during scanning can improve startup time and JSP compilation time.
16-Mar-2026 20:30:52.128 INFO [main] org.apache.catalina.startup.HostConfig.deployDirectory Deployment of web application directory [D:\STUDY\Website-projects\Talksy-chat-app\Backend\apache-tomcat-10.1.52\apache-tomcat-10.1.52\webapps\examples] has finished in [771] ms
16-Mar-2026 20:30:52.129 INFO [main] org.apache.catalina.startup.HostConfig.deployDirectory Deploying web application directory [D:\STUDY\Website-projects\Talksy-chat-app\Backend\apache-tomcat-10.1.52\apache-tomcat-10.1.52\webapps\host-manager]
16-Mar-2026 20:30:52.392 INFO [main] org.apache.jasper.servlet.TldScanner.scanJars At least one JAR was scanned for TLDs yet contained no TLDs. Enable debug logging for this logger for a complete list of JARs that were scanned but no TLDs were found in them. Skipping unneeded JARs during scanning can improve startup time and JSP compilation time.
16-Mar-2026 20:30:52.413 INFO [main] org.apache.catalina.startup.HostConfig.deployDirectory Deployment of web application directory [D:\STUDY\Website-projects\Talksy-chat-app\Backend\apache-tomcat-10.1.52\apache-tomcat-10.1.52\webapps\host-manager] has finished in [284] ms
16-Mar-2026 20:30:52.414 INFO [main] org.apache.catalina.startup.HostConfig.deployDirectory Deploying web application directory [D:\STUDY\Website-projects\Talksy-chat-app\Backend\apache-tomcat-10.1.52\apache-tomcat-10.1.52\webapps\manager]
16-Mar-2026 20:30:52.670 INFO [main] org.apache.jasper.servlet.TldScanner.scanJars At least one JAR was scanned for TLDs yet contained no TLDs. Enable debug logging for this logger for a complete list of JARs that were scanned but no TLDs were found in them. Skipping unneeded JARs during scanning can improve startup time and JSP compilation time.
16-Mar-2026 20:30:52.675 INFO [main] org.apache.catalina.startup.HostConfig.deployDirectory Deployment of web application directory [D:\STUDY\Website-projects\Talksy-chat-app\Backend\apache-tomcat-10.1.52\apache-tomcat-10.1.52\webapps\manager] has finished in [261] ms
16-Mar-2026 20:30:52.675 INFO [main] org.apache.catalina.startup.HostConfig.deployDirectory Deploying web application directory [D:\STUDY\Website-projects\Talksy-chat-app\Backend\apache-tomcat-10.1.52\apache-tomcat-10.1.52\webapps\ROOT]
16-Mar-2026 20:30:52.915 INFO [main] org.apache.jasper.servlet.TldScanner.scanJars At least one JAR was scanned for TLDs yet contained no TLDs. Enable debug logging for this logger for a complete list of JARs that were scanned but no TLDs were found in them. Skipping unneeded JARs during scanning can improve startup time and JSP compilation time.
16-Mar-2026 20:30:52.918 INFO [main] org.apache.catalina.startup.HostConfig.deployDirectory Deployment of web application directory [D:\STUDY\Website-projects\Talksy-chat-app\Backend\apache-tomcat-10.1.52\apache-tomcat-10.1.52\webapps\ROOT] has finished in [243] ms
16-Mar-2026 20:30:52.923 INFO [main] org.apache.coyote.AbstractProtocol.start Starting ProtocolHandler ["http-nio-8080"]
16-Mar-2026 20:30:52.969 INFO [main] org.apache.catalina.startup.Catalina.start Server startup in [2934] milliseconds
16-Mar-2026 20:37:03.459 SEVERE [http-nio-8080-exec-1] org.apache.tomcat.websocket.pojo.PojoEndpointBase.onError No error handling configured for [ChatServer] and the following error occurred
	java.io.EOFException
		at org.apache.tomcat.util.net.NioEndpoint$NioSocketWrapper.fillReadBuffer(NioEndpoint.java:1334)
		at org.apache.tomcat.util.net.NioEndpoint$NioSocketWrapper.read(NioEndpoint.java:1218)
		at org.apache.tomcat.websocket.server.WsFrameServer.onDataAvailable(WsFrameServer.java:74)
		at org.apache.tomcat.websocket.server.WsFrameServer.doOnDataAvailable(WsFrameServer.java:184)
		at org.apache.tomcat.websocket.server.WsFrameServer.notifyDataAvailable(WsFrameServer.java:164)
		at org.apache.tomcat.websocket.server.WsHttpUpgradeHandler.upgradeDispatch(WsHttpUpgradeHandler.java:152)
		at org.apache.coyote.http11.upgrade.UpgradeProcessorInternal.dispatch(UpgradeProcessorInternal.java:60)
		at org.apache.coyote.AbstractProcessorLight.process(AbstractProcessorLight.java:57)
		at org.apache.coyote.AbstractProtocol$ConnectionHandler.process(AbstractProtocol.java:903)
		at org.apache.tomcat.util.net.NioEndpoint$SocketProcessor.doRun(NioEndpoint.java:1775)
		at org.apache.tomcat.util.net.SocketProcessorBase.run(SocketProcessorBase.java:52)
		at org.apache.tomcat.util.threads.ThreadPoolExecutor.runWorker(ThreadPoolExecutor.java:973)
		at org.apache.tomcat.util.threads.ThreadPoolExecutor$Worker.run(ThreadPoolExecutor.java:491)
		at org.apache.tomcat.util.threads.TaskThread$WrappingRunnable.run(TaskThread.java:63)
		at java.base/java.lang.Thread.run(Thread.java:1474)
16-Mar-2026 20:37:03.459 SEVERE [http-nio-8080-exec-5] org.apache.tomcat.websocket.pojo.PojoEndpointBase.onError No error handling configured for [ChatServer] and the following error occurred
	java.io.EOFException
		at org.apache.tomcat.util.net.NioEndpoint$NioSocketWrapper.fillReadBuffer(NioEndpoint.java:1334)
		at org.apache.tomcat.util.net.NioEndpoint$NioSocketWrapper.read(NioEndpoint.java:1218)
		at org.apache.tomcat.websocket.server.WsFrameServer.onDataAvailable(WsFrameServer.java:74)
		at org.apache.tomcat.websocket.server.WsFrameServer.doOnDataAvailable(WsFrameServer.java:184)
		at org.apache.tomcat.websocket.server.WsFrameServer.notifyDataAvailable(WsFrameServer.java:164)
		at org.apache.tomcat.websocket.server.WsHttpUpgradeHandler.upgradeDispatch(WsHttpUpgradeHandler.java:152)
		at org.apache.coyote.http11.upgrade.UpgradeProcessorInternal.dispatch(UpgradeProcessorInternal.java:60)
		at org.apache.coyote.AbstractProcessorLight.process(AbstractProcessorLight.java:57)
		at org.apache.coyote.AbstractProtocol$ConnectionHandler.process(AbstractProtocol.java:903)
		at org.apache.tomcat.util.net.NioEndpoint$SocketProcessor.doRun(NioEndpoint.java:1775)
		at org.apache.tomcat.util.net.SocketProcessorBase.run(SocketProcessorBase.java:52)
		at org.apache.tomcat.util.threads.ThreadPoolExecutor.runWorker(ThreadPoolExecutor.java:973)
		at org.apache.tomcat.util.threads.ThreadPoolExecutor$Worker.run(ThreadPoolExecutor.java:491)
		at org.apache.tomcat.util.threads.TaskThread$WrappingRunnable.run(TaskThread.java:63)
		at java.base/java.lang.Thread.run(Thread.java:1474)
16-Mar-2026 20:37:03.459 SEVERE [http-nio-8080-exec-7] org.apache.tomcat.websocket.pojo.PojoEndpointBase.onError No error handling configured for [ChatServer] and the following error occurred
	java.io.EOFException
		at org.apache.tomcat.util.net.NioEndpoint$NioSocketWrapper.fillReadBuffer(NioEndpoint.java:1334)
		at org.apache.tomcat.util.net.NioEndpoint$NioSocketWrapper.read(NioEndpoint.java:1218)
		at org.apache.tomcat.websocket.server.WsFrameServer.onDataAvailable(WsFrameServer.java:74)
		at org.apache.tomcat.websocket.server.WsFrameServer.doOnDataAvailable(WsFrameServer.java:184)
		at org.apache.tomcat.websocket.server.WsFrameServer.notifyDataAvailable(WsFrameServer.java:164)
		at org.apache.tomcat.websocket.server.WsHttpUpgradeHandler.upgradeDispatch(WsHttpUpgradeHandler.java:152)
		at org.apache.coyote.http11.upgrade.UpgradeProcessorInternal.dispatch(UpgradeProcessorInternal.java:60)
		at org.apache.coyote.AbstractProcessorLight.process(AbstractProcessorLight.java:57)
		at org.apache.coyote.AbstractProtocol$ConnectionHandler.process(AbstractProtocol.java:903)
		at org.apache.tomcat.util.net.NioEndpoint$SocketProcessor.doRun(NioEndpoint.java:1775)
		at org.apache.tomcat.util.net.SocketProcessorBase.run(SocketProcessorBase.java:52)
		at org.apache.tomcat.util.threads.ThreadPoolExecutor.runWorker(ThreadPoolExecutor.java:973)
		at org.apache.tomcat.util.threads.ThreadPoolExecutor$Worker.run(ThreadPoolExecutor.java:491)
		at org.apache.tomcat.util.threads.TaskThread$WrappingRunnable.run(TaskThread.java:63)
		at java.base/java.lang.Thread.run(Thread.java:1474)
16-Mar-2026 20:45:19.578 INFO [main] org.apache.catalina.startup.VersionLoggerListener.log Server version name:   Apache Tomcat/10.1.52
16-Mar-2026 20:45:19.582 INFO [main] org.apache.catalina.startup.VersionLoggerListener.log Server built:          Jan 23 2026 19:29:07 UTC
16-Mar-2026 20:45:19.585 INFO [main] org.apache.catalina.startup.VersionLoggerListener.log Server version number: 10.1.52.0
16-Mar-2026 20:45:19.586 INFO [main] org.apache.catalina.startup.VersionLoggerListener.log OS Name:               Windows 11
16-Mar-2026 20:45:19.586 INFO [main] org.apache.catalina.startup.VersionLoggerListener.log OS Version:            10.0
16-Mar-2026 20:45:19.587 INFO [main] org.apache.catalina.startup.VersionLoggerListener.log Architecture:          amd64
16-Mar-2026 20:45:19.587 INFO [main] org.apache.catalina.startup.VersionLoggerListener.log Java Home:             C:\Program Files\Java\jdk-25.0.2
16-Mar-2026 20:45:19.587 INFO [main] org.apache.catalina.startup.VersionLoggerListener.log JVM Version:           25.0.2+10-LTS-69
16-Mar-2026 20:45:19.587 INFO [main] org.apache.catalina.startup.VersionLoggerListener.log JVM Vendor:            Oracle Corporation
16-Mar-2026 20:45:19.587 INFO [main] org.apache.catalina.startup.VersionLoggerListener.log CATALINA_BASE:         D:\STUDY\Website-projects\Talksy-chat-app\Backend\apache-tomcat-10.1.52\apache-tomcat-10.1.52
16-Mar-2026 20:45:19.587 INFO [main] org.apache.catalina.startup.VersionLoggerListener.log CATALINA_HOME:         D:\STUDY\Website-projects\Talksy-chat-app\Backend\apache-tomcat-10.1.52\apache-tomcat-10.1.52
16-Mar-2026 20:45:19.627 INFO [main] org.apache.catalina.startup.VersionLoggerListener.log Command line argument: -Djava.util.logging.config.file=D:\STUDY\Website-projects\Talksy-chat-app\Backend\apache-tomcat-10.1.52\apache-tomcat-10.1.52\conf\logging.properties
16-Mar-2026 20:45:19.628 INFO [main] org.apache.catalina.startup.VersionLoggerListener.log Command line argument: -Djava.util.logging.manager=org.apache.juli.ClassLoaderLogManager
16-Mar-2026 20:45:19.629 INFO [main] org.apache.catalina.startup.VersionLoggerListener.log Command line argument: -Djdk.tls.ephemeralDHKeySize=2048
16-Mar-2026 20:45:19.629 INFO [main] org.apache.catalina.startup.VersionLoggerListener.log Command line argument: -Djava.protocol.handler.pkgs=org.apache.catalina.webresources
16-Mar-2026 20:45:19.629 INFO [main] org.apache.catalina.startup.VersionLoggerListener.log Command line argument: -Dsun.io.useCanonCaches=false
16-Mar-2026 20:45:19.631 INFO [main] org.apache.catalina.startup.VersionLoggerListener.log Command line argument: --add-opens=java.base/java.lang=ALL-UNNAMED
16-Mar-2026 20:45:19.631 INFO [main] org.apache.catalina.startup.VersionLoggerListener.log Command line argument: --add-opens=java.base/java.lang.reflect=ALL-UNNAMED
16-Mar-2026 20:45:19.632 INFO [main] org.apache.catalina.startup.VersionLoggerListener.log Command line argument: --add-opens=java.base/java.io=ALL-UNNAMED
16-Mar-2026 20:45:19.633 INFO [main] org.apache.catalina.startup.VersionLoggerListener.log Command line argument: --add-opens=java.base/java.util=ALL-UNNAMED
16-Mar-2026 20:45:19.633 INFO [main] org.apache.catalina.startup.VersionLoggerListener.log Command line argument: --add-opens=java.base/java.util.concurrent=ALL-UNNAMED
16-Mar-2026 20:45:19.634 INFO [main] org.apache.catalina.startup.VersionLoggerListener.log Command line argument: --add-opens=java.rmi/sun.rmi.transport=ALL-UNNAMED
16-Mar-2026 20:45:19.634 INFO [main] org.apache.catalina.startup.VersionLoggerListener.log Command line argument: -Dcatalina.base=D:\STUDY\Website-projects\Talksy-chat-app\Backend\apache-tomcat-10.1.52\apache-tomcat-10.1.52
16-Mar-2026 20:45:19.635 INFO [main] org.apache.catalina.startup.VersionLoggerListener.log Command line argument: -Dcatalina.home=D:\STUDY\Website-projects\Talksy-chat-app\Backend\apache-tomcat-10.1.52\apache-tomcat-10.1.52
16-Mar-2026 20:45:19.635 INFO [main] org.apache.catalina.startup.VersionLoggerListener.log Command line argument: -Djava.io.tmpdir=D:\STUDY\Website-projects\Talksy-chat-app\Backend\apache-tomcat-10.1.52\apache-tomcat-10.1.52\temp
16-Mar-2026 20:45:19.692 INFO [main] org.apache.catalina.core.AprLifecycleListener.lifecycleEvent The Apache Tomcat Native library which allows using OpenSSL was not found on the java.library.path: [C:\Program Files\Java\jdk-25.0.2\bin;C:\WINDOWS\Sun\Java\bin;C:\WINDOWS\system32;C:\WINDOWS;C:\Program Files\Common Files\Oracle\Java\javapath;C:\WINDOWS\system32;C:\WINDOWS;C:\WINDOWS\System32\Wbem;C:\WINDOWS\System32\WindowsPowerShell\v1.0\;C:\WINDOWS\System32\OpenSSH\;C:\ProgramData\chocolatey\bin;C:\Program Files (x86)\Microsoft SQL Server\100\Tools\Binn\;C:\Program Files\Microsoft SQL Server\100\Tools\Binn\;C:\Program Files\Microsoft SQL Server\100\DTS\Binn\;C:\Program Files\nodejs\;C:\Program Files\Java\jdk-25.0.2\bin;C:\Program Files\MySQL\MySQL Shell 8.0\bin\;C:\Users\HP\AppData\Local\Microsoft\WindowsApps;C:\Users\HP\AppData\Local\Programs\Microsoft VS Code\bin;C:\Users\HP\AppData\Local\Programs\Antigravity\bin;C:\Users\HP\AppData\Roaming\npm;.]
16-Mar-2026 20:45:20.164 INFO [main] org.apache.coyote.AbstractProtocol.init Initializing ProtocolHandler ["http-nio-8080"]
16-Mar-2026 20:45:20.207 INFO [main] org.apache.catalina.startup.Catalina.load Server initialization in [983] milliseconds
16-Mar-2026 20:45:20.290 INFO [main] org.apache.catalina.core.StandardService.startInternal Starting service [Catalina]
16-Mar-2026 20:45:20.291 INFO [main] org.apache.catalina.core.StandardEngine.startInternal Starting Servlet engine: [Apache Tomcat/10.1.52]
16-Mar-2026 20:45:20.308 INFO [main] org.apache.catalina.startup.HostConfig.deployDirectory Deploying web application directory [D:\STUDY\Website-projects\Talksy-chat-app\Backend\apache-tomcat-10.1.52\apache-tomcat-10.1.52\webapps\chatapp]
16-Mar-2026 20:45:21.081 INFO [main] org.apache.jasper.servlet.TldScanner.scanJars At least one JAR was scanned for TLDs yet contained no TLDs. Enable debug logging for this logger for a complete list of JARs that were scanned but no TLDs were found in them. Skipping unneeded JARs during scanning can improve startup time and JSP compilation time.
16-Mar-2026 20:45:21.176 INFO [main] org.apache.catalina.startup.HostConfig.deployDirectory Deployment of web application directory [D:\STUDY\Website-projects\Talksy-chat-app\Backend\apache-tomcat-10.1.52\apache-tomcat-10.1.52\webapps\chatapp] has finished in [864] ms
16-Mar-2026 20:45:21.177 INFO [main] org.apache.catalina.startup.HostConfig.deployDirectory Deploying web application directory [D:\STUDY\Website-projects\Talksy-chat-app\Backend\apache-tomcat-10.1.52\apache-tomcat-10.1.52\webapps\docs]
16-Mar-2026 20:45:21.434 INFO [main] org.apache.jasper.servlet.TldScanner.scanJars At least one JAR was scanned for TLDs yet contained no TLDs. Enable debug logging for this logger for a complete list of JARs that were scanned but no TLDs were found in them. Skipping unneeded JARs during scanning can improve startup time and JSP compilation time.
16-Mar-2026 20:45:21.441 INFO [main] org.apache.catalina.startup.HostConfig.deployDirectory Deployment of web application directory [D:\STUDY\Website-projects\Talksy-chat-app\Backend\apache-tomcat-10.1.52\apache-tomcat-10.1.52\webapps\docs] has finished in [264] ms
16-Mar-2026 20:45:21.442 INFO [main] org.apache.catalina.startup.HostConfig.deployDirectory Deploying web application directory [D:\STUDY\Website-projects\Talksy-chat-app\Backend\apache-tomcat-10.1.52\apache-tomcat-10.1.52\webapps\examples]
16-Mar-2026 20:45:22.247 INFO [main] org.apache.jasper.servlet.TldScanner.scanJars At least one JAR was scanned for TLDs yet contained no TLDs. Enable debug logging for this logger for a complete list of JARs that were scanned but no TLDs were found in them. Skipping unneeded JARs during scanning can improve startup time and JSP compilation time.
16-Mar-2026 20:45:22.300 INFO [main] org.apache.catalina.startup.HostConfig.deployDirectory Deployment of web application directory [D:\STUDY\Website-projects\Talksy-chat-app\Backend\apache-tomcat-10.1.52\apache-tomcat-10.1.52\webapps\examples] has finished in [858] ms
16-Mar-2026 20:45:22.301 INFO [main] org.apache.catalina.startup.HostConfig.deployDirectory Deploying web application directory [D:\STUDY\Website-projects\Talksy-chat-app\Backend\apache-tomcat-10.1.52\apache-tomcat-10.1.52\webapps\host-manager]
16-Mar-2026 20:45:22.573 INFO [main] org.apache.jasper.servlet.TldScanner.scanJars At least one JAR was scanned for TLDs yet contained no TLDs. Enable debug logging for this logger for a complete list of JARs that were scanned but no TLDs were found in them. Skipping unneeded JARs during scanning can improve startup time and JSP compilation time.
16-Mar-2026 20:45:22.590 INFO [main] org.apache.catalina.startup.HostConfig.deployDirectory Deployment of web application directory [D:\STUDY\Website-projects\Talksy-chat-app\Backend\apache-tomcat-10.1.52\apache-tomcat-10.1.52\webapps\host-manager] has finished in [289] ms
16-Mar-2026 20:45:22.591 INFO [main] org.apache.catalina.startup.HostConfig.deployDirectory Deploying web application directory [D:\STUDY\Website-projects\Talksy-chat-app\Backend\apache-tomcat-10.1.52\apache-tomcat-10.1.52\webapps\manager]
16-Mar-2026 20:45:22.849 INFO [main] org.apache.jasper.servlet.TldScanner.scanJars At least one JAR was scanned for TLDs yet contained no TLDs. Enable debug logging for this logger for a complete list of JARs that were scanned but no TLDs were found in them. Skipping unneeded JARs during scanning can improve startup time and JSP compilation time.
16-Mar-2026 20:45:22.855 INFO [main] org.apache.catalina.startup.HostConfig.deployDirectory Deployment of web application directory [D:\STUDY\Website-projects\Talksy-chat-app\Backend\apache-tomcat-10.1.52\apache-tomcat-10.1.52\webapps\manager] has finished in [263] ms
16-Mar-2026 20:45:22.855 INFO [main] org.apache.catalina.startup.HostConfig.deployDirectory Deploying web application directory [D:\STUDY\Website-projects\Talksy-chat-app\Backend\apache-tomcat-10.1.52\apache-tomcat-10.1.52\webapps\ROOT]
16-Mar-2026 20:45:23.085 INFO [main] org.apache.jasper.servlet.TldScanner.scanJars At least one JAR was scanned for TLDs yet contained no TLDs. Enable debug logging for this logger for a complete list of JARs that were scanned but no TLDs were found in them. Skipping unneeded JARs during scanning can improve startup time and JSP compilation time.
16-Mar-2026 20:45:23.089 INFO [main] org.apache.catalina.startup.HostConfig.deployDirectory Deployment of web application directory [D:\STUDY\Website-projects\Talksy-chat-app\Backend\apache-tomcat-10.1.52\apache-tomcat-10.1.52\webapps\ROOT] has finished in [234] ms
16-Mar-2026 20:45:23.092 INFO [main] org.apache.coyote.AbstractProtocol.start Starting ProtocolHandler ["http-nio-8080"]
16-Mar-2026 20:45:23.151 INFO [main] org.apache.catalina.startup.Catalina.start Server startup in [2939] milliseconds
16-Mar-2026 20:51:33.560 SEVERE [http-nio-8080-exec-3] org.apache.tomcat.websocket.pojo.PojoEndpointBase.onError No error handling configured for [ChatServer] and the following error occurred
	java.io.EOFException
		at org.apache.tomcat.util.net.NioEndpoint$NioSocketWrapper.fillReadBuffer(NioEndpoint.java:1334)
		at org.apache.tomcat.util.net.NioEndpoint$NioSocketWrapper.read(NioEndpoint.java:1218)
		at org.apache.tomcat.websocket.server.WsFrameServer.onDataAvailable(WsFrameServer.java:74)
		at org.apache.tomcat.websocket.server.WsFrameServer.doOnDataAvailable(WsFrameServer.java:184)
		at org.apache.tomcat.websocket.server.WsFrameServer.notifyDataAvailable(WsFrameServer.java:164)
		at org.apache.tomcat.websocket.server.WsHttpUpgradeHandler.upgradeDispatch(WsHttpUpgradeHandler.java:152)
		at org.apache.coyote.http11.upgrade.UpgradeProcessorInternal.dispatch(UpgradeProcessorInternal.java:60)
		at org.apache.coyote.AbstractProcessorLight.process(AbstractProcessorLight.java:57)
		at org.apache.coyote.AbstractProtocol$ConnectionHandler.process(AbstractProtocol.java:903)
		at org.apache.tomcat.util.net.NioEndpoint$SocketProcessor.doRun(NioEndpoint.java:1775)
		at org.apache.tomcat.util.net.SocketProcessorBase.run(SocketProcessorBase.java:52)
		at org.apache.tomcat.util.threads.ThreadPoolExecutor.runWorker(ThreadPoolExecutor.java:973)
		at org.apache.tomcat.util.threads.ThreadPoolExecutor$Worker.run(ThreadPoolExecutor.java:491)
		at org.apache.tomcat.util.threads.TaskThread$WrappingRunnable.run(TaskThread.java:63)
		at java.base/java.lang.Thread.run(Thread.java:1474)
16-Mar-2026 20:51:33.560 SEVERE [http-nio-8080-exec-1] org.apache.tomcat.websocket.pojo.PojoEndpointBase.onError No error handling configured for [ChatServer] and the following error occurred
	java.io.EOFException
		at org.apache.tomcat.util.net.NioEndpoint$NioSocketWrapper.fillReadBuffer(NioEndpoint.java:1334)
		at org.apache.tomcat.util.net.NioEndpoint$NioSocketWrapper.read(NioEndpoint.java:1218)
		at org.apache.tomcat.websocket.server.WsFrameServer.onDataAvailable(WsFrameServer.java:74)
		at org.apache.tomcat.websocket.server.WsFrameServer.doOnDataAvailable(WsFrameServer.java:184)
		at org.apache.tomcat.websocket.server.WsFrameServer.notifyDataAvailable(WsFrameServer.java:164)
		at org.apache.tomcat.websocket.server.WsHttpUpgradeHandler.upgradeDispatch(WsHttpUpgradeHandler.java:152)
		at org.apache.coyote.http11.upgrade.UpgradeProcessorInternal.dispatch(UpgradeProcessorInternal.java:60)
		at org.apache.coyote.AbstractProcessorLight.process(AbstractProcessorLight.java:57)
		at org.apache.coyote.AbstractProtocol$ConnectionHandler.process(AbstractProtocol.java:903)
		at org.apache.tomcat.util.net.NioEndpoint$SocketProcessor.doRun(NioEndpoint.java:1775)
		at org.apache.tomcat.util.net.SocketProcessorBase.run(SocketProcessorBase.java:52)
		at org.apache.tomcat.util.threads.ThreadPoolExecutor.runWorker(ThreadPoolExecutor.java:973)
		at org.apache.tomcat.util.threads.ThreadPoolExecutor$Worker.run(ThreadPoolExecutor.java:491)
		at org.apache.tomcat.util.threads.TaskThread$WrappingRunnable.run(TaskThread.java:63)
		at java.base/java.lang.Thread.run(Thread.java:1474)
16-Mar-2026 20:51:33.560 SEVERE [http-nio-8080-exec-4] org.apache.tomcat.websocket.pojo.PojoEndpointBase.onError No error handling configured for [ChatServer] and the following error occurred
	java.io.EOFException
		at org.apache.tomcat.util.net.NioEndpoint$NioSocketWrapper.fillReadBuffer(NioEndpoint.java:1334)
		at org.apache.tomcat.util.net.NioEndpoint$NioSocketWrapper.read(NioEndpoint.java:1218)
		at org.apache.tomcat.websocket.server.WsFrameServer.onDataAvailable(WsFrameServer.java:74)
		at org.apache.tomcat.websocket.server.WsFrameServer.doOnDataAvailable(WsFrameServer.java:184)
		at org.apache.tomcat.websocket.server.WsFrameServer.notifyDataAvailable(WsFrameServer.java:164)
		at org.apache.tomcat.websocket.server.WsHttpUpgradeHandler.upgradeDispatch(WsHttpUpgradeHandler.java:152)
		at org.apache.coyote.http11.upgrade.UpgradeProcessorInternal.dispatch(UpgradeProcessorInternal.java:60)
		at org.apache.coyote.AbstractProcessorLight.process(AbstractProcessorLight.java:57)
		at org.apache.coyote.AbstractProtocol$ConnectionHandler.process(AbstractProtocol.java:903)
		at org.apache.tomcat.util.net.NioEndpoint$SocketProcessor.doRun(NioEndpoint.java:1775)
		at org.apache.tomcat.util.net.SocketProcessorBase.run(SocketProcessorBase.java:52)
		at org.apache.tomcat.util.threads.ThreadPoolExecutor.runWorker(ThreadPoolExecutor.java:973)
		at org.apache.tomcat.util.threads.ThreadPoolExecutor$Worker.run(ThreadPoolExecutor.java:491)
		at org.apache.tomcat.util.threads.TaskThread$WrappingRunnable.run(TaskThread.java:63)
		at java.base/java.lang.Thread.run(Thread.java:1474)
16-Mar-2026 20:57:23.130 SEVERE [http-nio-8080-exec-5] org.apache.tomcat.websocket.pojo.PojoEndpointBase.onError No error handling configured for [ChatServer] and the following error occurred
	java.io.EOFException
		at org.apache.tomcat.util.net.NioEndpoint$NioSocketWrapper.fillReadBuffer(NioEndpoint.java:1334)
		at org.apache.tomcat.util.net.NioEndpoint$NioSocketWrapper.read(NioEndpoint.java:1218)
		at org.apache.tomcat.websocket.server.WsFrameServer.onDataAvailable(WsFrameServer.java:74)
		at org.apache.tomcat.websocket.server.WsFrameServer.doOnDataAvailable(WsFrameServer.java:184)
		at org.apache.tomcat.websocket.server.WsFrameServer.notifyDataAvailable(WsFrameServer.java:164)
		at org.apache.tomcat.websocket.server.WsHttpUpgradeHandler.upgradeDispatch(WsHttpUpgradeHandler.java:152)
		at org.apache.coyote.http11.upgrade.UpgradeProcessorInternal.dispatch(UpgradeProcessorInternal.java:60)
		at org.apache.coyote.AbstractProcessorLight.process(AbstractProcessorLight.java:57)
		at org.apache.coyote.AbstractProtocol$ConnectionHandler.process(AbstractProtocol.java:903)
		at org.apache.tomcat.util.net.NioEndpoint$SocketProcessor.doRun(NioEndpoint.java:1775)
		at org.apache.tomcat.util.net.SocketProcessorBase.run(SocketProcessorBase.java:52)
		at org.apache.tomcat.util.threads.ThreadPoolExecutor.runWorker(ThreadPoolExecutor.java:973)
		at org.apache.tomcat.util.threads.ThreadPoolExecutor$Worker.run(ThreadPoolExecutor.java:491)
		at org.apache.tomcat.util.threads.TaskThread$WrappingRunnable.run(TaskThread.java:63)
		at java.base/java.lang.Thread.run(Thread.java:1474)
16-Mar-2026 23:19:50.265 INFO [main] org.apache.catalina.startup.VersionLoggerListener.log Server version name:   Apache Tomcat/10.1.52
16-Mar-2026 23:19:50.269 INFO [main] org.apache.catalina.startup.VersionLoggerListener.log Server built:          Jan 23 2026 19:29:07 UTC
16-Mar-2026 23:19:50.270 INFO [main] org.apache.catalina.startup.VersionLoggerListener.log Server version number: 10.1.52.0
16-Mar-2026 23:19:50.270 INFO [main] org.apache.catalina.startup.VersionLoggerListener.log OS Name:               Windows 11
16-Mar-2026 23:19:50.270 INFO [main] org.apache.catalina.startup.VersionLoggerListener.log OS Version:            10.0
16-Mar-2026 23:19:50.271 INFO [main] org.apache.catalina.startup.VersionLoggerListener.log Architecture:          amd64
16-Mar-2026 23:19:50.271 INFO [main] org.apache.catalina.startup.VersionLoggerListener.log Java Home:             C:\Program Files\Java\jdk-25.0.2
16-Mar-2026 23:19:50.272 INFO [main] org.apache.catalina.startup.VersionLoggerListener.log JVM Version:           25.0.2+10-LTS-69
16-Mar-2026 23:19:50.272 INFO [main] org.apache.catalina.startup.VersionLoggerListener.log JVM Vendor:            Oracle Corporation
16-Mar-2026 23:19:50.272 INFO [main] org.apache.catalina.startup.VersionLoggerListener.log CATALINA_BASE:         D:\STUDY\Website-projects\Talksy-chat-app\Backend\apache-tomcat-10.1.52\apache-tomcat-10.1.52
16-Mar-2026 23:19:50.273 INFO [main] org.apache.catalina.startup.VersionLoggerListener.log CATALINA_HOME:         D:\STUDY\Website-projects\Talksy-chat-app\Backend\apache-tomcat-10.1.52\apache-tomcat-10.1.52
16-Mar-2026 23:19:50.299 INFO [main] org.apache.catalina.startup.VersionLoggerListener.log Command line argument: -Djava.util.logging.config.file=D:\STUDY\Website-projects\Talksy-chat-app\Backend\apache-tomcat-10.1.52\apache-tomcat-10.1.52\conf\logging.properties
16-Mar-2026 23:19:50.300 INFO [main] org.apache.catalina.startup.VersionLoggerListener.log Command line argument: -Djava.util.logging.manager=org.apache.juli.ClassLoaderLogManager
16-Mar-2026 23:19:50.300 INFO [main] org.apache.catalina.startup.VersionLoggerListener.log Command line argument: -Djdk.tls.ephemeralDHKeySize=2048
16-Mar-2026 23:19:50.300 INFO [main] org.apache.catalina.startup.VersionLoggerListener.log Command line argument: -Djava.protocol.handler.pkgs=org.apache.catalina.webresources
16-Mar-2026 23:19:50.301 INFO [main] org.apache.catalina.startup.VersionLoggerListener.log Command line argument: -Dsun.io.useCanonCaches=false
16-Mar-2026 23:19:50.301 INFO [main] org.apache.catalina.startup.VersionLoggerListener.log Command line argument: --add-opens=java.base/java.lang=ALL-UNNAMED
16-Mar-2026 23:19:50.301 INFO [main] org.apache.catalina.startup.VersionLoggerListener.log Command line argument: --add-opens=java.base/java.lang.reflect=ALL-UNNAMED
16-Mar-2026 23:19:50.301 INFO [main] org.apache.catalina.startup.VersionLoggerListener.log Command line argument: --add-opens=java.base/java.io=ALL-UNNAMED
16-Mar-2026 23:19:50.301 INFO [main] org.apache.catalina.startup.VersionLoggerListener.log Command line argument: --add-opens=java.base/java.util=ALL-UNNAMED
16-Mar-2026 23:19:50.301 INFO [main] org.apache.catalina.startup.VersionLoggerListener.log Command line argument: --add-opens=java.base/java.util.concurrent=ALL-UNNAMED
16-Mar-2026 23:19:50.302 INFO [main] org.apache.catalina.startup.VersionLoggerListener.log Command line argument: --add-opens=java.rmi/sun.rmi.transport=ALL-UNNAMED
16-Mar-2026 23:19:50.302 INFO [main] org.apache.catalina.startup.VersionLoggerListener.log Command line argument: -Dcatalina.base=D:\STUDY\Website-projects\Talksy-chat-app\Backend\apache-tomcat-10.1.52\apache-tomcat-10.1.52
16-Mar-2026 23:19:50.302 INFO [main] org.apache.catalina.startup.VersionLoggerListener.log Command line argument: -Dcatalina.home=D:\STUDY\Website-projects\Talksy-chat-app\Backend\apache-tomcat-10.1.52\apache-tomcat-10.1.52
16-Mar-2026 23:19:50.302 INFO [main] org.apache.catalina.startup.VersionLoggerListener.log Command line argument: -Djava.io.tmpdir=D:\STUDY\Website-projects\Talksy-chat-app\Backend\apache-tomcat-10.1.52\apache-tomcat-10.1.52\temp
16-Mar-2026 23:19:50.314 INFO [main] org.apache.catalina.core.AprLifecycleListener.lifecycleEvent The Apache Tomcat Native library which allows using OpenSSL was not found on the java.library.path: [C:\Program Files\Java\jdk-25.0.2\bin;C:\WINDOWS\Sun\Java\bin;C:\WINDOWS\system32;C:\WINDOWS;C:\Program Files\Common Files\Oracle\Java\javapath;C:\WINDOWS\system32;C:\WINDOWS;C:\WINDOWS\System32\Wbem;C:\WINDOWS\System32\WindowsPowerShell\v1.0\;C:\WINDOWS\System32\OpenSSH\;C:\ProgramData\chocolatey\bin;C:\Program Files (x86)\Microsoft SQL Server\100\Tools\Binn\;C:\Program Files\Microsoft SQL Server\100\Tools\Binn\;C:\Program Files\Microsoft SQL Server\100\DTS\Binn\;C:\Program Files\nodejs\;C:\Program Files\Java\jdk-25.0.2\bin;C:\Program Files\MySQL\MySQL Shell 8.0\bin\;C:\Users\HP\AppData\Local\Microsoft\WindowsApps;C:\Users\HP\AppData\Local\Programs\Microsoft VS Code\bin;C:\Users\HP\AppData\Local\Programs\Antigravity\bin;C:\Users\HP\AppData\Roaming\npm;.]
16-Mar-2026 23:19:50.599 INFO [main] org.apache.coyote.AbstractProtocol.init Initializing ProtocolHandler ["http-nio-8080"]
16-Mar-2026 23:19:50.633 INFO [main] org.apache.catalina.startup.Catalina.load Server initialization in [561] milliseconds
16-Mar-2026 23:19:50.688 INFO [main] org.apache.catalina.core.StandardService.startInternal Starting service [Catalina]
16-Mar-2026 23:19:50.689 INFO [main] org.apache.catalina.core.StandardEngine.startInternal Starting Servlet engine: [Apache Tomcat/10.1.52]
16-Mar-2026 23:19:50.698 INFO [main] org.apache.catalina.startup.HostConfig.deployDirectory Deploying web application directory [D:\STUDY\Website-projects\Talksy-chat-app\Backend\apache-tomcat-10.1.52\apache-tomcat-10.1.52\webapps\chatapp]
16-Mar-2026 23:19:51.294 INFO [main] org.apache.jasper.servlet.TldScanner.scanJars At least one JAR was scanned for TLDs yet contained no TLDs. Enable debug logging for this logger for a complete list of JARs that were scanned but no TLDs were found in them. Skipping unneeded JARs during scanning can improve startup time and JSP compilation time.
16-Mar-2026 23:19:51.355 INFO [main] org.apache.catalina.startup.HostConfig.deployDirectory Deployment of web application directory [D:\STUDY\Website-projects\Talksy-chat-app\Backend\apache-tomcat-10.1.52\apache-tomcat-10.1.52\webapps\chatapp] has finished in [652] ms
16-Mar-2026 23:19:51.356 INFO [main] org.apache.catalina.startup.HostConfig.deployDirectory Deploying web application directory [D:\STUDY\Website-projects\Talksy-chat-app\Backend\apache-tomcat-10.1.52\apache-tomcat-10.1.52\webapps\docs]
16-Mar-2026 23:19:51.587 INFO [main] org.apache.jasper.servlet.TldScanner.scanJars At least one JAR was scanned for TLDs yet contained no TLDs. Enable debug logging for this logger for a complete list of JARs that were scanned but no TLDs were found in them. Skipping unneeded JARs during scanning can improve startup time and JSP compilation time.
16-Mar-2026 23:19:51.594 INFO [main] org.apache.catalina.startup.HostConfig.deployDirectory Deployment of web application directory [D:\STUDY\Website-projects\Talksy-chat-app\Backend\apache-tomcat-10.1.52\apache-tomcat-10.1.52\webapps\docs] has finished in [237] ms
16-Mar-2026 23:19:51.595 INFO [main] org.apache.catalina.startup.HostConfig.deployDirectory Deploying web application directory [D:\STUDY\Website-projects\Talksy-chat-app\Backend\apache-tomcat-10.1.52\apache-tomcat-10.1.52\webapps\examples]
16-Mar-2026 23:19:52.287 INFO [main] org.apache.jasper.servlet.TldScanner.scanJars At least one JAR was scanned for TLDs yet contained no TLDs. Enable debug logging for this logger for a complete list of JARs that were scanned but no TLDs were found in them. Skipping unneeded JARs during scanning can improve startup time and JSP compilation time.
16-Mar-2026 23:19:52.326 INFO [main] org.apache.catalina.startup.HostConfig.deployDirectory Deployment of web application directory [D:\STUDY\Website-projects\Talksy-chat-app\Backend\apache-tomcat-10.1.52\apache-tomcat-10.1.52\webapps\examples] has finished in [732] ms
16-Mar-2026 23:19:52.326 INFO [main] org.apache.catalina.startup.HostConfig.deployDirectory Deploying web application directory [D:\STUDY\Website-projects\Talksy-chat-app\Backend\apache-tomcat-10.1.52\apache-tomcat-10.1.52\webapps\host-manager]
16-Mar-2026 23:19:52.544 INFO [main] org.apache.jasper.servlet.TldScanner.scanJars At least one JAR was scanned for TLDs yet contained no TLDs. Enable debug logging for this logger for a complete list of JARs that were scanned but no TLDs were found in them. Skipping unneeded JARs during scanning can improve startup time and JSP compilation time.
16-Mar-2026 23:19:52.557 INFO [main] org.apache.catalina.startup.HostConfig.deployDirectory Deployment of web application directory [D:\STUDY\Website-projects\Talksy-chat-app\Backend\apache-tomcat-10.1.52\apache-tomcat-10.1.52\webapps\host-manager] has finished in [231] ms
16-Mar-2026 23:19:52.557 INFO [main] org.apache.catalina.startup.HostConfig.deployDirectory Deploying web application directory [D:\STUDY\Website-projects\Talksy-chat-app\Backend\apache-tomcat-10.1.52\apache-tomcat-10.1.52\webapps\manager]
16-Mar-2026 23:19:52.757 INFO [main] org.apache.jasper.servlet.TldScanner.scanJars At least one JAR was scanned for TLDs yet contained no TLDs. Enable debug logging for this logger for a complete list of JARs that were scanned but no TLDs were found in them. Skipping unneeded JARs during scanning can improve startup time and JSP compilation time.
16-Mar-2026 23:19:52.762 INFO [main] org.apache.catalina.startup.HostConfig.deployDirectory Deployment of web application directory [D:\STUDY\Website-projects\Talksy-chat-app\Backend\apache-tomcat-10.1.52\apache-tomcat-10.1.52\webapps\manager] has finished in [205] ms
16-Mar-2026 23:19:52.762 INFO [main] org.apache.catalina.startup.HostConfig.deployDirectory Deploying web application directory [D:\STUDY\Website-projects\Talksy-chat-app\Backend\apache-tomcat-10.1.52\apache-tomcat-10.1.52\webapps\ROOT]
16-Mar-2026 23:19:52.945 INFO [main] org.apache.jasper.servlet.TldScanner.scanJars At least one JAR was scanned for TLDs yet contained no TLDs. Enable debug logging for this logger for a complete list of JARs that were scanned but no TLDs were found in them. Skipping unneeded JARs during scanning can improve startup time and JSP compilation time.
16-Mar-2026 23:19:52.949 INFO [main] org.apache.catalina.startup.HostConfig.deployDirectory Deployment of web application directory [D:\STUDY\Website-projects\Talksy-chat-app\Backend\apache-tomcat-10.1.52\apache-tomcat-10.1.52\webapps\ROOT] has finished in [187] ms
16-Mar-2026 23:19:52.951 INFO [main] org.apache.coyote.AbstractProtocol.start Starting ProtocolHandler ["http-nio-8080"]
16-Mar-2026 23:19:52.983 INFO [main] org.apache.catalina.startup.Catalina.start Server startup in [2347] milliseconds
16-Mar-2026 23:29:00.974 INFO [main] org.apache.catalina.startup.VersionLoggerListener.log Server version name:   Apache Tomcat/10.1.52
16-Mar-2026 23:29:00.981 INFO [main] org.apache.catalina.startup.VersionLoggerListener.log Server built:          Jan 23 2026 19:29:07 UTC
16-Mar-2026 23:29:00.982 INFO [main] org.apache.catalina.startup.VersionLoggerListener.log Server version number: 10.1.52.0
16-Mar-2026 23:29:00.983 INFO [main] org.apache.catalina.startup.VersionLoggerListener.log OS Name:               Windows 11
16-Mar-2026 23:29:00.983 INFO [main] org.apache.catalina.startup.VersionLoggerListener.log OS Version:            10.0
16-Mar-2026 23:29:00.983 INFO [main] org.apache.catalina.startup.VersionLoggerListener.log Architecture:          amd64
16-Mar-2026 23:29:00.984 INFO [main] org.apache.catalina.startup.VersionLoggerListener.log Java Home:             C:\Program Files\Java\jdk-25.0.2
16-Mar-2026 23:29:00.984 INFO [main] org.apache.catalina.startup.VersionLoggerListener.log JVM Version:           25.0.2+10-LTS-69
16-Mar-2026 23:29:00.984 INFO [main] org.apache.catalina.startup.VersionLoggerListener.log JVM Vendor:            Oracle Corporation
16-Mar-2026 23:29:00.985 INFO [main] org.apache.catalina.startup.VersionLoggerListener.log CATALINA_BASE:         D:\STUDY\Website-projects\Talksy-chat-app\Backend\apache-tomcat-10.1.52\apache-tomcat-10.1.52
16-Mar-2026 23:29:00.985 INFO [main] org.apache.catalina.startup.VersionLoggerListener.log CATALINA_HOME:         D:\STUDY\Website-projects\Talksy-chat-app\Backend\apache-tomcat-10.1.52\apache-tomcat-10.1.52
16-Mar-2026 23:29:01.013 INFO [main] org.apache.catalina.startup.VersionLoggerListener.log Command line argument: -Djava.util.logging.config.file=D:\STUDY\Website-projects\Talksy-chat-app\Backend\apache-tomcat-10.1.52\apache-tomcat-10.1.52\conf\logging.properties
16-Mar-2026 23:29:01.014 INFO [main] org.apache.catalina.startup.VersionLoggerListener.log Command line argument: -Djava.util.logging.manager=org.apache.juli.ClassLoaderLogManager
16-Mar-2026 23:29:01.014 INFO [main] org.apache.catalina.startup.VersionLoggerListener.log Command line argument: -Djdk.tls.ephemeralDHKeySize=2048
16-Mar-2026 23:29:01.014 INFO [main] org.apache.catalina.startup.VersionLoggerListener.log Command line argument: -Djava.protocol.handler.pkgs=org.apache.catalina.webresources
16-Mar-2026 23:29:01.014 INFO [main] org.apache.catalina.startup.VersionLoggerListener.log Command line argument: -Dsun.io.useCanonCaches=false
16-Mar-2026 23:29:01.016 INFO [main] org.apache.catalina.startup.VersionLoggerListener.log Command line argument: --add-opens=java.base/java.lang=ALL-UNNAMED
16-Mar-2026 23:29:01.016 INFO [main] org.apache.catalina.startup.VersionLoggerListener.log Command line argument: --add-opens=java.base/java.lang.reflect=ALL-UNNAMED
16-Mar-2026 23:29:01.016 INFO [main] org.apache.catalina.startup.VersionLoggerListener.log Command line argument: --add-opens=java.base/java.io=ALL-UNNAMED
16-Mar-2026 23:29:01.017 INFO [main] org.apache.catalina.startup.VersionLoggerListener.log Command line argument: --add-opens=java.base/java.util=ALL-UNNAMED
16-Mar-2026 23:29:01.017 INFO [main] org.apache.catalina.startup.VersionLoggerListener.log Command line argument: --add-opens=java.base/java.util.concurrent=ALL-UNNAMED
16-Mar-2026 23:29:01.017 INFO [main] org.apache.catalina.startup.VersionLoggerListener.log Command line argument: --add-opens=java.rmi/sun.rmi.transport=ALL-UNNAMED
16-Mar-2026 23:29:01.017 INFO [main] org.apache.catalina.startup.VersionLoggerListener.log Command line argument: -Dcatalina.base=D:\STUDY\Website-projects\Talksy-chat-app\Backend\apache-tomcat-10.1.52\apache-tomcat-10.1.52
16-Mar-2026 23:29:01.018 INFO [main] org.apache.catalina.startup.VersionLoggerListener.log Command line argument: -Dcatalina.home=D:\STUDY\Website-projects\Talksy-chat-app\Backend\apache-tomcat-10.1.52\apache-tomcat-10.1.52
16-Mar-2026 23:29:01.018 INFO [main] org.apache.catalina.startup.VersionLoggerListener.log Command line argument: -Djava.io.tmpdir=D:\STUDY\Website-projects\Talksy-chat-app\Backend\apache-tomcat-10.1.52\apache-tomcat-10.1.52\temp
16-Mar-2026 23:29:01.031 INFO [main] org.apache.catalina.core.AprLifecycleListener.lifecycleEvent The Apache Tomcat Native library which allows using OpenSSL was not found on the java.library.path: [C:\Program Files\Java\jdk-25.0.2\bin;C:\WINDOWS\Sun\Java\bin;C:\WINDOWS\system32;C:\WINDOWS;C:\Program Files\Common Files\Oracle\Java\javapath;C:\WINDOWS\system32;C:\WINDOWS;C:\WINDOWS\System32\Wbem;C:\WINDOWS\System32\WindowsPowerShell\v1.0\;C:\WINDOWS\System32\OpenSSH\;C:\ProgramData\chocolatey\bin;C:\Program Files (x86)\Microsoft SQL Server\100\Tools\Binn\;C:\Program Files\Microsoft SQL Server\100\Tools\Binn\;C:\Program Files\Microsoft SQL Server\100\DTS\Binn\;C:\Program Files\nodejs\;C:\Program Files\Java\jdk-25.0.2\bin;C:\Program Files\MySQL\MySQL Shell 8.0\bin\;C:\Users\HP\AppData\Local\Microsoft\WindowsApps;C:\Users\HP\AppData\Local\Programs\Microsoft VS Code\bin;C:\Users\HP\AppData\Local\Programs\Antigravity\bin;C:\Users\HP\AppData\Roaming\npm;.]
16-Mar-2026 23:29:01.471 INFO [main] org.apache.coyote.AbstractProtocol.init Initializing ProtocolHandler ["http-nio-8080"]
16-Mar-2026 23:29:01.514 INFO [main] org.apache.catalina.startup.Catalina.load Server initialization in [1013] milliseconds
16-Mar-2026 23:29:01.607 INFO [main] org.apache.catalina.core.StandardService.startInternal Starting service [Catalina]
16-Mar-2026 23:29:01.609 INFO [main] org.apache.catalina.core.StandardEngine.startInternal Starting Servlet engine: [Apache Tomcat/10.1.52]
16-Mar-2026 23:29:01.634 INFO [main] org.apache.catalina.startup.HostConfig.deployDirectory Deploying web application directory [D:\STUDY\Website-projects\Talksy-chat-app\Backend\apache-tomcat-10.1.52\apache-tomcat-10.1.52\webapps\chatapp]
16-Mar-2026 23:29:02.786 INFO [main] org.apache.jasper.servlet.TldScanner.scanJars At least one JAR was scanned for TLDs yet contained no TLDs. Enable debug logging for this logger for a complete list of JARs that were scanned but no TLDs were found in them. Skipping unneeded JARs during scanning can improve startup time and JSP compilation time.
16-Mar-2026 23:29:03.077 INFO [main] org.apache.catalina.startup.HostConfig.deployDirectory Deployment of web application directory [D:\STUDY\Website-projects\Talksy-chat-app\Backend\apache-tomcat-10.1.52\apache-tomcat-10.1.52\webapps\chatapp] has finished in [1,435] ms
16-Mar-2026 23:29:03.080 INFO [main] org.apache.catalina.startup.HostConfig.deployDirectory Deploying web application directory [D:\STUDY\Website-projects\Talksy-chat-app\Backend\apache-tomcat-10.1.52\apache-tomcat-10.1.52\webapps\docs]
16-Mar-2026 23:29:03.598 INFO [main] org.apache.jasper.servlet.TldScanner.scanJars At least one JAR was scanned for TLDs yet contained no TLDs. Enable debug logging for this logger for a complete list of JARs that were scanned but no TLDs were found in them. Skipping unneeded JARs during scanning can improve startup time and JSP compilation time.
16-Mar-2026 23:29:03.607 INFO [main] org.apache.catalina.startup.HostConfig.deployDirectory Deployment of web application directory [D:\STUDY\Website-projects\Talksy-chat-app\Backend\apache-tomcat-10.1.52\apache-tomcat-10.1.52\webapps\docs] has finished in [526] ms
16-Mar-2026 23:29:03.608 INFO [main] org.apache.catalina.startup.HostConfig.deployDirectory Deploying web application directory [D:\STUDY\Website-projects\Talksy-chat-app\Backend\apache-tomcat-10.1.52\apache-tomcat-10.1.52\webapps\examples]
16-Mar-2026 23:29:04.812 INFO [main] org.apache.jasper.servlet.TldScanner.scanJars At least one JAR was scanned for TLDs yet contained no TLDs. Enable debug logging for this logger for a complete list of JARs that were scanned but no TLDs were found in them. Skipping unneeded JARs during scanning can improve startup time and JSP compilation time.
16-Mar-2026 23:29:04.899 INFO [main] org.apache.catalina.startup.HostConfig.deployDirectory Deployment of web application directory [D:\STUDY\Website-projects\Talksy-chat-app\Backend\apache-tomcat-10.1.52\apache-tomcat-10.1.52\webapps\examples] has finished in [1,292] ms
16-Mar-2026 23:29:04.900 INFO [main] org.apache.catalina.startup.HostConfig.deployDirectory Deploying web application directory [D:\STUDY\Website-projects\Talksy-chat-app\Backend\apache-tomcat-10.1.52\apache-tomcat-10.1.52\webapps\host-manager]
16-Mar-2026 23:29:05.374 INFO [main] org.apache.jasper.servlet.TldScanner.scanJars At least one JAR was scanned for TLDs yet contained no TLDs. Enable debug logging for this logger for a complete list of JARs that were scanned but no TLDs were found in them. Skipping unneeded JARs during scanning can improve startup time and JSP compilation time.
16-Mar-2026 23:29:05.397 INFO [main] org.apache.catalina.startup.HostConfig.deployDirectory Deployment of web application directory [D:\STUDY\Website-projects\Talksy-chat-app\Backend\apache-tomcat-10.1.52\apache-tomcat-10.1.52\webapps\host-manager] has finished in [497] ms
16-Mar-2026 23:29:05.398 INFO [main] org.apache.catalina.startup.HostConfig.deployDirectory Deploying web application directory [D:\STUDY\Website-projects\Talksy-chat-app\Backend\apache-tomcat-10.1.52\apache-tomcat-10.1.52\webapps\manager]
16-Mar-2026 23:29:05.844 INFO [main] org.apache.jasper.servlet.TldScanner.scanJars At least one JAR was scanned for TLDs yet contained no TLDs. Enable debug logging for this logger for a complete list of JARs that were scanned but no TLDs were found in them. Skipping unneeded JARs during scanning can improve startup time and JSP compilation time.
16-Mar-2026 23:29:05.850 INFO [main] org.apache.catalina.startup.HostConfig.deployDirectory Deployment of web application directory [D:\STUDY\Website-projects\Talksy-chat-app\Backend\apache-tomcat-10.1.52\apache-tomcat-10.1.52\webapps\manager] has finished in [452] ms
16-Mar-2026 23:29:05.850 INFO [main] org.apache.catalina.startup.HostConfig.deployDirectory Deploying web application directory [D:\STUDY\Website-projects\Talksy-chat-app\Backend\apache-tomcat-10.1.52\apache-tomcat-10.1.52\webapps\ROOT]
16-Mar-2026 23:29:06.093 INFO [main] org.apache.jasper.servlet.TldScanner.scanJars At least one JAR was scanned for TLDs yet contained no TLDs. Enable debug logging for this logger for a complete list of JARs that were scanned but no TLDs were found in them. Skipping unneeded JARs during scanning can improve startup time and JSP compilation time.
16-Mar-2026 23:29:06.096 INFO [main] org.apache.catalina.startup.HostConfig.deployDirectory Deployment of web application directory [D:\STUDY\Website-projects\Talksy-chat-app\Backend\apache-tomcat-10.1.52\apache-tomcat-10.1.52\webapps\ROOT] has finished in [246] ms
16-Mar-2026 23:29:06.101 INFO [main] org.apache.coyote.AbstractProtocol.start Starting ProtocolHandler ["http-nio-8080"]
16-Mar-2026 23:29:06.135 INFO [main] org.apache.catalina.startup.Catalina.start Server startup in [4617] milliseconds
16-Mar-2026 23:37:11.569 SEVERE [http-nio-8080-exec-10] org.apache.tomcat.websocket.pojo.PojoEndpointBase.onError No error handling configured for [ChatServer] and the following error occurred
	java.io.IOException: java.net.SocketTimeoutException
		at org.apache.tomcat.websocket.WsRemoteEndpointImplBase.sendMessageBlockInternal(WsRemoteEndpointImplBase.java:326)
		at org.apache.tomcat.websocket.WsRemoteEndpointImplBase.sendMessageBlock(WsRemoteEndpointImplBase.java:266)
		at org.apache.tomcat.websocket.WsSession.sendCloseMessage(WsSession.java:777)
		at org.apache.tomcat.websocket.WsSession.onClose(WsSession.java:625)
		at org.apache.tomcat.websocket.WsFrameBase.processDataControl(WsFrameBase.java:349)
		at org.apache.tomcat.websocket.WsFrameBase.processData(WsFrameBase.java:281)
		at org.apache.tomcat.websocket.WsFrameBase.processInputBuffer(WsFrameBase.java:129)
		at org.apache.tomcat.websocket.server.WsFrameServer.onDataAvailable(WsFrameServer.java:85)
		at org.apache.tomcat.websocket.server.WsFrameServer.doOnDataAvailable(WsFrameServer.java:184)
		at org.apache.tomcat.websocket.server.WsFrameServer.notifyDataAvailable(WsFrameServer.java:164)
		at org.apache.tomcat.websocket.server.WsHttpUpgradeHandler.upgradeDispatch(WsHttpUpgradeHandler.java:152)
		at org.apache.coyote.http11.upgrade.UpgradeProcessorInternal.dispatch(UpgradeProcessorInternal.java:60)
		at org.apache.coyote.AbstractProcessorLight.process(AbstractProcessorLight.java:57)
		at org.apache.coyote.AbstractProtocol$ConnectionHandler.process(AbstractProtocol.java:903)
		at org.apache.tomcat.util.net.NioEndpoint$SocketProcessor.doRun(NioEndpoint.java:1775)
		at org.apache.tomcat.util.net.SocketProcessorBase.run(SocketProcessorBase.java:52)
		at org.apache.tomcat.util.threads.ThreadPoolExecutor.runWorker(ThreadPoolExecutor.java:973)
		at org.apache.tomcat.util.threads.ThreadPoolExecutor$Worker.run(ThreadPoolExecutor.java:491)
		at org.apache.tomcat.util.threads.TaskThread$WrappingRunnable.run(TaskThread.java:63)
		at java.base/java.lang.Thread.run(Thread.java:1474)
	Caused by: java.net.SocketTimeoutException
		at org.apache.tomcat.websocket.server.WsRemoteEndpointImplServer.doWrite(WsRemoteEndpointImplServer.java:160)
		at org.apache.tomcat.websocket.WsRemoteEndpointImplBase.writeMessagePart(WsRemoteEndpointImplBase.java:521)
		at org.apache.tomcat.websocket.WsRemoteEndpointImplBase.sendMessageBlockInternal(WsRemoteEndpointImplBase.java:313)
		... 19 more
16-Mar-2026 23:42:27.759 INFO [main] org.apache.catalina.startup.VersionLoggerListener.log Server version name:   Apache Tomcat/10.1.52
16-Mar-2026 23:42:27.763 INFO [main] org.apache.catalina.startup.VersionLoggerListener.log Server built:          Jan 23 2026 19:29:07 UTC
16-Mar-2026 23:42:27.764 INFO [main] org.apache.catalina.startup.VersionLoggerListener.log Server version number: 10.1.52.0
16-Mar-2026 23:42:27.764 INFO [main] org.apache.catalina.startup.VersionLoggerListener.log OS Name:               Windows 11
16-Mar-2026 23:42:27.764 INFO [main] org.apache.catalina.startup.VersionLoggerListener.log OS Version:            10.0
16-Mar-2026 23:42:27.765 INFO [main] org.apache.catalina.startup.VersionLoggerListener.log Architecture:          amd64
16-Mar-2026 23:42:27.765 INFO [main] org.apache.catalina.startup.VersionLoggerListener.log Java Home:             C:\Program Files\Java\jdk-25.0.2
16-Mar-2026 23:42:27.765 INFO [main] org.apache.catalina.startup.VersionLoggerListener.log JVM Version:           25.0.2+10-LTS-69
16-Mar-2026 23:42:27.765 INFO [main] org.apache.catalina.startup.VersionLoggerListener.log JVM Vendor:            Oracle Corporation
16-Mar-2026 23:42:27.766 INFO [main] org.apache.catalina.startup.VersionLoggerListener.log CATALINA_BASE:         D:\STUDY\Website-projects\Talksy-chat-app\Backend\apache-tomcat-10.1.52\apache-tomcat-10.1.52
16-Mar-2026 23:42:27.766 INFO [main] org.apache.catalina.startup.VersionLoggerListener.log CATALINA_HOME:         D:\STUDY\Website-projects\Talksy-chat-app\Backend\apache-tomcat-10.1.52\apache-tomcat-10.1.52
16-Mar-2026 23:42:27.790 INFO [main] org.apache.catalina.startup.VersionLoggerListener.log Command line argument: -Djava.util.logging.config.file=D:\STUDY\Website-projects\Talksy-chat-app\Backend\apache-tomcat-10.1.52\apache-tomcat-10.1.52\conf\logging.properties
16-Mar-2026 23:42:27.791 INFO [main] org.apache.catalina.startup.VersionLoggerListener.log Command line argument: -Djava.util.logging.manager=org.apache.juli.ClassLoaderLogManager
16-Mar-2026 23:42:27.791 INFO [main] org.apache.catalina.startup.VersionLoggerListener.log Command line argument: -Djdk.tls.ephemeralDHKeySize=2048
16-Mar-2026 23:42:27.791 INFO [main] org.apache.catalina.startup.VersionLoggerListener.log Command line argument: -Djava.protocol.handler.pkgs=org.apache.catalina.webresources
16-Mar-2026 23:42:27.792 INFO [main] org.apache.catalina.startup.VersionLoggerListener.log Command line argument: -Dsun.io.useCanonCaches=false
16-Mar-2026 23:42:27.792 INFO [main] org.apache.catalina.startup.VersionLoggerListener.log Command line argument: --add-opens=java.base/java.lang=ALL-UNNAMED
16-Mar-2026 23:42:27.792 INFO [main] org.apache.catalina.startup.VersionLoggerListener.log Command line argument: --add-opens=java.base/java.lang.reflect=ALL-UNNAMED
16-Mar-2026 23:42:27.793 INFO [main] org.apache.catalina.startup.VersionLoggerListener.log Command line argument: --add-opens=java.base/java.io=ALL-UNNAMED
16-Mar-2026 23:42:27.793 INFO [main] org.apache.catalina.startup.VersionLoggerListener.log Command line argument: --add-opens=java.base/java.util=ALL-UNNAMED
16-Mar-2026 23:42:27.793 INFO [main] org.apache.catalina.startup.VersionLoggerListener.log Command line argument: --add-opens=java.base/java.util.concurrent=ALL-UNNAMED
16-Mar-2026 23:42:27.793 INFO [main] org.apache.catalina.startup.VersionLoggerListener.log Command line argument: --add-opens=java.rmi/sun.rmi.transport=ALL-UNNAMED
16-Mar-2026 23:42:27.793 INFO [main] org.apache.catalina.startup.VersionLoggerListener.log Command line argument: -Dcatalina.base=D:\STUDY\Website-projects\Talksy-chat-app\Backend\apache-tomcat-10.1.52\apache-tomcat-10.1.52
16-Mar-2026 23:42:27.793 INFO [main] org.apache.catalina.startup.VersionLoggerListener.log Command line argument: -Dcatalina.home=D:\STUDY\Website-projects\Talksy-chat-app\Backend\apache-tomcat-10.1.52\apache-tomcat-10.1.52
16-Mar-2026 23:42:27.794 INFO [main] org.apache.catalina.startup.VersionLoggerListener.log Command line argument: -Djava.io.tmpdir=D:\STUDY\Website-projects\Talksy-chat-app\Backend\apache-tomcat-10.1.52\apache-tomcat-10.1.52\temp
16-Mar-2026 23:42:27.816 INFO [main] org.apache.catalina.core.AprLifecycleListener.lifecycleEvent The Apache Tomcat Native library which allows using OpenSSL was not found on the java.library.path: [C:\Program Files\Java\jdk-25.0.2\bin;C:\WINDOWS\Sun\Java\bin;C:\WINDOWS\system32;C:\WINDOWS;C:\Program Files\Common Files\Oracle\Java\javapath;C:\WINDOWS\system32;C:\WINDOWS;C:\WINDOWS\System32\Wbem;C:\WINDOWS\System32\WindowsPowerShell\v1.0\;C:\WINDOWS\System32\OpenSSH\;C:\ProgramData\chocolatey\bin;C:\Program Files (x86)\Microsoft SQL Server\100\Tools\Binn\;C:\Program Files\Microsoft SQL Server\100\Tools\Binn\;C:\Program Files\Microsoft SQL Server\100\DTS\Binn\;C:\Program Files\nodejs\;C:\Program Files\Java\jdk-25.0.2\bin;C:\Program Files\MySQL\MySQL Shell 8.0\bin\;C:\Users\HP\AppData\Local\Microsoft\WindowsApps;C:\Users\HP\AppData\Local\Programs\Microsoft VS Code\bin;C:\Users\HP\AppData\Local\Programs\Antigravity\bin;C:\Users\HP\AppData\Roaming\npm;.]
16-Mar-2026 23:42:28.120 INFO [main] org.apache.coyote.AbstractProtocol.init Initializing ProtocolHandler ["http-nio-8080"]
16-Mar-2026 23:42:28.150 INFO [main] org.apache.catalina.startup.Catalina.load Server initialization in [612] milliseconds
16-Mar-2026 23:42:28.214 INFO [main] org.apache.catalina.core.StandardService.startInternal Starting service [Catalina]
16-Mar-2026 23:42:28.215 INFO [main] org.apache.catalina.core.StandardEngine.startInternal Starting Servlet engine: [Apache Tomcat/10.1.52]
16-Mar-2026 23:42:28.252 INFO [main] org.apache.catalina.startup.HostConfig.deployDirectory Deploying web application directory [D:\STUDY\Website-projects\Talksy-chat-app\Backend\apache-tomcat-10.1.52\apache-tomcat-10.1.52\webapps\chatapp]
16-Mar-2026 23:42:28.987 INFO [main] org.apache.jasper.servlet.TldScanner.scanJars At least one JAR was scanned for TLDs yet contained no TLDs. Enable debug logging for this logger for a complete list of JARs that were scanned but no TLDs were found in them. Skipping unneeded JARs during scanning can improve startup time and JSP compilation time.
16-Mar-2026 23:42:29.059 INFO [main] org.apache.catalina.startup.HostConfig.deployDirectory Deployment of web application directory [D:\STUDY\Website-projects\Talksy-chat-app\Backend\apache-tomcat-10.1.52\apache-tomcat-10.1.52\webapps\chatapp] has finished in [805] ms
16-Mar-2026 23:42:29.060 INFO [main] org.apache.catalina.startup.HostConfig.deployDirectory Deploying web application directory [D:\STUDY\Website-projects\Talksy-chat-app\Backend\apache-tomcat-10.1.52\apache-tomcat-10.1.52\webapps\docs]
16-Mar-2026 23:42:29.306 INFO [main] org.apache.jasper.servlet.TldScanner.scanJars At least one JAR was scanned for TLDs yet contained no TLDs. Enable debug logging for this logger for a complete list of JARs that were scanned but no TLDs were found in them. Skipping unneeded JARs during scanning can improve startup time and JSP compilation time.
16-Mar-2026 23:42:29.312 INFO [main] org.apache.catalina.startup.HostConfig.deployDirectory Deployment of web application directory [D:\STUDY\Website-projects\Talksy-chat-app\Backend\apache-tomcat-10.1.52\apache-tomcat-10.1.52\webapps\docs] has finished in [253] ms
16-Mar-2026 23:42:29.313 INFO [main] org.apache.catalina.startup.HostConfig.deployDirectory Deploying web application directory [D:\STUDY\Website-projects\Talksy-chat-app\Backend\apache-tomcat-10.1.52\apache-tomcat-10.1.52\webapps\examples]
16-Mar-2026 23:42:29.940 INFO [main] org.apache.jasper.servlet.TldScanner.scanJars At least one JAR was scanned for TLDs yet contained no TLDs. Enable debug logging for this logger for a complete list of JARs that were scanned but no TLDs were found in them. Skipping unneeded JARs during scanning can improve startup time and JSP compilation time.
16-Mar-2026 23:42:29.981 INFO [main] org.apache.catalina.startup.HostConfig.deployDirectory Deployment of web application directory [D:\STUDY\Website-projects\Talksy-chat-app\Backend\apache-tomcat-10.1.52\apache-tomcat-10.1.52\webapps\examples] has finished in [668] ms
16-Mar-2026 23:42:29.981 INFO [main] org.apache.catalina.startup.HostConfig.deployDirectory Deploying web application directory [D:\STUDY\Website-projects\Talksy-chat-app\Backend\apache-tomcat-10.1.52\apache-tomcat-10.1.52\webapps\host-manager]
16-Mar-2026 23:42:30.190 INFO [main] org.apache.jasper.servlet.TldScanner.scanJars At least one JAR was scanned for TLDs yet contained no TLDs. Enable debug logging for this logger for a complete list of JARs that were scanned but no TLDs were found in them. Skipping unneeded JARs during scanning can improve startup time and JSP compilation time.
16-Mar-2026 23:42:30.201 INFO [main] org.apache.catalina.startup.HostConfig.deployDirectory Deployment of web application directory [D:\STUDY\Website-projects\Talksy-chat-app\Backend\apache-tomcat-10.1.52\apache-tomcat-10.1.52\webapps\host-manager] has finished in [220] ms
16-Mar-2026 23:42:30.202 INFO [main] org.apache.catalina.startup.HostConfig.deployDirectory Deploying web application directory [D:\STUDY\Website-projects\Talksy-chat-app\Backend\apache-tomcat-10.1.52\apache-tomcat-10.1.52\webapps\manager]
16-Mar-2026 23:42:30.430 INFO [main] org.apache.jasper.servlet.TldScanner.scanJars At least one JAR was scanned for TLDs yet contained no TLDs. Enable debug logging for this logger for a complete list of JARs that were scanned but no TLDs were found in them. Skipping unneeded JARs during scanning can improve startup time and JSP compilation time.
16-Mar-2026 23:42:30.432 INFO [main] org.apache.catalina.startup.HostConfig.deployDirectory Deployment of web application directory [D:\STUDY\Website-projects\Talksy-chat-app\Backend\apache-tomcat-10.1.52\apache-tomcat-10.1.52\webapps\manager] has finished in [230] ms
16-Mar-2026 23:42:30.433 INFO [main] org.apache.catalina.startup.HostConfig.deployDirectory Deploying web application directory [D:\STUDY\Website-projects\Talksy-chat-app\Backend\apache-tomcat-10.1.52\apache-tomcat-10.1.52\webapps\ROOT]
16-Mar-2026 23:42:30.616 INFO [main] org.apache.jasper.servlet.TldScanner.scanJars At least one JAR was scanned for TLDs yet contained no TLDs. Enable debug logging for this logger for a complete list of JARs that were scanned but no TLDs were found in them. Skipping unneeded JARs during scanning can improve startup time and JSP compilation time.
16-Mar-2026 23:42:30.619 INFO [main] org.apache.catalina.startup.HostConfig.deployDirectory Deployment of web application directory [D:\STUDY\Website-projects\Talksy-chat-app\Backend\apache-tomcat-10.1.52\apache-tomcat-10.1.52\webapps\ROOT] has finished in [186] ms
16-Mar-2026 23:42:30.622 INFO [main] org.apache.coyote.AbstractProtocol.start Starting ProtocolHandler ["http-nio-8080"]
16-Mar-2026 23:42:30.663 INFO [main] org.apache.catalina.startup.Catalina.start Server startup in [2511] milliseconds
