13-Mar-2026 14:54:45.460 INFO [main] org.apache.catalina.startup.VersionLoggerListener.log Server version name:   Apache Tomcat/10.1.52
13-Mar-2026 14:54:45.464 INFO [main] org.apache.catalina.startup.VersionLoggerListener.log Server built:          Jan 23 2026 19:29:07 UTC
13-Mar-2026 14:54:45.465 INFO [main] org.apache.catalina.startup.VersionLoggerListener.log Server version number: 10.1.52.0
13-Mar-2026 14:54:45.466 INFO [main] org.apache.catalina.startup.VersionLoggerListener.log OS Name:               Windows 11
13-Mar-2026 14:54:45.466 INFO [main] org.apache.catalina.startup.VersionLoggerListener.log OS Version:            10.0
13-Mar-2026 14:54:45.467 INFO [main] org.apache.catalina.startup.VersionLoggerListener.log Architecture:          amd64
13-Mar-2026 14:54:45.467 INFO [main] org.apache.catalina.startup.VersionLoggerListener.log Java Home:             C:\Program Files\Java\jdk-25.0.2
13-Mar-2026 14:54:45.468 INFO [main] org.apache.catalina.startup.VersionLoggerListener.log JVM Version:           25.0.2+10-LTS-69
13-Mar-2026 14:54:45.468 INFO [main] org.apache.catalina.startup.VersionLoggerListener.log JVM Vendor:            Oracle Corporation
13-Mar-2026 14:54:45.468 INFO [main] org.apache.catalina.startup.VersionLoggerListener.log CATALINA_BASE:         D:\STUDY\Website-projects\Talksy-chat-app\Backend\apache-tomcat-10.1.52\apache-tomcat-10.1.52
13-Mar-2026 14:54:45.469 INFO [main] org.apache.catalina.startup.VersionLoggerListener.log CATALINA_HOME:         D:\STUDY\Website-projects\Talksy-chat-app\Backend\apache-tomcat-10.1.52\apache-tomcat-10.1.52
13-Mar-2026 14:54:45.486 INFO [main] org.apache.catalina.startup.VersionLoggerListener.log Command line argument: -Djava.util.logging.config.file=D:\STUDY\Website-projects\Talksy-chat-app\Backend\apache-tomcat-10.1.52\apache-tomcat-10.1.52\conf\logging.properties
13-Mar-2026 14:54:45.487 INFO [main] org.apache.catalina.startup.VersionLoggerListener.log Command line argument: -Djava.util.logging.manager=org.apache.juli.ClassLoaderLogManager
13-Mar-2026 14:54:45.488 INFO [main] org.apache.catalina.startup.VersionLoggerListener.log Command line argument: -Djdk.tls.ephemeralDHKeySize=2048
13-Mar-2026 14:54:45.488 INFO [main] org.apache.catalina.startup.VersionLoggerListener.log Command line argument: -Djava.protocol.handler.pkgs=org.apache.catalina.webresources
13-Mar-2026 14:54:45.488 INFO [main] org.apache.catalina.startup.VersionLoggerListener.log Command line argument: -Dsun.io.useCanonCaches=false
13-Mar-2026 14:54:45.488 INFO [main] org.apache.catalina.startup.VersionLoggerListener.log Command line argument: --add-opens=java.base/java.lang=ALL-UNNAMED
13-Mar-2026 14:54:45.489 INFO [main] org.apache.catalina.startup.VersionLoggerListener.log Command line argument: --add-opens=java.base/java.lang.reflect=ALL-UNNAMED
13-Mar-2026 14:54:45.489 INFO [main] org.apache.catalina.startup.VersionLoggerListener.log Command line argument: --add-opens=java.base/java.io=ALL-UNNAMED
13-Mar-2026 14:54:45.489 INFO [main] org.apache.catalina.startup.VersionLoggerListener.log Command line argument: --add-opens=java.base/java.util=ALL-UNNAMED
13-Mar-2026 14:54:45.490 INFO [main] org.apache.catalina.startup.VersionLoggerListener.log Command line argument: --add-opens=java.base/java.util.concurrent=ALL-UNNAMED
13-Mar-2026 14:54:45.490 INFO [main] org.apache.catalina.startup.VersionLoggerListener.log Command line argument: --add-opens=java.rmi/sun.rmi.transport=ALL-UNNAMED
13-Mar-2026 14:54:45.490 INFO [main] org.apache.catalina.startup.VersionLoggerListener.log Command line argument: -Dcatalina.base=D:\STUDY\Website-projects\Talksy-chat-app\Backend\apache-tomcat-10.1.52\apache-tomcat-10.1.52
13-Mar-2026 14:54:45.491 INFO [main] org.apache.catalina.startup.VersionLoggerListener.log Command line argument: -Dcatalina.home=D:\STUDY\Website-projects\Talksy-chat-app\Backend\apache-tomcat-10.1.52\apache-tomcat-10.1.52
13-Mar-2026 14:54:45.491 INFO [main] org.apache.catalina.startup.VersionLoggerListener.log Command line argument: -Djava.io.tmpdir=D:\STUDY\Website-projects\Talksy-chat-app\Backend\apache-tomcat-10.1.52\apache-tomcat-10.1.52\temp
13-Mar-2026 14:54:45.503 INFO [main] org.apache.catalina.core.AprLifecycleListener.lifecycleEvent The Apache Tomcat Native library which allows using OpenSSL was not found on the java.library.path: [C:\Program Files\Java\jdk-25.0.2\bin;C:\WINDOWS\Sun\Java\bin;C:\WINDOWS\system32;C:\WINDOWS;C:\Program Files\Common Files\Oracle\Java\javapath;C:\WINDOWS\system32;C:\WINDOWS;C:\WINDOWS\System32\Wbem;C:\WINDOWS\System32\WindowsPowerShell\v1.0\;C:\WINDOWS\System32\OpenSSH\;C:\ProgramData\chocolatey\bin;C:\Program Files (x86)\Microsoft SQL Server\100\Tools\Binn\;C:\Program Files\Microsoft SQL Server\100\Tools\Binn\;C:\Program Files\Microsoft SQL Server\100\DTS\Binn\;C:\Program Files\nodejs\;C:\Program Files\Java\jdk-25.0.2\bin;C:\Program Files\MySQL\MySQL Shell 8.0\bin\;C:\Users\HP\AppData\Local\Microsoft\WindowsApps;C:\Users\HP\AppData\Local\Programs\Microsoft VS Code\bin;C:\Users\HP\AppData\Local\Programs\Antigravity\bin;C:\Users\HP\AppData\Roaming\npm;.]
13-Mar-2026 14:54:45.798 INFO [main] org.apache.coyote.AbstractProtocol.init Initializing ProtocolHandler ["http-nio-8080"]
13-Mar-2026 14:54:45.834 INFO [main] org.apache.catalina.startup.Catalina.load Server initialization in [582] milliseconds
13-Mar-2026 14:54:45.896 INFO [main] org.apache.catalina.core.StandardService.startInternal Starting service [Catalina]
13-Mar-2026 14:54:45.897 INFO [main] org.apache.catalina.core.StandardEngine.startInternal Starting Servlet engine: [Apache Tomcat/10.1.52]
13-Mar-2026 14:54:45.910 INFO [main] org.apache.catalina.startup.HostConfig.deployDirectory Deploying web application directory [D:\STUDY\Website-projects\Talksy-chat-app\Backend\apache-tomcat-10.1.52\apache-tomcat-10.1.52\webapps\chatapp]
13-Mar-2026 14:54:46.549 INFO [main] org.apache.jasper.servlet.TldScanner.scanJars At least one JAR was scanned for TLDs yet contained no TLDs. Enable debug logging for this logger for a complete list of JARs that were scanned but no TLDs were found in them. Skipping unneeded JARs during scanning can improve startup time and JSP compilation time.
13-Mar-2026 14:54:46.619 INFO [main] org.apache.catalina.startup.HostConfig.deployDirectory Deployment of web application directory [D:\STUDY\Website-projects\Talksy-chat-app\Backend\apache-tomcat-10.1.52\apache-tomcat-10.1.52\webapps\chatapp] has finished in [705] ms
13-Mar-2026 14:54:46.621 INFO [main] org.apache.catalina.startup.HostConfig.deployDirectory Deploying web application directory [D:\STUDY\Website-projects\Talksy-chat-app\Backend\apache-tomcat-10.1.52\apache-tomcat-10.1.52\webapps\docs]
13-Mar-2026 14:54:46.876 INFO [main] org.apache.jasper.servlet.TldScanner.scanJars At least one JAR was scanned for TLDs yet contained no TLDs. Enable debug logging for this logger for a complete list of JARs that were scanned but no TLDs were found in them. Skipping unneeded JARs during scanning can improve startup time and JSP compilation time.
13-Mar-2026 14:54:46.883 INFO [main] org.apache.catalina.startup.HostConfig.deployDirectory Deployment of web application directory [D:\STUDY\Website-projects\Talksy-chat-app\Backend\apache-tomcat-10.1.52\apache-tomcat-10.1.52\webapps\docs] has finished in [261] ms
13-Mar-2026 14:54:46.883 INFO [main] org.apache.catalina.startup.HostConfig.deployDirectory Deploying web application directory [D:\STUDY\Website-projects\Talksy-chat-app\Backend\apache-tomcat-10.1.52\apache-tomcat-10.1.52\webapps\examples]
13-Mar-2026 14:54:47.539 INFO [main] org.apache.jasper.servlet.TldScanner.scanJars At least one JAR was scanned for TLDs yet contained no TLDs. Enable debug logging for this logger for a complete list of JARs that were scanned but no TLDs were found in them. Skipping unneeded JARs during scanning can improve startup time and JSP compilation time.
13-Mar-2026 14:54:47.597 INFO [main] org.apache.catalina.startup.HostConfig.deployDirectory Deployment of web application directory [D:\STUDY\Website-projects\Talksy-chat-app\Backend\apache-tomcat-10.1.52\apache-tomcat-10.1.52\webapps\examples] has finished in [713] ms
13-Mar-2026 14:54:47.597 INFO [main] org.apache.catalina.startup.HostConfig.deployDirectory Deploying web application directory [D:\STUDY\Website-projects\Talksy-chat-app\Backend\apache-tomcat-10.1.52\apache-tomcat-10.1.52\webapps\host-manager]
13-Mar-2026 14:54:47.813 INFO [main] org.apache.jasper.servlet.TldScanner.scanJars At least one JAR was scanned for TLDs yet contained no TLDs. Enable debug logging for this logger for a complete list of JARs that were scanned but no TLDs were found in them. Skipping unneeded JARs during scanning can improve startup time and JSP compilation time.
13-Mar-2026 14:54:47.827 INFO [main] org.apache.catalina.startup.HostConfig.deployDirectory Deployment of web application directory [D:\STUDY\Website-projects\Talksy-chat-app\Backend\apache-tomcat-10.1.52\apache-tomcat-10.1.52\webapps\host-manager] has finished in [230] ms
13-Mar-2026 14:54:47.828 INFO [main] org.apache.catalina.startup.HostConfig.deployDirectory Deploying web application directory [D:\STUDY\Website-projects\Talksy-chat-app\Backend\apache-tomcat-10.1.52\apache-tomcat-10.1.52\webapps\manager]
13-Mar-2026 14:54:48.053 INFO [main] org.apache.jasper.servlet.TldScanner.scanJars At least one JAR was scanned for TLDs yet contained no TLDs. Enable debug logging for this logger for a complete list of JARs that were scanned but no TLDs were found in them. Skipping unneeded JARs during scanning can improve startup time and JSP compilation time.
13-Mar-2026 14:54:48.061 INFO [main] org.apache.catalina.startup.HostConfig.deployDirectory Deployment of web application directory [D:\STUDY\Website-projects\Talksy-chat-app\Backend\apache-tomcat-10.1.52\apache-tomcat-10.1.52\webapps\manager] has finished in [233] ms
13-Mar-2026 14:54:48.061 INFO [main] org.apache.catalina.startup.HostConfig.deployDirectory Deploying web application directory [D:\STUDY\Website-projects\Talksy-chat-app\Backend\apache-tomcat-10.1.52\apache-tomcat-10.1.52\webapps\ROOT]
13-Mar-2026 14:54:48.253 INFO [main] org.apache.jasper.servlet.TldScanner.scanJars At least one JAR was scanned for TLDs yet contained no TLDs. Enable debug logging for this logger for a complete list of JARs that were scanned but no TLDs were found in them. Skipping unneeded JARs during scanning can improve startup time and JSP compilation time.
13-Mar-2026 14:54:48.260 INFO [main] org.apache.catalina.startup.HostConfig.deployDirectory Deployment of web application directory [D:\STUDY\Website-projects\Talksy-chat-app\Backend\apache-tomcat-10.1.52\apache-tomcat-10.1.52\webapps\ROOT] has finished in [198] ms
13-Mar-2026 14:54:48.265 INFO [main] org.apache.coyote.AbstractProtocol.start Starting ProtocolHandler ["http-nio-8080"]
13-Mar-2026 14:54:48.305 INFO [main] org.apache.catalina.startup.Catalina.start Server startup in [2468] milliseconds
13-Mar-2026 15:08:10.355 INFO [main] org.apache.catalina.startup.VersionLoggerListener.log Server version name:   Apache Tomcat/10.1.52
13-Mar-2026 15:08:10.360 INFO [main] org.apache.catalina.startup.VersionLoggerListener.log Server built:          Jan 23 2026 19:29:07 UTC
13-Mar-2026 15:08:10.361 INFO [main] org.apache.catalina.startup.VersionLoggerListener.log Server version number: 10.1.52.0
13-Mar-2026 15:08:10.362 INFO [main] org.apache.catalina.startup.VersionLoggerListener.log OS Name:               Windows 11
13-Mar-2026 15:08:10.362 INFO [main] org.apache.catalina.startup.VersionLoggerListener.log OS Version:            10.0
13-Mar-2026 15:08:10.362 INFO [main] org.apache.catalina.startup.VersionLoggerListener.log Architecture:          amd64
13-Mar-2026 15:08:10.363 INFO [main] org.apache.catalina.startup.VersionLoggerListener.log Java Home:             C:\Program Files\Java\jdk-25.0.2
13-Mar-2026 15:08:10.363 INFO [main] org.apache.catalina.startup.VersionLoggerListener.log JVM Version:           25.0.2+10-LTS-69
13-Mar-2026 15:08:10.364 INFO [main] org.apache.catalina.startup.VersionLoggerListener.log JVM Vendor:            Oracle Corporation
13-Mar-2026 15:08:10.364 INFO [main] org.apache.catalina.startup.VersionLoggerListener.log CATALINA_BASE:         D:\STUDY\Website-projects\Talksy-chat-app\Backend\apache-tomcat-10.1.52\apache-tomcat-10.1.52
13-Mar-2026 15:08:10.365 INFO [main] org.apache.catalina.startup.VersionLoggerListener.log CATALINA_HOME:         D:\STUDY\Website-projects\Talksy-chat-app\Backend\apache-tomcat-10.1.52\apache-tomcat-10.1.52
13-Mar-2026 15:08:10.389 INFO [main] org.apache.catalina.startup.VersionLoggerListener.log Command line argument: -Djava.util.logging.config.file=D:\STUDY\Website-projects\Talksy-chat-app\Backend\apache-tomcat-10.1.52\apache-tomcat-10.1.52\conf\logging.properties
13-Mar-2026 15:08:10.390 INFO [main] org.apache.catalina.startup.VersionLoggerListener.log Command line argument: -Djava.util.logging.manager=org.apache.juli.ClassLoaderLogManager
13-Mar-2026 15:08:10.390 INFO [main] org.apache.catalina.startup.VersionLoggerListener.log Command line argument: -Djdk.tls.ephemeralDHKeySize=2048
13-Mar-2026 15:08:10.390 INFO [main] org.apache.catalina.startup.VersionLoggerListener.log Command line argument: -Djava.protocol.handler.pkgs=org.apache.catalina.webresources
13-Mar-2026 15:08:10.391 INFO [main] org.apache.catalina.startup.VersionLoggerListener.log Command line argument: -Dsun.io.useCanonCaches=false
13-Mar-2026 15:08:10.391 INFO [main] org.apache.catalina.startup.VersionLoggerListener.log Command line argument: --add-opens=java.base/java.lang=ALL-UNNAMED
13-Mar-2026 15:08:10.391 INFO [main] org.apache.catalina.startup.VersionLoggerListener.log Command line argument: --add-opens=java.base/java.lang.reflect=ALL-UNNAMED
13-Mar-2026 15:08:10.392 INFO [main] org.apache.catalina.startup.VersionLoggerListener.log Command line argument: --add-opens=java.base/java.io=ALL-UNNAMED
13-Mar-2026 15:08:10.392 INFO [main] org.apache.catalina.startup.VersionLoggerListener.log Command line argument: --add-opens=java.base/java.util=ALL-UNNAMED
13-Mar-2026 15:08:10.392 INFO [main] org.apache.catalina.startup.VersionLoggerListener.log Command line argument: --add-opens=java.base/java.util.concurrent=ALL-UNNAMED
13-Mar-2026 15:08:10.392 INFO [main] org.apache.catalina.startup.VersionLoggerListener.log Command line argument: --add-opens=java.rmi/sun.rmi.transport=ALL-UNNAMED
13-Mar-2026 15:08:10.393 INFO [main] org.apache.catalina.startup.VersionLoggerListener.log Command line argument: -Dcatalina.base=D:\STUDY\Website-projects\Talksy-chat-app\Backend\apache-tomcat-10.1.52\apache-tomcat-10.1.52
13-Mar-2026 15:08:10.393 INFO [main] org.apache.catalina.startup.VersionLoggerListener.log Command line argument: -Dcatalina.home=D:\STUDY\Website-projects\Talksy-chat-app\Backend\apache-tomcat-10.1.52\apache-tomcat-10.1.52
13-Mar-2026 15:08:10.393 INFO [main] org.apache.catalina.startup.VersionLoggerListener.log Command line argument: -Djava.io.tmpdir=D:\STUDY\Website-projects\Talksy-chat-app\Backend\apache-tomcat-10.1.52\apache-tomcat-10.1.52\temp
13-Mar-2026 15:08:10.404 INFO [main] org.apache.catalina.core.AprLifecycleListener.lifecycleEvent The Apache Tomcat Native library which allows using OpenSSL was not found on the java.library.path: [C:\Program Files\Java\jdk-25.0.2\bin;C:\WINDOWS\Sun\Java\bin;C:\WINDOWS\system32;C:\WINDOWS;C:\Program Files\Common Files\Oracle\Java\javapath;C:\WINDOWS\system32;C:\WINDOWS;C:\WINDOWS\System32\Wbem;C:\WINDOWS\System32\WindowsPowerShell\v1.0\;C:\WINDOWS\System32\OpenSSH\;C:\ProgramData\chocolatey\bin;C:\Program Files (x86)\Microsoft SQL Server\100\Tools\Binn\;C:\Program Files\Microsoft SQL Server\100\Tools\Binn\;C:\Program Files\Microsoft SQL Server\100\DTS\Binn\;C:\Program Files\nodejs\;C:\Program Files\Java\jdk-25.0.2\bin;C:\Program Files\MySQL\MySQL Shell 8.0\bin\;C:\Users\HP\AppData\Local\Microsoft\WindowsApps;C:\Users\HP\AppData\Local\Programs\Microsoft VS Code\bin;C:\Users\HP\AppData\Local\Programs\Antigravity\bin;C:\Users\HP\AppData\Roaming\npm;.]
13-Mar-2026 15:08:10.743 INFO [main] org.apache.coyote.AbstractProtocol.init Initializing ProtocolHandler ["http-nio-8080"]
13-Mar-2026 15:08:10.782 INFO [main] org.apache.catalina.startup.Catalina.load Server initialization in [629] milliseconds
13-Mar-2026 15:08:10.838 INFO [main] org.apache.catalina.core.StandardService.startInternal Starting service [Catalina]
13-Mar-2026 15:08:10.838 INFO [main] org.apache.catalina.core.StandardEngine.startInternal Starting Servlet engine: [Apache Tomcat/10.1.52]
13-Mar-2026 15:08:10.850 INFO [main] org.apache.catalina.startup.HostConfig.deployDirectory Deploying web application directory [D:\STUDY\Website-projects\Talksy-chat-app\Backend\apache-tomcat-10.1.52\apache-tomcat-10.1.52\webapps\chatapp]
13-Mar-2026 15:08:11.588 INFO [main] org.apache.jasper.servlet.TldScanner.scanJars At least one JAR was scanned for TLDs yet contained no TLDs. Enable debug logging for this logger for a complete list of JARs that were scanned but no TLDs were found in them. Skipping unneeded JARs during scanning can improve startup time and JSP compilation time.
13-Mar-2026 15:08:11.652 INFO [main] org.apache.catalina.startup.HostConfig.deployDirectory Deployment of web application directory [D:\STUDY\Website-projects\Talksy-chat-app\Backend\apache-tomcat-10.1.52\apache-tomcat-10.1.52\webapps\chatapp] has finished in [800] ms
13-Mar-2026 15:08:11.653 INFO [main] org.apache.catalina.startup.HostConfig.deployDirectory Deploying web application directory [D:\STUDY\Website-projects\Talksy-chat-app\Backend\apache-tomcat-10.1.52\apache-tomcat-10.1.52\webapps\docs]
13-Mar-2026 15:08:11.948 INFO [main] org.apache.jasper.servlet.TldScanner.scanJars At least one JAR was scanned for TLDs yet contained no TLDs. Enable debug logging for this logger for a complete list of JARs that were scanned but no TLDs were found in them. Skipping unneeded JARs during scanning can improve startup time and JSP compilation time.
13-Mar-2026 15:08:11.954 INFO [main] org.apache.catalina.startup.HostConfig.deployDirectory Deployment of web application directory [D:\STUDY\Website-projects\Talksy-chat-app\Backend\apache-tomcat-10.1.52\apache-tomcat-10.1.52\webapps\docs] has finished in [301] ms
13-Mar-2026 15:08:11.955 INFO [main] org.apache.catalina.startup.HostConfig.deployDirectory Deploying web application directory [D:\STUDY\Website-projects\Talksy-chat-app\Backend\apache-tomcat-10.1.52\apache-tomcat-10.1.52\webapps\examples]
13-Mar-2026 15:08:12.664 INFO [main] org.apache.jasper.servlet.TldScanner.scanJars At least one JAR was scanned for TLDs yet contained no TLDs. Enable debug logging for this logger for a complete list of JARs that were scanned but no TLDs were found in them. Skipping unneeded JARs during scanning can improve startup time and JSP compilation time.
13-Mar-2026 15:08:12.720 INFO [main] org.apache.catalina.startup.HostConfig.deployDirectory Deployment of web application directory [D:\STUDY\Website-projects\Talksy-chat-app\Backend\apache-tomcat-10.1.52\apache-tomcat-10.1.52\webapps\examples] has finished in [766] ms
13-Mar-2026 15:08:12.720 INFO [main] org.apache.catalina.startup.HostConfig.deployDirectory Deploying web application directory [D:\STUDY\Website-projects\Talksy-chat-app\Backend\apache-tomcat-10.1.52\apache-tomcat-10.1.52\webapps\host-manager]
13-Mar-2026 15:08:12.997 INFO [main] org.apache.jasper.servlet.TldScanner.scanJars At least one JAR was scanned for TLDs yet contained no TLDs. Enable debug logging for this logger for a complete list of JARs that were scanned but no TLDs were found in them. Skipping unneeded JARs during scanning can improve startup time and JSP compilation time.
13-Mar-2026 15:08:13.019 INFO [main] org.apache.catalina.startup.HostConfig.deployDirectory Deployment of web application directory [D:\STUDY\Website-projects\Talksy-chat-app\Backend\apache-tomcat-10.1.52\apache-tomcat-10.1.52\webapps\host-manager] has finished in [298] ms
13-Mar-2026 15:08:13.019 INFO [main] org.apache.catalina.startup.HostConfig.deployDirectory Deploying web application directory [D:\STUDY\Website-projects\Talksy-chat-app\Backend\apache-tomcat-10.1.52\apache-tomcat-10.1.52\webapps\manager]
13-Mar-2026 15:08:13.240 INFO [main] org.apache.jasper.servlet.TldScanner.scanJars At least one JAR was scanned for TLDs yet contained no TLDs. Enable debug logging for this logger for a complete list of JARs that were scanned but no TLDs were found in them. Skipping unneeded JARs during scanning can improve startup time and JSP compilation time.
13-Mar-2026 15:08:13.248 INFO [main] org.apache.catalina.startup.HostConfig.deployDirectory Deployment of web application directory [D:\STUDY\Website-projects\Talksy-chat-app\Backend\apache-tomcat-10.1.52\apache-tomcat-10.1.52\webapps\manager] has finished in [229] ms
13-Mar-2026 15:08:13.248 INFO [main] org.apache.catalina.startup.HostConfig.deployDirectory Deploying web application directory [D:\STUDY\Website-projects\Talksy-chat-app\Backend\apache-tomcat-10.1.52\apache-tomcat-10.1.52\webapps\ROOT]
13-Mar-2026 15:08:13.478 INFO [main] org.apache.jasper.servlet.TldScanner.scanJars At least one JAR was scanned for TLDs yet contained no TLDs. Enable debug logging for this logger for a complete list of JARs that were scanned but no TLDs were found in them. Skipping unneeded JARs during scanning can improve startup time and JSP compilation time.
13-Mar-2026 15:08:13.481 INFO [main] org.apache.catalina.startup.HostConfig.deployDirectory Deployment of web application directory [D:\STUDY\Website-projects\Talksy-chat-app\Backend\apache-tomcat-10.1.52\apache-tomcat-10.1.52\webapps\ROOT] has finished in [233] ms
13-Mar-2026 15:08:13.485 INFO [main] org.apache.coyote.AbstractProtocol.start Starting ProtocolHandler ["http-nio-8080"]
13-Mar-2026 15:08:13.533 INFO [main] org.apache.catalina.startup.Catalina.start Server startup in [2746] milliseconds
13-Mar-2026 15:19:50.460 INFO [main] org.apache.catalina.startup.VersionLoggerListener.log Server version name:   Apache Tomcat/10.1.52
13-Mar-2026 15:19:50.469 INFO [main] org.apache.catalina.startup.VersionLoggerListener.log Server built:          Jan 23 2026 19:29:07 UTC
13-Mar-2026 15:19:50.470 INFO [main] org.apache.catalina.startup.VersionLoggerListener.log Server version number: 10.1.52.0
13-Mar-2026 15:19:50.471 INFO [main] org.apache.catalina.startup.VersionLoggerListener.log OS Name:               Windows 11
13-Mar-2026 15:19:50.473 INFO [main] org.apache.catalina.startup.VersionLoggerListener.log OS Version:            10.0
13-Mar-2026 15:19:50.474 INFO [main] org.apache.catalina.startup.VersionLoggerListener.log Architecture:          amd64
13-Mar-2026 15:19:50.474 INFO [main] org.apache.catalina.startup.VersionLoggerListener.log Java Home:             C:\Program Files\Java\jdk-25.0.2
13-Mar-2026 15:19:50.475 INFO [main] org.apache.catalina.startup.VersionLoggerListener.log JVM Version:           25.0.2+10-LTS-69
13-Mar-2026 15:19:50.476 INFO [main] org.apache.catalina.startup.VersionLoggerListener.log JVM Vendor:            Oracle Corporation
13-Mar-2026 15:19:50.476 INFO [main] org.apache.catalina.startup.VersionLoggerListener.log CATALINA_BASE:         D:\STUDY\Website-projects\Talksy-chat-app\Backend\apache-tomcat-10.1.52\apache-tomcat-10.1.52
13-Mar-2026 15:19:50.477 INFO [main] org.apache.catalina.startup.VersionLoggerListener.log CATALINA_HOME:         D:\STUDY\Website-projects\Talksy-chat-app\Backend\apache-tomcat-10.1.52\apache-tomcat-10.1.52
13-Mar-2026 15:19:50.518 INFO [main] org.apache.catalina.startup.VersionLoggerListener.log Command line argument: -Djava.util.logging.config.file=D:\STUDY\Website-projects\Talksy-chat-app\Backend\apache-tomcat-10.1.52\apache-tomcat-10.1.52\conf\logging.properties
13-Mar-2026 15:19:50.519 INFO [main] org.apache.catalina.startup.VersionLoggerListener.log Command line argument: -Djava.util.logging.manager=org.apache.juli.ClassLoaderLogManager
13-Mar-2026 15:19:50.519 INFO [main] org.apache.catalina.startup.VersionLoggerListener.log Command line argument: -Djdk.tls.ephemeralDHKeySize=2048
13-Mar-2026 15:19:50.519 INFO [main] org.apache.catalina.startup.VersionLoggerListener.log Command line argument: -Djava.protocol.handler.pkgs=org.apache.catalina.webresources
13-Mar-2026 15:19:50.520 INFO [main] org.apache.catalina.startup.VersionLoggerListener.log Command line argument: -Dsun.io.useCanonCaches=false
13-Mar-2026 15:19:50.521 INFO [main] org.apache.catalina.startup.VersionLoggerListener.log Command line argument: --add-opens=java.base/java.lang=ALL-UNNAMED
13-Mar-2026 15:19:50.521 INFO [main] org.apache.catalina.startup.VersionLoggerListener.log Command line argument: --add-opens=java.base/java.lang.reflect=ALL-UNNAMED
13-Mar-2026 15:19:50.522 INFO [main] org.apache.catalina.startup.VersionLoggerListener.log Command line argument: --add-opens=java.base/java.io=ALL-UNNAMED
13-Mar-2026 15:19:50.522 INFO [main] org.apache.catalina.startup.VersionLoggerListener.log Command line argument: --add-opens=java.base/java.util=ALL-UNNAMED
13-Mar-2026 15:19:50.523 INFO [main] org.apache.catalina.startup.VersionLoggerListener.log Command line argument: --add-opens=java.base/java.util.concurrent=ALL-UNNAMED
13-Mar-2026 15:19:50.523 INFO [main] org.apache.catalina.startup.VersionLoggerListener.log Command line argument: --add-opens=java.rmi/sun.rmi.transport=ALL-UNNAMED
13-Mar-2026 15:19:50.524 INFO [main] org.apache.catalina.startup.VersionLoggerListener.log Command line argument: -Dcatalina.base=D:\STUDY\Website-projects\Talksy-chat-app\Backend\apache-tomcat-10.1.52\apache-tomcat-10.1.52
13-Mar-2026 15:19:50.524 INFO [main] org.apache.catalina.startup.VersionLoggerListener.log Command line argument: -Dcatalina.home=D:\STUDY\Website-projects\Talksy-chat-app\Backend\apache-tomcat-10.1.52\apache-tomcat-10.1.52
13-Mar-2026 15:19:50.525 INFO [main] org.apache.catalina.startup.VersionLoggerListener.log Command line argument: -Djava.io.tmpdir=D:\STUDY\Website-projects\Talksy-chat-app\Backend\apache-tomcat-10.1.52\apache-tomcat-10.1.52\temp
13-Mar-2026 15:19:50.555 INFO [main] org.apache.catalina.core.AprLifecycleListener.lifecycleEvent The Apache Tomcat Native library which allows using OpenSSL was not found on the java.library.path: [C:\Program Files\Java\jdk-25.0.2\bin;C:\WINDOWS\Sun\Java\bin;C:\WINDOWS\system32;C:\WINDOWS;C:\Program Files\Common Files\Oracle\Java\javapath;C:\WINDOWS\system32;C:\WINDOWS;C:\WINDOWS\System32\Wbem;C:\WINDOWS\System32\WindowsPowerShell\v1.0\;C:\WINDOWS\System32\OpenSSH\;C:\ProgramData\chocolatey\bin;C:\Program Files (x86)\Microsoft SQL Server\100\Tools\Binn\;C:\Program Files\Microsoft SQL Server\100\Tools\Binn\;C:\Program Files\Microsoft SQL Server\100\DTS\Binn\;C:\Program Files\nodejs\;C:\Program Files\Java\jdk-25.0.2\bin;C:\Program Files\MySQL\MySQL Shell 8.0\bin\;C:\Users\HP\AppData\Local\Microsoft\WindowsApps;C:\Users\HP\AppData\Local\Programs\Microsoft VS Code\bin;C:\Users\HP\AppData\Local\Programs\Antigravity\bin;C:\Users\HP\AppData\Roaming\npm;.]
13-Mar-2026 15:19:51.408 INFO [main] org.apache.coyote.AbstractProtocol.init Initializing ProtocolHandler ["http-nio-8080"]
13-Mar-2026 15:19:51.473 INFO [main] org.apache.catalina.startup.Catalina.load Server initialization in [1584] milliseconds
13-Mar-2026 15:19:51.614 INFO [main] org.apache.catalina.core.StandardService.startInternal Starting service [Catalina]
13-Mar-2026 15:19:51.615 INFO [main] org.apache.catalina.core.StandardEngine.startInternal Starting Servlet engine: [Apache Tomcat/10.1.52]
13-Mar-2026 15:19:51.649 INFO [main] org.apache.catalina.startup.HostConfig.deployDirectory Deploying web application directory [D:\STUDY\Website-projects\Talksy-chat-app\Backend\apache-tomcat-10.1.52\apache-tomcat-10.1.52\webapps\chatapp]
13-Mar-2026 15:19:53.527 INFO [main] org.apache.jasper.servlet.TldScanner.scanJars At least one JAR was scanned for TLDs yet contained no TLDs. Enable debug logging for this logger for a complete list of JARs that were scanned but no TLDs were found in them. Skipping unneeded JARs during scanning can improve startup time and JSP compilation time.
13-Mar-2026 15:19:53.695 INFO [main] org.apache.catalina.startup.HostConfig.deployDirectory Deployment of web application directory [D:\STUDY\Website-projects\Talksy-chat-app\Backend\apache-tomcat-10.1.52\apache-tomcat-10.1.52\webapps\chatapp] has finished in [2,035] ms
13-Mar-2026 15:19:53.697 INFO [main] org.apache.catalina.startup.HostConfig.deployDirectory Deploying web application directory [D:\STUDY\Website-projects\Talksy-chat-app\Backend\apache-tomcat-10.1.52\apache-tomcat-10.1.52\webapps\docs]
13-Mar-2026 15:19:54.639 INFO [main] org.apache.jasper.servlet.TldScanner.scanJars At least one JAR was scanned for TLDs yet contained no TLDs. Enable debug logging for this logger for a complete list of JARs that were scanned but no TLDs were found in them. Skipping unneeded JARs during scanning can improve startup time and JSP compilation time.
13-Mar-2026 15:19:54.652 INFO [main] org.apache.catalina.startup.HostConfig.deployDirectory Deployment of web application directory [D:\STUDY\Website-projects\Talksy-chat-app\Backend\apache-tomcat-10.1.52\apache-tomcat-10.1.52\webapps\docs] has finished in [956] ms
13-Mar-2026 15:19:54.653 INFO [main] org.apache.catalina.startup.HostConfig.deployDirectory Deploying web application directory [D:\STUDY\Website-projects\Talksy-chat-app\Backend\apache-tomcat-10.1.52\apache-tomcat-10.1.52\webapps\examples]
13-Mar-2026 15:19:56.829 INFO [main] org.apache.jasper.servlet.TldScanner.scanJars At least one JAR was scanned for TLDs yet contained no TLDs. Enable debug logging for this logger for a complete list of JARs that were scanned but no TLDs were found in them. Skipping unneeded JARs during scanning can improve startup time and JSP compilation time.
13-Mar-2026 15:19:56.998 INFO [main] org.apache.catalina.startup.HostConfig.deployDirectory Deployment of web application directory [D:\STUDY\Website-projects\Talksy-chat-app\Backend\apache-tomcat-10.1.52\apache-tomcat-10.1.52\webapps\examples] has finished in [2,345] ms
13-Mar-2026 15:19:56.999 INFO [main] org.apache.catalina.startup.HostConfig.deployDirectory Deploying web application directory [D:\STUDY\Website-projects\Talksy-chat-app\Backend\apache-tomcat-10.1.52\apache-tomcat-10.1.52\webapps\host-manager]
13-Mar-2026 15:19:57.928 INFO [main] org.apache.jasper.servlet.TldScanner.scanJars At least one JAR was scanned for TLDs yet contained no TLDs. Enable debug logging for this logger for a complete list of JARs that were scanned but no TLDs were found in them. Skipping unneeded JARs during scanning can improve startup time and JSP compilation time.
13-Mar-2026 15:19:57.981 INFO [main] org.apache.catalina.startup.HostConfig.deployDirectory Deployment of web application directory [D:\STUDY\Website-projects\Talksy-chat-app\Backend\apache-tomcat-10.1.52\apache-tomcat-10.1.52\webapps\host-manager] has finished in [981] ms
13-Mar-2026 15:19:57.983 INFO [main] org.apache.catalina.startup.HostConfig.deployDirectory Deploying web application directory [D:\STUDY\Website-projects\Talksy-chat-app\Backend\apache-tomcat-10.1.52\apache-tomcat-10.1.52\webapps\manager]
13-Mar-2026 15:19:58.706 INFO [main] org.apache.jasper.servlet.TldScanner.scanJars At least one JAR was scanned for TLDs yet contained no TLDs. Enable debug logging for this logger for a complete list of JARs that were scanned but no TLDs were found in them. Skipping unneeded JARs during scanning can improve startup time and JSP compilation time.
13-Mar-2026 15:19:58.714 INFO [main] org.apache.catalina.startup.HostConfig.deployDirectory Deployment of web application directory [D:\STUDY\Website-projects\Talksy-chat-app\Backend\apache-tomcat-10.1.52\apache-tomcat-10.1.52\webapps\manager] has finished in [731] ms
13-Mar-2026 15:19:58.715 INFO [main] org.apache.catalina.startup.HostConfig.deployDirectory Deploying web application directory [D:\STUDY\Website-projects\Talksy-chat-app\Backend\apache-tomcat-10.1.52\apache-tomcat-10.1.52\webapps\ROOT]
13-Mar-2026 15:19:58.974 INFO [main] org.apache.jasper.servlet.TldScanner.scanJars At least one JAR was scanned for TLDs yet contained no TLDs. Enable debug logging for this logger for a complete list of JARs that were scanned but no TLDs were found in them. Skipping unneeded JARs during scanning can improve startup time and JSP compilation time.
13-Mar-2026 15:19:58.979 INFO [main] org.apache.catalina.startup.HostConfig.deployDirectory Deployment of web application directory [D:\STUDY\Website-projects\Talksy-chat-app\Backend\apache-tomcat-10.1.52\apache-tomcat-10.1.52\webapps\ROOT] has finished in [264] ms
13-Mar-2026 15:19:58.983 INFO [main] org.apache.coyote.AbstractProtocol.start Starting ProtocolHandler ["http-nio-8080"]
13-Mar-2026 15:19:59.019 INFO [main] org.apache.catalina.startup.Catalina.start Server startup in [7539] milliseconds
13-Mar-2026 15:36:56.504 INFO [main] org.apache.catalina.startup.VersionLoggerListener.log Server version name:   Apache Tomcat/10.1.52
13-Mar-2026 15:36:56.509 INFO [main] org.apache.catalina.startup.VersionLoggerListener.log Server built:          Jan 23 2026 19:29:07 UTC
13-Mar-2026 15:36:56.510 INFO [main] org.apache.catalina.startup.VersionLoggerListener.log Server version number: 10.1.52.0
13-Mar-2026 15:36:56.510 INFO [main] org.apache.catalina.startup.VersionLoggerListener.log OS Name:               Windows 11
13-Mar-2026 15:36:56.510 INFO [main] org.apache.catalina.startup.VersionLoggerListener.log OS Version:            10.0
13-Mar-2026 15:36:56.511 INFO [main] org.apache.catalina.startup.VersionLoggerListener.log Architecture:          amd64
13-Mar-2026 15:36:56.511 INFO [main] org.apache.catalina.startup.VersionLoggerListener.log Java Home:             C:\Program Files\Java\jdk-25.0.2
13-Mar-2026 15:36:56.511 INFO [main] org.apache.catalina.startup.VersionLoggerListener.log JVM Version:           25.0.2+10-LTS-69
13-Mar-2026 15:36:56.511 INFO [main] org.apache.catalina.startup.VersionLoggerListener.log JVM Vendor:            Oracle Corporation
13-Mar-2026 15:36:56.512 INFO [main] org.apache.catalina.startup.VersionLoggerListener.log CATALINA_BASE:         D:\STUDY\Website-projects\Talksy-chat-app\Backend\apache-tomcat-10.1.52\apache-tomcat-10.1.52
13-Mar-2026 15:36:56.512 INFO [main] org.apache.catalina.startup.VersionLoggerListener.log CATALINA_HOME:         D:\STUDY\Website-projects\Talksy-chat-app\Backend\apache-tomcat-10.1.52\apache-tomcat-10.1.52
13-Mar-2026 15:36:56.534 INFO [main] org.apache.catalina.startup.VersionLoggerListener.log Command line argument: -Djava.util.logging.config.file=D:\STUDY\Website-projects\Talksy-chat-app\Backend\apache-tomcat-10.1.52\apache-tomcat-10.1.52\conf\logging.properties
13-Mar-2026 15:36:56.534 INFO [main] org.apache.catalina.startup.VersionLoggerListener.log Command line argument: -Djava.util.logging.manager=org.apache.juli.ClassLoaderLogManager
13-Mar-2026 15:36:56.534 INFO [main] org.apache.catalina.startup.VersionLoggerListener.log Command line argument: -Djdk.tls.ephemeralDHKeySize=2048
13-Mar-2026 15:36:56.535 INFO [main] org.apache.catalina.startup.VersionLoggerListener.log Command line argument: -Djava.protocol.handler.pkgs=org.apache.catalina.webresources
13-Mar-2026 15:36:56.535 INFO [main] org.apache.catalina.startup.VersionLoggerListener.log Command line argument: -Dsun.io.useCanonCaches=false
13-Mar-2026 15:36:56.535 INFO [main] org.apache.catalina.startup.VersionLoggerListener.log Command line argument: --add-opens=java.base/java.lang=ALL-UNNAMED
13-Mar-2026 15:36:56.536 INFO [main] org.apache.catalina.startup.VersionLoggerListener.log Command line argument: --add-opens=java.base/java.lang.reflect=ALL-UNNAMED
13-Mar-2026 15:36:56.536 INFO [main] org.apache.catalina.startup.VersionLoggerListener.log Command line argument: --add-opens=java.base/java.io=ALL-UNNAMED
13-Mar-2026 15:36:56.536 INFO [main] org.apache.catalina.startup.VersionLoggerListener.log Command line argument: --add-opens=java.base/java.util=ALL-UNNAMED
13-Mar-2026 15:36:56.537 INFO [main] org.apache.catalina.startup.VersionLoggerListener.log Command line argument: --add-opens=java.base/java.util.concurrent=ALL-UNNAMED
13-Mar-2026 15:36:56.537 INFO [main] org.apache.catalina.startup.VersionLoggerListener.log Command line argument: --add-opens=java.rmi/sun.rmi.transport=ALL-UNNAMED
13-Mar-2026 15:36:56.537 INFO [main] org.apache.catalina.startup.VersionLoggerListener.log Command line argument: -Dcatalina.base=D:\STUDY\Website-projects\Talksy-chat-app\Backend\apache-tomcat-10.1.52\apache-tomcat-10.1.52
13-Mar-2026 15:36:56.538 INFO [main] org.apache.catalina.startup.VersionLoggerListener.log Command line argument: -Dcatalina.home=D:\STUDY\Website-projects\Talksy-chat-app\Backend\apache-tomcat-10.1.52\apache-tomcat-10.1.52
13-Mar-2026 15:36:56.538 INFO [main] org.apache.catalina.startup.VersionLoggerListener.log Command line argument: -Djava.io.tmpdir=D:\STUDY\Website-projects\Talksy-chat-app\Backend\apache-tomcat-10.1.52\apache-tomcat-10.1.52\temp
13-Mar-2026 15:36:56.548 INFO [main] org.apache.catalina.core.AprLifecycleListener.lifecycleEvent The Apache Tomcat Native library which allows using OpenSSL was not found on the java.library.path: [C:\Program Files\Java\jdk-25.0.2\bin;C:\WINDOWS\Sun\Java\bin;C:\WINDOWS\system32;C:\WINDOWS;C:\Program Files\Common Files\Oracle\Java\javapath;C:\WINDOWS\system32;C:\WINDOWS;C:\WINDOWS\System32\Wbem;C:\WINDOWS\System32\WindowsPowerShell\v1.0\;C:\WINDOWS\System32\OpenSSH\;C:\ProgramData\chocolatey\bin;C:\Program Files (x86)\Microsoft SQL Server\100\Tools\Binn\;C:\Program Files\Microsoft SQL Server\100\Tools\Binn\;C:\Program Files\Microsoft SQL Server\100\DTS\Binn\;C:\Program Files\nodejs\;C:\Program Files\Java\jdk-25.0.2\bin;C:\Program Files\MySQL\MySQL Shell 8.0\bin\;C:\Users\HP\AppData\Local\Microsoft\WindowsApps;C:\Users\HP\AppData\Local\Programs\Microsoft VS Code\bin;C:\Users\HP\AppData\Local\Programs\Antigravity\bin;C:\Users\HP\AppData\Roaming\npm;.]
13-Mar-2026 15:36:56.894 INFO [main] org.apache.coyote.AbstractProtocol.init Initializing ProtocolHandler ["http-nio-8080"]
13-Mar-2026 15:36:56.942 INFO [main] org.apache.catalina.startup.Catalina.load Server initialization in [667] milliseconds
13-Mar-2026 15:36:57.003 INFO [main] org.apache.catalina.core.StandardService.startInternal Starting service [Catalina]
13-Mar-2026 15:36:57.004 INFO [main] org.apache.catalina.core.StandardEngine.startInternal Starting Servlet engine: [Apache Tomcat/10.1.52]
13-Mar-2026 15:36:57.015 INFO [main] org.apache.catalina.startup.HostConfig.deployDirectory Deploying web application directory [D:\STUDY\Website-projects\Talksy-chat-app\Backend\apache-tomcat-10.1.52\apache-tomcat-10.1.52\webapps\chatapp]
13-Mar-2026 15:36:57.765 INFO [main] org.apache.jasper.servlet.TldScanner.scanJars At least one JAR was scanned for TLDs yet contained no TLDs. Enable debug logging for this logger for a complete list of JARs that were scanned but no TLDs were found in them. Skipping unneeded JARs during scanning can improve startup time and JSP compilation time.
13-Mar-2026 15:36:57.834 INFO [main] org.apache.catalina.startup.HostConfig.deployDirectory Deployment of web application directory [D:\STUDY\Website-projects\Talksy-chat-app\Backend\apache-tomcat-10.1.52\apache-tomcat-10.1.52\webapps\chatapp] has finished in [816] ms
13-Mar-2026 15:36:57.835 INFO [main] org.apache.catalina.startup.HostConfig.deployDirectory Deploying web application directory [D:\STUDY\Website-projects\Talksy-chat-app\Backend\apache-tomcat-10.1.52\apache-tomcat-10.1.52\webapps\docs]
13-Mar-2026 15:36:58.090 INFO [main] org.apache.jasper.servlet.TldScanner.scanJars At least one JAR was scanned for TLDs yet contained no TLDs. Enable debug logging for this logger for a complete list of JARs that were scanned but no TLDs were found in them. Skipping unneeded JARs during scanning can improve startup time and JSP compilation time.
13-Mar-2026 15:36:58.096 INFO [main] org.apache.catalina.startup.HostConfig.deployDirectory Deployment of web application directory [D:\STUDY\Website-projects\Talksy-chat-app\Backend\apache-tomcat-10.1.52\apache-tomcat-10.1.52\webapps\docs] has finished in [261] ms
13-Mar-2026 15:36:58.096 INFO [main] org.apache.catalina.startup.HostConfig.deployDirectory Deploying web application directory [D:\STUDY\Website-projects\Talksy-chat-app\Backend\apache-tomcat-10.1.52\apache-tomcat-10.1.52\webapps\examples]
13-Mar-2026 15:36:58.697 INFO [main] org.apache.jasper.servlet.TldScanner.scanJars At least one JAR was scanned for TLDs yet contained no TLDs. Enable debug logging for this logger for a complete list of JARs that were scanned but no TLDs were found in them. Skipping unneeded JARs during scanning can improve startup time and JSP compilation time.
13-Mar-2026 15:36:58.758 INFO [main] org.apache.catalina.startup.HostConfig.deployDirectory Deployment of web application directory [D:\STUDY\Website-projects\Talksy-chat-app\Backend\apache-tomcat-10.1.52\apache-tomcat-10.1.52\webapps\examples] has finished in [662] ms
13-Mar-2026 15:36:58.758 INFO [main] org.apache.catalina.startup.HostConfig.deployDirectory Deploying web application directory [D:\STUDY\Website-projects\Talksy-chat-app\Backend\apache-tomcat-10.1.52\apache-tomcat-10.1.52\webapps\host-manager]
13-Mar-2026 15:36:59.025 INFO [main] org.apache.jasper.servlet.TldScanner.scanJars At least one JAR was scanned for TLDs yet contained no TLDs. Enable debug logging for this logger for a complete list of JARs that were scanned but no TLDs were found in them. Skipping unneeded JARs during scanning can improve startup time and JSP compilation time.
13-Mar-2026 15:36:59.059 INFO [main] org.apache.catalina.startup.HostConfig.deployDirectory Deployment of web application directory [D:\STUDY\Website-projects\Talksy-chat-app\Backend\apache-tomcat-10.1.52\apache-tomcat-10.1.52\webapps\host-manager] has finished in [301] ms
13-Mar-2026 15:36:59.059 INFO [main] org.apache.catalina.startup.HostConfig.deployDirectory Deploying web application directory [D:\STUDY\Website-projects\Talksy-chat-app\Backend\apache-tomcat-10.1.52\apache-tomcat-10.1.52\webapps\manager]
13-Mar-2026 15:36:59.275 INFO [main] org.apache.jasper.servlet.TldScanner.scanJars At least one JAR was scanned for TLDs yet contained no TLDs. Enable debug logging for this logger for a complete list of JARs that were scanned but no TLDs were found in them. Skipping unneeded JARs during scanning can improve startup time and JSP compilation time.
13-Mar-2026 15:36:59.279 INFO [main] org.apache.catalina.startup.HostConfig.deployDirectory Deployment of web application directory [D:\STUDY\Website-projects\Talksy-chat-app\Backend\apache-tomcat-10.1.52\apache-tomcat-10.1.52\webapps\manager] has finished in [220] ms
13-Mar-2026 15:36:59.280 INFO [main] org.apache.catalina.startup.HostConfig.deployDirectory Deploying web application directory [D:\STUDY\Website-projects\Talksy-chat-app\Backend\apache-tomcat-10.1.52\apache-tomcat-10.1.52\webapps\ROOT]
13-Mar-2026 15:36:59.522 INFO [main] org.apache.jasper.servlet.TldScanner.scanJars At least one JAR was scanned for TLDs yet contained no TLDs. Enable debug logging for this logger for a complete list of JARs that were scanned but no TLDs were found in them. Skipping unneeded JARs during scanning can improve startup time and JSP compilation time.
13-Mar-2026 15:36:59.526 INFO [main] org.apache.catalina.startup.HostConfig.deployDirectory Deployment of web application directory [D:\STUDY\Website-projects\Talksy-chat-app\Backend\apache-tomcat-10.1.52\apache-tomcat-10.1.52\webapps\ROOT] has finished in [246] ms
13-Mar-2026 15:36:59.529 INFO [main] org.apache.coyote.AbstractProtocol.start Starting ProtocolHandler ["http-nio-8080"]
13-Mar-2026 15:36:59.566 INFO [main] org.apache.catalina.startup.Catalina.start Server startup in [2619] milliseconds
13-Mar-2026 15:44:58.253 INFO [main] org.apache.catalina.startup.VersionLoggerListener.log Server version name:   Apache Tomcat/10.1.52
13-Mar-2026 15:44:58.259 INFO [main] org.apache.catalina.startup.VersionLoggerListener.log Server built:          Jan 23 2026 19:29:07 UTC
13-Mar-2026 15:44:58.260 INFO [main] org.apache.catalina.startup.VersionLoggerListener.log Server version number: 10.1.52.0
13-Mar-2026 15:44:58.260 INFO [main] org.apache.catalina.startup.VersionLoggerListener.log OS Name:               Windows 11
13-Mar-2026 15:44:58.261 INFO [main] org.apache.catalina.startup.VersionLoggerListener.log OS Version:            10.0
13-Mar-2026 15:44:58.261 INFO [main] org.apache.catalina.startup.VersionLoggerListener.log Architecture:          amd64
13-Mar-2026 15:44:58.261 INFO [main] org.apache.catalina.startup.VersionLoggerListener.log Java Home:             C:\Program Files\Java\jdk-25.0.2
13-Mar-2026 15:44:58.262 INFO [main] org.apache.catalina.startup.VersionLoggerListener.log JVM Version:           25.0.2+10-LTS-69
13-Mar-2026 15:44:58.262 INFO [main] org.apache.catalina.startup.VersionLoggerListener.log JVM Vendor:            Oracle Corporation
13-Mar-2026 15:44:58.262 INFO [main] org.apache.catalina.startup.VersionLoggerListener.log CATALINA_BASE:         D:\STUDY\Website-projects\Talksy-chat-app\Backend\apache-tomcat-10.1.52\apache-tomcat-10.1.52
13-Mar-2026 15:44:58.262 INFO [main] org.apache.catalina.startup.VersionLoggerListener.log CATALINA_HOME:         D:\STUDY\Website-projects\Talksy-chat-app\Backend\apache-tomcat-10.1.52\apache-tomcat-10.1.52
13-Mar-2026 15:44:58.282 INFO [main] org.apache.catalina.startup.VersionLoggerListener.log Command line argument: -Djava.util.logging.config.file=D:\STUDY\Website-projects\Talksy-chat-app\Backend\apache-tomcat-10.1.52\apache-tomcat-10.1.52\conf\logging.properties
13-Mar-2026 15:44:58.283 INFO [main] org.apache.catalina.startup.VersionLoggerListener.log Command line argument: -Djava.util.logging.manager=org.apache.juli.ClassLoaderLogManager
13-Mar-2026 15:44:58.283 INFO [main] org.apache.catalina.startup.VersionLoggerListener.log Command line argument: -Djdk.tls.ephemeralDHKeySize=2048
13-Mar-2026 15:44:58.283 INFO [main] org.apache.catalina.startup.VersionLoggerListener.log Command line argument: -Djava.protocol.handler.pkgs=org.apache.catalina.webresources
13-Mar-2026 15:44:58.284 INFO [main] org.apache.catalina.startup.VersionLoggerListener.log Command line argument: -Dsun.io.useCanonCaches=false
13-Mar-2026 15:44:58.284 INFO [main] org.apache.catalina.startup.VersionLoggerListener.log Command line argument: --add-opens=java.base/java.lang=ALL-UNNAMED
13-Mar-2026 15:44:58.284 INFO [main] org.apache.catalina.startup.VersionLoggerListener.log Command line argument: --add-opens=java.base/java.lang.reflect=ALL-UNNAMED
13-Mar-2026 15:44:58.284 INFO [main] org.apache.catalina.startup.VersionLoggerListener.log Command line argument: --add-opens=java.base/java.io=ALL-UNNAMED
13-Mar-2026 15:44:58.285 INFO [main] org.apache.catalina.startup.VersionLoggerListener.log Command line argument: --add-opens=java.base/java.util=ALL-UNNAMED
13-Mar-2026 15:44:58.285 INFO [main] org.apache.catalina.startup.VersionLoggerListener.log Command line argument: --add-opens=java.base/java.util.concurrent=ALL-UNNAMED
13-Mar-2026 15:44:58.285 INFO [main] org.apache.catalina.startup.VersionLoggerListener.log Command line argument: --add-opens=java.rmi/sun.rmi.transport=ALL-UNNAMED
13-Mar-2026 15:44:58.285 INFO [main] org.apache.catalina.startup.VersionLoggerListener.log Command line argument: -Dcatalina.base=D:\STUDY\Website-projects\Talksy-chat-app\Backend\apache-tomcat-10.1.52\apache-tomcat-10.1.52
13-Mar-2026 15:44:58.285 INFO [main] org.apache.catalina.startup.VersionLoggerListener.log Command line argument: -Dcatalina.home=D:\STUDY\Website-projects\Talksy-chat-app\Backend\apache-tomcat-10.1.52\apache-tomcat-10.1.52
13-Mar-2026 15:44:58.286 INFO [main] org.apache.catalina.startup.VersionLoggerListener.log Command line argument: -Djava.io.tmpdir=D:\STUDY\Website-projects\Talksy-chat-app\Backend\apache-tomcat-10.1.52\apache-tomcat-10.1.52\temp
13-Mar-2026 15:44:58.295 INFO [main] org.apache.catalina.core.AprLifecycleListener.lifecycleEvent The Apache Tomcat Native library which allows using OpenSSL was not found on the java.library.path: [C:\Program Files\Java\jdk-25.0.2\bin;C:\WINDOWS\Sun\Java\bin;C:\WINDOWS\system32;C:\WINDOWS;C:\Program Files\Common Files\Oracle\Java\javapath;C:\WINDOWS\system32;C:\WINDOWS;C:\WINDOWS\System32\Wbem;C:\WINDOWS\System32\WindowsPowerShell\v1.0\;C:\WINDOWS\System32\OpenSSH\;C:\ProgramData\chocolatey\bin;C:\Program Files (x86)\Microsoft SQL Server\100\Tools\Binn\;C:\Program Files\Microsoft SQL Server\100\Tools\Binn\;C:\Program Files\Microsoft SQL Server\100\DTS\Binn\;C:\Program Files\nodejs\;C:\Program Files\Java\jdk-25.0.2\bin;C:\Program Files\MySQL\MySQL Shell 8.0\bin\;C:\Users\HP\AppData\Local\Microsoft\WindowsApps;C:\Users\HP\AppData\Local\Programs\Microsoft VS Code\bin;C:\Users\HP\AppData\Local\Programs\Antigravity\bin;C:\Users\HP\AppData\Roaming\npm;.]
13-Mar-2026 15:44:58.655 INFO [main] org.apache.coyote.AbstractProtocol.init Initializing ProtocolHandler ["http-nio-8080"]
13-Mar-2026 15:44:58.690 INFO [main] org.apache.catalina.startup.Catalina.load Server initialization in [670] milliseconds
13-Mar-2026 15:44:58.745 INFO [main] org.apache.catalina.core.StandardService.startInternal Starting service [Catalina]
13-Mar-2026 15:44:58.745 INFO [main] org.apache.catalina.core.StandardEngine.startInternal Starting Servlet engine: [Apache Tomcat/10.1.52]
13-Mar-2026 15:44:58.759 INFO [main] org.apache.catalina.startup.HostConfig.deployDirectory Deploying web application directory [D:\STUDY\Website-projects\Talksy-chat-app\Backend\apache-tomcat-10.1.52\apache-tomcat-10.1.52\webapps\chatapp]
13-Mar-2026 15:44:59.375 INFO [main] org.apache.jasper.servlet.TldScanner.scanJars At least one JAR was scanned for TLDs yet contained no TLDs. Enable debug logging for this logger for a complete list of JARs that were scanned but no TLDs were found in them. Skipping unneeded JARs during scanning can improve startup time and JSP compilation time.
13-Mar-2026 15:44:59.444 INFO [main] org.apache.catalina.startup.HostConfig.deployDirectory Deployment of web application directory [D:\STUDY\Website-projects\Talksy-chat-app\Backend\apache-tomcat-10.1.52\apache-tomcat-10.1.52\webapps\chatapp] has finished in [683] ms
13-Mar-2026 15:44:59.445 INFO [main] org.apache.catalina.startup.HostConfig.deployDirectory Deploying web application directory [D:\STUDY\Website-projects\Talksy-chat-app\Backend\apache-tomcat-10.1.52\apache-tomcat-10.1.52\webapps\docs]
13-Mar-2026 15:44:59.728 INFO [main] org.apache.jasper.servlet.TldScanner.scanJars At least one JAR was scanned for TLDs yet contained no TLDs. Enable debug logging for this logger for a complete list of JARs that were scanned but no TLDs were found in them. Skipping unneeded JARs during scanning can improve startup time and JSP compilation time.
13-Mar-2026 15:44:59.734 INFO [main] org.apache.catalina.startup.HostConfig.deployDirectory Deployment of web application directory [D:\STUDY\Website-projects\Talksy-chat-app\Backend\apache-tomcat-10.1.52\apache-tomcat-10.1.52\webapps\docs] has finished in [289] ms
13-Mar-2026 15:44:59.734 INFO [main] org.apache.catalina.startup.HostConfig.deployDirectory Deploying web application directory [D:\STUDY\Website-projects\Talksy-chat-app\Backend\apache-tomcat-10.1.52\apache-tomcat-10.1.52\webapps\examples]
13-Mar-2026 15:45:00.265 INFO [main] org.apache.jasper.servlet.TldScanner.scanJars At least one JAR was scanned for TLDs yet contained no TLDs. Enable debug logging for this logger for a complete list of JARs that were scanned but no TLDs were found in them. Skipping unneeded JARs during scanning can improve startup time and JSP compilation time.
13-Mar-2026 15:45:00.330 INFO [main] org.apache.catalina.startup.HostConfig.deployDirectory Deployment of web application directory [D:\STUDY\Website-projects\Talksy-chat-app\Backend\apache-tomcat-10.1.52\apache-tomcat-10.1.52\webapps\examples] has finished in [596] ms
13-Mar-2026 15:45:00.330 INFO [main] org.apache.catalina.startup.HostConfig.deployDirectory Deploying web application directory [D:\STUDY\Website-projects\Talksy-chat-app\Backend\apache-tomcat-10.1.52\apache-tomcat-10.1.52\webapps\host-manager]
13-Mar-2026 15:45:00.585 INFO [main] org.apache.jasper.servlet.TldScanner.scanJars At least one JAR was scanned for TLDs yet contained no TLDs. Enable debug logging for this logger for a complete list of JARs that were scanned but no TLDs were found in them. Skipping unneeded JARs during scanning can improve startup time and JSP compilation time.
13-Mar-2026 15:45:00.607 INFO [main] org.apache.catalina.startup.HostConfig.deployDirectory Deployment of web application directory [D:\STUDY\Website-projects\Talksy-chat-app\Backend\apache-tomcat-10.1.52\apache-tomcat-10.1.52\webapps\host-manager] has finished in [277] ms
13-Mar-2026 15:45:00.607 INFO [main] org.apache.catalina.startup.HostConfig.deployDirectory Deploying web application directory [D:\STUDY\Website-projects\Talksy-chat-app\Backend\apache-tomcat-10.1.52\apache-tomcat-10.1.52\webapps\manager]
13-Mar-2026 15:45:00.819 INFO [main] org.apache.jasper.servlet.TldScanner.scanJars At least one JAR was scanned for TLDs yet contained no TLDs. Enable debug logging for this logger for a complete list of JARs that were scanned but no TLDs were found in them. Skipping unneeded JARs during scanning can improve startup time and JSP compilation time.
13-Mar-2026 15:45:00.824 INFO [main] org.apache.catalina.startup.HostConfig.deployDirectory Deployment of web application directory [D:\STUDY\Website-projects\Talksy-chat-app\Backend\apache-tomcat-10.1.52\apache-tomcat-10.1.52\webapps\manager] has finished in [217] ms
13-Mar-2026 15:45:00.825 INFO [main] org.apache.catalina.startup.HostConfig.deployDirectory Deploying web application directory [D:\STUDY\Website-projects\Talksy-chat-app\Backend\apache-tomcat-10.1.52\apache-tomcat-10.1.52\webapps\ROOT]
13-Mar-2026 15:45:01.043 INFO [main] org.apache.jasper.servlet.TldScanner.scanJars At least one JAR was scanned for TLDs yet contained no TLDs. Enable debug logging for this logger for a complete list of JARs that were scanned but no TLDs were found in them. Skipping unneeded JARs during scanning can improve startup time and JSP compilation time.
13-Mar-2026 15:45:01.049 INFO [main] org.apache.catalina.startup.HostConfig.deployDirectory Deployment of web application directory [D:\STUDY\Website-projects\Talksy-chat-app\Backend\apache-tomcat-10.1.52\apache-tomcat-10.1.52\webapps\ROOT] has finished in [224] ms
13-Mar-2026 15:45:01.056 INFO [main] org.apache.coyote.AbstractProtocol.start Starting ProtocolHandler ["http-nio-8080"]
13-Mar-2026 15:45:01.118 INFO [main] org.apache.catalina.startup.Catalina.start Server startup in [2423] milliseconds
13-Mar-2026 15:55:48.318 INFO [main] org.apache.catalina.startup.VersionLoggerListener.log Server version name:   Apache Tomcat/10.1.52
13-Mar-2026 15:55:48.321 INFO [main] org.apache.catalina.startup.VersionLoggerListener.log Server built:          Jan 23 2026 19:29:07 UTC
13-Mar-2026 15:55:48.322 INFO [main] org.apache.catalina.startup.VersionLoggerListener.log Server version number: 10.1.52.0
13-Mar-2026 15:55:48.322 INFO [main] org.apache.catalina.startup.VersionLoggerListener.log OS Name:               Windows 11
13-Mar-2026 15:55:48.322 INFO [main] org.apache.catalina.startup.VersionLoggerListener.log OS Version:            10.0
13-Mar-2026 15:55:48.324 INFO [main] org.apache.catalina.startup.VersionLoggerListener.log Architecture:          amd64
13-Mar-2026 15:55:48.324 INFO [main] org.apache.catalina.startup.VersionLoggerListener.log Java Home:             C:\Program Files\Java\jdk-25.0.2
13-Mar-2026 15:55:48.324 INFO [main] org.apache.catalina.startup.VersionLoggerListener.log JVM Version:           25.0.2+10-LTS-69
13-Mar-2026 15:55:48.324 INFO [main] org.apache.catalina.startup.VersionLoggerListener.log JVM Vendor:            Oracle Corporation
13-Mar-2026 15:55:48.325 INFO [main] org.apache.catalina.startup.VersionLoggerListener.log CATALINA_BASE:         D:\STUDY\Website-projects\Talksy-chat-app\Backend\apache-tomcat-10.1.52\apache-tomcat-10.1.52
13-Mar-2026 15:55:48.325 INFO [main] org.apache.catalina.startup.VersionLoggerListener.log CATALINA_HOME:         D:\STUDY\Website-projects\Talksy-chat-app\Backend\apache-tomcat-10.1.52\apache-tomcat-10.1.52
13-Mar-2026 15:55:48.346 INFO [main] org.apache.catalina.startup.VersionLoggerListener.log Command line argument: -Djava.util.logging.config.file=D:\STUDY\Website-projects\Talksy-chat-app\Backend\apache-tomcat-10.1.52\apache-tomcat-10.1.52\conf\logging.properties
13-Mar-2026 15:55:48.347 INFO [main] org.apache.catalina.startup.VersionLoggerListener.log Command line argument: -Djava.util.logging.manager=org.apache.juli.ClassLoaderLogManager
13-Mar-2026 15:55:48.348 INFO [main] org.apache.catalina.startup.VersionLoggerListener.log Command line argument: -Djdk.tls.ephemeralDHKeySize=2048
13-Mar-2026 15:55:48.348 INFO [main] org.apache.catalina.startup.VersionLoggerListener.log Command line argument: -Djava.protocol.handler.pkgs=org.apache.catalina.webresources
13-Mar-2026 15:55:48.349 INFO [main] org.apache.catalina.startup.VersionLoggerListener.log Command line argument: -Dsun.io.useCanonCaches=false
13-Mar-2026 15:55:48.349 INFO [main] org.apache.catalina.startup.VersionLoggerListener.log Command line argument: --add-opens=java.base/java.lang=ALL-UNNAMED
13-Mar-2026 15:55:48.350 INFO [main] org.apache.catalina.startup.VersionLoggerListener.log Command line argument: --add-opens=java.base/java.lang.reflect=ALL-UNNAMED
13-Mar-2026 15:55:48.350 INFO [main] org.apache.catalina.startup.VersionLoggerListener.log Command line argument: --add-opens=java.base/java.io=ALL-UNNAMED
13-Mar-2026 15:55:48.351 INFO [main] org.apache.catalina.startup.VersionLoggerListener.log Command line argument: --add-opens=java.base/java.util=ALL-UNNAMED
13-Mar-2026 15:55:48.351 INFO [main] org.apache.catalina.startup.VersionLoggerListener.log Command line argument: --add-opens=java.base/java.util.concurrent=ALL-UNNAMED
13-Mar-2026 15:55:48.351 INFO [main] org.apache.catalina.startup.VersionLoggerListener.log Command line argument: --add-opens=java.rmi/sun.rmi.transport=ALL-UNNAMED
13-Mar-2026 15:55:48.353 INFO [main] org.apache.catalina.startup.VersionLoggerListener.log Command line argument: -Dcatalina.base=D:\STUDY\Website-projects\Talksy-chat-app\Backend\apache-tomcat-10.1.52\apache-tomcat-10.1.52
13-Mar-2026 15:55:48.353 INFO [main] org.apache.catalina.startup.VersionLoggerListener.log Command line argument: -Dcatalina.home=D:\STUDY\Website-projects\Talksy-chat-app\Backend\apache-tomcat-10.1.52\apache-tomcat-10.1.52
13-Mar-2026 15:55:48.353 INFO [main] org.apache.catalina.startup.VersionLoggerListener.log Command line argument: -Djava.io.tmpdir=D:\STUDY\Website-projects\Talksy-chat-app\Backend\apache-tomcat-10.1.52\apache-tomcat-10.1.52\temp
13-Mar-2026 15:55:48.363 INFO [main] org.apache.catalina.core.AprLifecycleListener.lifecycleEvent The Apache Tomcat Native library which allows using OpenSSL was not found on the java.library.path: [C:\Program Files\Java\jdk-25.0.2\bin;C:\WINDOWS\Sun\Java\bin;C:\WINDOWS\system32;C:\WINDOWS;C:\Program Files\Common Files\Oracle\Java\javapath;C:\WINDOWS\system32;C:\WINDOWS;C:\WINDOWS\System32\Wbem;C:\WINDOWS\System32\WindowsPowerShell\v1.0\;C:\WINDOWS\System32\OpenSSH\;C:\ProgramData\chocolatey\bin;C:\Program Files (x86)\Microsoft SQL Server\100\Tools\Binn\;C:\Program Files\Microsoft SQL Server\100\Tools\Binn\;C:\Program Files\Microsoft SQL Server\100\DTS\Binn\;C:\Program Files\nodejs\;C:\Program Files\Java\jdk-25.0.2\bin;C:\Program Files\MySQL\MySQL Shell 8.0\bin\;C:\Users\HP\AppData\Local\Microsoft\WindowsApps;C:\Users\HP\AppData\Local\Programs\Microsoft VS Code\bin;C:\Users\HP\AppData\Local\Programs\Antigravity\bin;C:\Users\HP\AppData\Roaming\npm;.]
13-Mar-2026 15:55:48.681 INFO [main] org.apache.coyote.AbstractProtocol.init Initializing ProtocolHandler ["http-nio-8080"]
13-Mar-2026 15:55:48.721 INFO [main] org.apache.catalina.startup.Catalina.load Server initialization in [633] milliseconds
13-Mar-2026 15:55:48.778 INFO [main] org.apache.catalina.core.StandardService.startInternal Starting service [Catalina]
13-Mar-2026 15:55:48.779 INFO [main] org.apache.catalina.core.StandardEngine.startInternal Starting Servlet engine: [Apache Tomcat/10.1.52]
13-Mar-2026 15:55:48.791 INFO [main] org.apache.catalina.startup.HostConfig.deployDirectory Deploying web application directory [D:\STUDY\Website-projects\Talksy-chat-app\Backend\apache-tomcat-10.1.52\apache-tomcat-10.1.52\webapps\chatapp]
13-Mar-2026 15:55:49.437 INFO [main] org.apache.jasper.servlet.TldScanner.scanJars At least one JAR was scanned for TLDs yet contained no TLDs. Enable debug logging for this logger for a complete list of JARs that were scanned but no TLDs were found in them. Skipping unneeded JARs during scanning can improve startup time and JSP compilation time.
13-Mar-2026 15:55:49.514 INFO [main] org.apache.catalina.startup.HostConfig.deployDirectory Deployment of web application directory [D:\STUDY\Website-projects\Talksy-chat-app\Backend\apache-tomcat-10.1.52\apache-tomcat-10.1.52\webapps\chatapp] has finished in [716] ms
13-Mar-2026 15:55:49.515 INFO [main] org.apache.catalina.startup.HostConfig.deployDirectory Deploying web application directory [D:\STUDY\Website-projects\Talksy-chat-app\Backend\apache-tomcat-10.1.52\apache-tomcat-10.1.52\webapps\docs]
13-Mar-2026 15:55:49.860 INFO [main] org.apache.jasper.servlet.TldScanner.scanJars At least one JAR was scanned for TLDs yet contained no TLDs. Enable debug logging for this logger for a complete list of JARs that were scanned but no TLDs were found in them. Skipping unneeded JARs during scanning can improve startup time and JSP compilation time.
13-Mar-2026 15:55:49.866 INFO [main] org.apache.catalina.startup.HostConfig.deployDirectory Deployment of web application directory [D:\STUDY\Website-projects\Talksy-chat-app\Backend\apache-tomcat-10.1.52\apache-tomcat-10.1.52\webapps\docs] has finished in [350] ms
13-Mar-2026 15:55:49.866 INFO [main] org.apache.catalina.startup.HostConfig.deployDirectory Deploying web application directory [D:\STUDY\Website-projects\Talksy-chat-app\Backend\apache-tomcat-10.1.52\apache-tomcat-10.1.52\webapps\examples]
13-Mar-2026 15:55:50.411 INFO [main] org.apache.jasper.servlet.TldScanner.scanJars At least one JAR was scanned for TLDs yet contained no TLDs. Enable debug logging for this logger for a complete list of JARs that were scanned but no TLDs were found in them. Skipping unneeded JARs during scanning can improve startup time and JSP compilation time.
13-Mar-2026 15:55:50.472 INFO [main] org.apache.catalina.startup.HostConfig.deployDirectory Deployment of web application directory [D:\STUDY\Website-projects\Talksy-chat-app\Backend\apache-tomcat-10.1.52\apache-tomcat-10.1.52\webapps\examples] has finished in [606] ms
13-Mar-2026 15:55:50.473 INFO [main] org.apache.catalina.startup.HostConfig.deployDirectory Deploying web application directory [D:\STUDY\Website-projects\Talksy-chat-app\Backend\apache-tomcat-10.1.52\apache-tomcat-10.1.52\webapps\host-manager]
13-Mar-2026 15:55:50.747 INFO [main] org.apache.jasper.servlet.TldScanner.scanJars At least one JAR was scanned for TLDs yet contained no TLDs. Enable debug logging for this logger for a complete list of JARs that were scanned but no TLDs were found in them. Skipping unneeded JARs during scanning can improve startup time and JSP compilation time.
13-Mar-2026 15:55:50.781 INFO [main] org.apache.catalina.startup.HostConfig.deployDirectory Deployment of web application directory [D:\STUDY\Website-projects\Talksy-chat-app\Backend\apache-tomcat-10.1.52\apache-tomcat-10.1.52\webapps\host-manager] has finished in [308] ms
13-Mar-2026 15:55:50.782 INFO [main] org.apache.catalina.startup.HostConfig.deployDirectory Deploying web application directory [D:\STUDY\Website-projects\Talksy-chat-app\Backend\apache-tomcat-10.1.52\apache-tomcat-10.1.52\webapps\manager]
13-Mar-2026 15:55:50.999 INFO [main] org.apache.jasper.servlet.TldScanner.scanJars At least one JAR was scanned for TLDs yet contained no TLDs. Enable debug logging for this logger for a complete list of JARs that were scanned but no TLDs were found in them. Skipping unneeded JARs during scanning can improve startup time and JSP compilation time.
13-Mar-2026 15:55:51.004 INFO [main] org.apache.catalina.startup.HostConfig.deployDirectory Deployment of web application directory [D:\STUDY\Website-projects\Talksy-chat-app\Backend\apache-tomcat-10.1.52\apache-tomcat-10.1.52\webapps\manager] has finished in [222] ms
13-Mar-2026 15:55:51.004 INFO [main] org.apache.catalina.startup.HostConfig.deployDirectory Deploying web application directory [D:\STUDY\Website-projects\Talksy-chat-app\Backend\apache-tomcat-10.1.52\apache-tomcat-10.1.52\webapps\ROOT]
13-Mar-2026 15:55:51.206 INFO [main] org.apache.jasper.servlet.TldScanner.scanJars At least one JAR was scanned for TLDs yet contained no TLDs. Enable debug logging for this logger for a complete list of JARs that were scanned but no TLDs were found in them. Skipping unneeded JARs during scanning can improve startup time and JSP compilation time.
13-Mar-2026 15:55:51.211 INFO [main] org.apache.catalina.startup.HostConfig.deployDirectory Deployment of web application directory [D:\STUDY\Website-projects\Talksy-chat-app\Backend\apache-tomcat-10.1.52\apache-tomcat-10.1.52\webapps\ROOT] has finished in [206] ms
13-Mar-2026 15:55:51.215 INFO [main] org.apache.coyote.AbstractProtocol.start Starting ProtocolHandler ["http-nio-8080"]
13-Mar-2026 15:55:51.280 INFO [main] org.apache.catalina.startup.Catalina.start Server startup in [2555] milliseconds
13-Mar-2026 16:01:11.561 INFO [main] org.apache.catalina.startup.VersionLoggerListener.log Server version name:   Apache Tomcat/10.1.52
13-Mar-2026 16:01:11.565 INFO [main] org.apache.catalina.startup.VersionLoggerListener.log Server built:          Jan 23 2026 19:29:07 UTC
13-Mar-2026 16:01:11.566 INFO [main] org.apache.catalina.startup.VersionLoggerListener.log Server version number: 10.1.52.0
13-Mar-2026 16:01:11.567 INFO [main] org.apache.catalina.startup.VersionLoggerListener.log OS Name:               Windows 11
13-Mar-2026 16:01:11.567 INFO [main] org.apache.catalina.startup.VersionLoggerListener.log OS Version:            10.0
13-Mar-2026 16:01:11.567 INFO [main] org.apache.catalina.startup.VersionLoggerListener.log Architecture:          amd64
13-Mar-2026 16:01:11.567 INFO [main] org.apache.catalina.startup.VersionLoggerListener.log Java Home:             C:\Program Files\Java\jdk-25.0.2
13-Mar-2026 16:01:11.568 INFO [main] org.apache.catalina.startup.VersionLoggerListener.log JVM Version:           25.0.2+10-LTS-69
13-Mar-2026 16:01:11.568 INFO [main] org.apache.catalina.startup.VersionLoggerListener.log JVM Vendor:            Oracle Corporation
13-Mar-2026 16:01:11.568 INFO [main] org.apache.catalina.startup.VersionLoggerListener.log CATALINA_BASE:         D:\STUDY\Website-projects\Talksy-chat-app\Backend\apache-tomcat-10.1.52\apache-tomcat-10.1.52
13-Mar-2026 16:01:11.569 INFO [main] org.apache.catalina.startup.VersionLoggerListener.log CATALINA_HOME:         D:\STUDY\Website-projects\Talksy-chat-app\Backend\apache-tomcat-10.1.52\apache-tomcat-10.1.52
13-Mar-2026 16:01:11.589 INFO [main] org.apache.catalina.startup.VersionLoggerListener.log Command line argument: -Djava.util.logging.config.file=D:\STUDY\Website-projects\Talksy-chat-app\Backend\apache-tomcat-10.1.52\apache-tomcat-10.1.52\conf\logging.properties
13-Mar-2026 16:01:11.590 INFO [main] org.apache.catalina.startup.VersionLoggerListener.log Command line argument: -Djava.util.logging.manager=org.apache.juli.ClassLoaderLogManager
13-Mar-2026 16:01:11.590 INFO [main] org.apache.catalina.startup.VersionLoggerListener.log Command line argument: -Djdk.tls.ephemeralDHKeySize=2048
13-Mar-2026 16:01:11.590 INFO [main] org.apache.catalina.startup.VersionLoggerListener.log Command line argument: -Djava.protocol.handler.pkgs=org.apache.catalina.webresources
13-Mar-2026 16:01:11.590 INFO [main] org.apache.catalina.startup.VersionLoggerListener.log Command line argument: -Dsun.io.useCanonCaches=false
13-Mar-2026 16:01:11.591 INFO [main] org.apache.catalina.startup.VersionLoggerListener.log Command line argument: --add-opens=java.base/java.lang=ALL-UNNAMED
13-Mar-2026 16:01:11.591 INFO [main] org.apache.catalina.startup.VersionLoggerListener.log Command line argument: --add-opens=java.base/java.lang.reflect=ALL-UNNAMED
13-Mar-2026 16:01:11.591 INFO [main] org.apache.catalina.startup.VersionLoggerListener.log Command line argument: --add-opens=java.base/java.io=ALL-UNNAMED
13-Mar-2026 16:01:11.591 INFO [main] org.apache.catalina.startup.VersionLoggerListener.log Command line argument: --add-opens=java.base/java.util=ALL-UNNAMED
13-Mar-2026 16:01:11.591 INFO [main] org.apache.catalina.startup.VersionLoggerListener.log Command line argument: --add-opens=java.base/java.util.concurrent=ALL-UNNAMED
13-Mar-2026 16:01:11.592 INFO [main] org.apache.catalina.startup.VersionLoggerListener.log Command line argument: --add-opens=java.rmi/sun.rmi.transport=ALL-UNNAMED
13-Mar-2026 16:01:11.592 INFO [main] org.apache.catalina.startup.VersionLoggerListener.log Command line argument: -Dcatalina.base=D:\STUDY\Website-projects\Talksy-chat-app\Backend\apache-tomcat-10.1.52\apache-tomcat-10.1.52
13-Mar-2026 16:01:11.592 INFO [main] org.apache.catalina.startup.VersionLoggerListener.log Command line argument: -Dcatalina.home=D:\STUDY\Website-projects\Talksy-chat-app\Backend\apache-tomcat-10.1.52\apache-tomcat-10.1.52
13-Mar-2026 16:01:11.592 INFO [main] org.apache.catalina.startup.VersionLoggerListener.log Command line argument: -Djava.io.tmpdir=D:\STUDY\Website-projects\Talksy-chat-app\Backend\apache-tomcat-10.1.52\apache-tomcat-10.1.52\temp
13-Mar-2026 16:01:11.602 INFO [main] org.apache.catalina.core.AprLifecycleListener.lifecycleEvent The Apache Tomcat Native library which allows using OpenSSL was not found on the java.library.path: [C:\Program Files\Java\jdk-25.0.2\bin;C:\WINDOWS\Sun\Java\bin;C:\WINDOWS\system32;C:\WINDOWS;C:\Program Files\Common Files\Oracle\Java\javapath;C:\WINDOWS\system32;C:\WINDOWS;C:\WINDOWS\System32\Wbem;C:\WINDOWS\System32\WindowsPowerShell\v1.0\;C:\WINDOWS\System32\OpenSSH\;C:\ProgramData\chocolatey\bin;C:\Program Files (x86)\Microsoft SQL Server\100\Tools\Binn\;C:\Program Files\Microsoft SQL Server\100\Tools\Binn\;C:\Program Files\Microsoft SQL Server\100\DTS\Binn\;C:\Program Files\nodejs\;C:\Program Files\Java\jdk-25.0.2\bin;C:\Program Files\MySQL\MySQL Shell 8.0\bin\;C:\Users\HP\AppData\Local\Microsoft\WindowsApps;C:\Users\HP\AppData\Local\Programs\Microsoft VS Code\bin;C:\Users\HP\AppData\Local\Programs\Antigravity\bin;C:\Users\HP\AppData\Roaming\npm;.]
13-Mar-2026 16:01:11.914 INFO [main] org.apache.coyote.AbstractProtocol.init Initializing ProtocolHandler ["http-nio-8080"]
13-Mar-2026 16:01:11.948 INFO [main] org.apache.catalina.startup.Catalina.load Server initialization in [586] milliseconds
13-Mar-2026 16:01:11.993 INFO [main] org.apache.catalina.core.StandardService.startInternal Starting service [Catalina]
13-Mar-2026 16:01:11.993 INFO [main] org.apache.catalina.core.StandardEngine.startInternal Starting Servlet engine: [Apache Tomcat/10.1.52]
13-Mar-2026 16:01:12.004 INFO [main] org.apache.catalina.startup.HostConfig.deployDirectory Deploying web application directory [D:\STUDY\Website-projects\Talksy-chat-app\Backend\apache-tomcat-10.1.52\apache-tomcat-10.1.52\webapps\chatapp]
13-Mar-2026 16:01:12.621 INFO [main] org.apache.jasper.servlet.TldScanner.scanJars At least one JAR was scanned for TLDs yet contained no TLDs. Enable debug logging for this logger for a complete list of JARs that were scanned but no TLDs were found in them. Skipping unneeded JARs during scanning can improve startup time and JSP compilation time.
13-Mar-2026 16:01:12.676 INFO [main] org.apache.catalina.startup.HostConfig.deployDirectory Deployment of web application directory [D:\STUDY\Website-projects\Talksy-chat-app\Backend\apache-tomcat-10.1.52\apache-tomcat-10.1.52\webapps\chatapp] has finished in [670] ms
13-Mar-2026 16:01:12.677 INFO [main] org.apache.catalina.startup.HostConfig.deployDirectory Deploying web application directory [D:\STUDY\Website-projects\Talksy-chat-app\Backend\apache-tomcat-10.1.52\apache-tomcat-10.1.52\webapps\docs]
13-Mar-2026 16:01:12.940 INFO [main] org.apache.jasper.servlet.TldScanner.scanJars At least one JAR was scanned for TLDs yet contained no TLDs. Enable debug logging for this logger for a complete list of JARs that were scanned but no TLDs were found in them. Skipping unneeded JARs during scanning can improve startup time and JSP compilation time.
13-Mar-2026 16:01:12.945 INFO [main] org.apache.catalina.startup.HostConfig.deployDirectory Deployment of web application directory [D:\STUDY\Website-projects\Talksy-chat-app\Backend\apache-tomcat-10.1.52\apache-tomcat-10.1.52\webapps\docs] has finished in [269] ms
13-Mar-2026 16:01:12.946 INFO [main] org.apache.catalina.startup.HostConfig.deployDirectory Deploying web application directory [D:\STUDY\Website-projects\Talksy-chat-app\Backend\apache-tomcat-10.1.52\apache-tomcat-10.1.52\webapps\examples]
13-Mar-2026 16:01:13.502 INFO [main] org.apache.jasper.servlet.TldScanner.scanJars At least one JAR was scanned for TLDs yet contained no TLDs. Enable debug logging for this logger for a complete list of JARs that were scanned but no TLDs were found in them. Skipping unneeded JARs during scanning can improve startup time and JSP compilation time.
13-Mar-2026 16:01:13.574 INFO [main] org.apache.catalina.startup.HostConfig.deployDirectory Deployment of web application directory [D:\STUDY\Website-projects\Talksy-chat-app\Backend\apache-tomcat-10.1.52\apache-tomcat-10.1.52\webapps\examples] has finished in [628] ms
13-Mar-2026 16:01:13.575 INFO [main] org.apache.catalina.startup.HostConfig.deployDirectory Deploying web application directory [D:\STUDY\Website-projects\Talksy-chat-app\Backend\apache-tomcat-10.1.52\apache-tomcat-10.1.52\webapps\host-manager]
13-Mar-2026 16:01:13.821 INFO [main] org.apache.jasper.servlet.TldScanner.scanJars At least one JAR was scanned for TLDs yet contained no TLDs. Enable debug logging for this logger for a complete list of JARs that were scanned but no TLDs were found in them. Skipping unneeded JARs during scanning can improve startup time and JSP compilation time.
13-Mar-2026 16:01:13.836 INFO [main] org.apache.catalina.startup.HostConfig.deployDirectory Deployment of web application directory [D:\STUDY\Website-projects\Talksy-chat-app\Backend\apache-tomcat-10.1.52\apache-tomcat-10.1.52\webapps\host-manager] has finished in [262] ms
13-Mar-2026 16:01:13.837 INFO [main] org.apache.catalina.startup.HostConfig.deployDirectory Deploying web application directory [D:\STUDY\Website-projects\Talksy-chat-app\Backend\apache-tomcat-10.1.52\apache-tomcat-10.1.52\webapps\manager]
13-Mar-2026 16:01:14.051 INFO [main] org.apache.jasper.servlet.TldScanner.scanJars At least one JAR was scanned for TLDs yet contained no TLDs. Enable debug logging for this logger for a complete list of JARs that were scanned but no TLDs were found in them. Skipping unneeded JARs during scanning can improve startup time and JSP compilation time.
13-Mar-2026 16:01:14.057 INFO [main] org.apache.catalina.startup.HostConfig.deployDirectory Deployment of web application directory [D:\STUDY\Website-projects\Talksy-chat-app\Backend\apache-tomcat-10.1.52\apache-tomcat-10.1.52\webapps\manager] has finished in [219] ms
13-Mar-2026 16:01:14.057 INFO [main] org.apache.catalina.startup.HostConfig.deployDirectory Deploying web application directory [D:\STUDY\Website-projects\Talksy-chat-app\Backend\apache-tomcat-10.1.52\apache-tomcat-10.1.52\webapps\ROOT]
13-Mar-2026 16:01:14.281 INFO [main] org.apache.jasper.servlet.TldScanner.scanJars At least one JAR was scanned for TLDs yet contained no TLDs. Enable debug logging for this logger for a complete list of JARs that were scanned but no TLDs were found in them. Skipping unneeded JARs during scanning can improve startup time and JSP compilation time.
13-Mar-2026 16:01:14.287 INFO [main] org.apache.catalina.startup.HostConfig.deployDirectory Deployment of web application directory [D:\STUDY\Website-projects\Talksy-chat-app\Backend\apache-tomcat-10.1.52\apache-tomcat-10.1.52\webapps\ROOT] has finished in [229] ms
13-Mar-2026 16:01:14.290 INFO [main] org.apache.coyote.AbstractProtocol.start Starting ProtocolHandler ["http-nio-8080"]
13-Mar-2026 16:01:14.322 INFO [main] org.apache.catalina.startup.Catalina.start Server startup in [2371] milliseconds
13-Mar-2026 16:21:20.582 INFO [main] org.apache.catalina.startup.VersionLoggerListener.log Server version name:   Apache Tomcat/10.1.52
13-Mar-2026 16:21:20.589 INFO [main] org.apache.catalina.startup.VersionLoggerListener.log Server built:          Jan 23 2026 19:29:07 UTC
13-Mar-2026 16:21:20.590 INFO [main] org.apache.catalina.startup.VersionLoggerListener.log Server version number: 10.1.52.0
13-Mar-2026 16:21:20.590 INFO [main] org.apache.catalina.startup.VersionLoggerListener.log OS Name:               Windows 11
13-Mar-2026 16:21:20.591 INFO [main] org.apache.catalina.startup.VersionLoggerListener.log OS Version:            10.0
13-Mar-2026 16:21:20.592 INFO [main] org.apache.catalina.startup.VersionLoggerListener.log Architecture:          amd64
13-Mar-2026 16:21:20.592 INFO [main] org.apache.catalina.startup.VersionLoggerListener.log Java Home:             C:\Program Files\Java\jdk-25.0.2
13-Mar-2026 16:21:20.592 INFO [main] org.apache.catalina.startup.VersionLoggerListener.log JVM Version:           25.0.2+10-LTS-69
13-Mar-2026 16:21:20.593 INFO [main] org.apache.catalina.startup.VersionLoggerListener.log JVM Vendor:            Oracle Corporation
13-Mar-2026 16:21:20.593 INFO [main] org.apache.catalina.startup.VersionLoggerListener.log CATALINA_BASE:         D:\STUDY\Website-projects\Talksy-chat-app\Backend\apache-tomcat-10.1.52\apache-tomcat-10.1.52
13-Mar-2026 16:21:20.593 INFO [main] org.apache.catalina.startup.VersionLoggerListener.log CATALINA_HOME:         D:\STUDY\Website-projects\Talksy-chat-app\Backend\apache-tomcat-10.1.52\apache-tomcat-10.1.52
13-Mar-2026 16:21:20.611 INFO [main] org.apache.catalina.startup.VersionLoggerListener.log Command line argument: -Djava.util.logging.config.file=D:\STUDY\Website-projects\Talksy-chat-app\Backend\apache-tomcat-10.1.52\apache-tomcat-10.1.52\conf\logging.properties
13-Mar-2026 16:21:20.611 INFO [main] org.apache.catalina.startup.VersionLoggerListener.log Command line argument: -Djava.util.logging.manager=org.apache.juli.ClassLoaderLogManager
13-Mar-2026 16:21:20.611 INFO [main] org.apache.catalina.startup.VersionLoggerListener.log Command line argument: -Djdk.tls.ephemeralDHKeySize=2048
13-Mar-2026 16:21:20.612 INFO [main] org.apache.catalina.startup.VersionLoggerListener.log Command line argument: -Djava.protocol.handler.pkgs=org.apache.catalina.webresources
13-Mar-2026 16:21:20.612 INFO [main] org.apache.catalina.startup.VersionLoggerListener.log Command line argument: -Dsun.io.useCanonCaches=false
13-Mar-2026 16:21:20.612 INFO [main] org.apache.catalina.startup.VersionLoggerListener.log Command line argument: --add-opens=java.base/java.lang=ALL-UNNAMED
13-Mar-2026 16:21:20.612 INFO [main] org.apache.catalina.startup.VersionLoggerListener.log Command line argument: --add-opens=java.base/java.lang.reflect=ALL-UNNAMED
13-Mar-2026 16:21:20.613 INFO [main] org.apache.catalina.startup.VersionLoggerListener.log Command line argument: --add-opens=java.base/java.io=ALL-UNNAMED
13-Mar-2026 16:21:20.613 INFO [main] org.apache.catalina.startup.VersionLoggerListener.log Command line argument: --add-opens=java.base/java.util=ALL-UNNAMED
13-Mar-2026 16:21:20.613 INFO [main] org.apache.catalina.startup.VersionLoggerListener.log Command line argument: --add-opens=java.base/java.util.concurrent=ALL-UNNAMED
13-Mar-2026 16:21:20.613 INFO [main] org.apache.catalina.startup.VersionLoggerListener.log Command line argument: --add-opens=java.rmi/sun.rmi.transport=ALL-UNNAMED
13-Mar-2026 16:21:20.614 INFO [main] org.apache.catalina.startup.VersionLoggerListener.log Command line argument: -Dcatalina.base=D:\STUDY\Website-projects\Talksy-chat-app\Backend\apache-tomcat-10.1.52\apache-tomcat-10.1.52
13-Mar-2026 16:21:20.614 INFO [main] org.apache.catalina.startup.VersionLoggerListener.log Command line argument: -Dcatalina.home=D:\STUDY\Website-projects\Talksy-chat-app\Backend\apache-tomcat-10.1.52\apache-tomcat-10.1.52
13-Mar-2026 16:21:20.614 INFO [main] org.apache.catalina.startup.VersionLoggerListener.log Command line argument: -Djava.io.tmpdir=D:\STUDY\Website-projects\Talksy-chat-app\Backend\apache-tomcat-10.1.52\apache-tomcat-10.1.52\temp
13-Mar-2026 16:21:20.624 INFO [main] org.apache.catalina.core.AprLifecycleListener.lifecycleEvent The Apache Tomcat Native library which allows using OpenSSL was not found on the java.library.path: [C:\Program Files\Java\jdk-25.0.2\bin;C:\WINDOWS\Sun\Java\bin;C:\WINDOWS\system32;C:\WINDOWS;C:\Program Files\Common Files\Oracle\Java\javapath;C:\WINDOWS\system32;C:\WINDOWS;C:\WINDOWS\System32\Wbem;C:\WINDOWS\System32\WindowsPowerShell\v1.0\;C:\WINDOWS\System32\OpenSSH\;C:\ProgramData\chocolatey\bin;C:\Program Files (x86)\Microsoft SQL Server\100\Tools\Binn\;C:\Program Files\Microsoft SQL Server\100\Tools\Binn\;C:\Program Files\Microsoft SQL Server\100\DTS\Binn\;C:\Program Files\nodejs\;C:\Program Files\Java\jdk-25.0.2\bin;C:\Program Files\MySQL\MySQL Shell 8.0\bin\;C:\Users\HP\AppData\Local\Microsoft\WindowsApps;C:\Users\HP\AppData\Local\Programs\Microsoft VS Code\bin;C:\Users\HP\AppData\Local\Programs\Antigravity\bin;C:\Users\HP\AppData\Roaming\npm;.]
13-Mar-2026 16:21:20.904 INFO [main] org.apache.coyote.AbstractProtocol.init Initializing ProtocolHandler ["http-nio-8080"]
13-Mar-2026 16:21:20.937 INFO [main] org.apache.catalina.startup.Catalina.load Server initialization in [1574] milliseconds
13-Mar-2026 16:21:20.993 INFO [main] org.apache.catalina.core.StandardService.startInternal Starting service [Catalina]
13-Mar-2026 16:21:20.993 INFO [main] org.apache.catalina.core.StandardEngine.startInternal Starting Servlet engine: [Apache Tomcat/10.1.52]
13-Mar-2026 16:21:21.006 INFO [main] org.apache.catalina.startup.HostConfig.deployDirectory Deploying web application directory [D:\STUDY\Website-projects\Talksy-chat-app\Backend\apache-tomcat-10.1.52\apache-tomcat-10.1.52\webapps\chatapp]
13-Mar-2026 16:21:21.655 INFO [main] org.apache.jasper.servlet.TldScanner.scanJars At least one JAR was scanned for TLDs yet contained no TLDs. Enable debug logging for this logger for a complete list of JARs that were scanned but no TLDs were found in them. Skipping unneeded JARs during scanning can improve startup time and JSP compilation time.
13-Mar-2026 16:21:21.721 INFO [main] org.apache.catalina.startup.HostConfig.deployDirectory Deployment of web application directory [D:\STUDY\Website-projects\Talksy-chat-app\Backend\apache-tomcat-10.1.52\apache-tomcat-10.1.52\webapps\chatapp] has finished in [711] ms
13-Mar-2026 16:21:21.722 INFO [main] org.apache.catalina.startup.HostConfig.deployDirectory Deploying web application directory [D:\STUDY\Website-projects\Talksy-chat-app\Backend\apache-tomcat-10.1.52\apache-tomcat-10.1.52\webapps\docs]
13-Mar-2026 16:21:21.977 INFO [main] org.apache.jasper.servlet.TldScanner.scanJars At least one JAR was scanned for TLDs yet contained no TLDs. Enable debug logging for this logger for a complete list of JARs that were scanned but no TLDs were found in them. Skipping unneeded JARs during scanning can improve startup time and JSP compilation time.
13-Mar-2026 16:21:21.984 INFO [main] org.apache.catalina.startup.HostConfig.deployDirectory Deployment of web application directory [D:\STUDY\Website-projects\Talksy-chat-app\Backend\apache-tomcat-10.1.52\apache-tomcat-10.1.52\webapps\docs] has finished in [262] ms
13-Mar-2026 16:21:21.985 INFO [main] org.apache.catalina.startup.HostConfig.deployDirectory Deploying web application directory [D:\STUDY\Website-projects\Talksy-chat-app\Backend\apache-tomcat-10.1.52\apache-tomcat-10.1.52\webapps\examples]
13-Mar-2026 16:21:22.523 INFO [main] org.apache.jasper.servlet.TldScanner.scanJars At least one JAR was scanned for TLDs yet contained no TLDs. Enable debug logging for this logger for a complete list of JARs that were scanned but no TLDs were found in them. Skipping unneeded JARs during scanning can improve startup time and JSP compilation time.
13-Mar-2026 16:21:22.587 INFO [main] org.apache.catalina.startup.HostConfig.deployDirectory Deployment of web application directory [D:\STUDY\Website-projects\Talksy-chat-app\Backend\apache-tomcat-10.1.52\apache-tomcat-10.1.52\webapps\examples] has finished in [602] ms
13-Mar-2026 16:21:22.587 INFO [main] org.apache.catalina.startup.HostConfig.deployDirectory Deploying web application directory [D:\STUDY\Website-projects\Talksy-chat-app\Backend\apache-tomcat-10.1.52\apache-tomcat-10.1.52\webapps\host-manager]
13-Mar-2026 16:21:22.848 INFO [main] org.apache.jasper.servlet.TldScanner.scanJars At least one JAR was scanned for TLDs yet contained no TLDs. Enable debug logging for this logger for a complete list of JARs that were scanned but no TLDs were found in them. Skipping unneeded JARs during scanning can improve startup time and JSP compilation time.
13-Mar-2026 16:21:22.869 INFO [main] org.apache.catalina.startup.HostConfig.deployDirectory Deployment of web application directory [D:\STUDY\Website-projects\Talksy-chat-app\Backend\apache-tomcat-10.1.52\apache-tomcat-10.1.52\webapps\host-manager] has finished in [282] ms
13-Mar-2026 16:21:22.872 INFO [main] org.apache.catalina.startup.HostConfig.deployDirectory Deploying web application directory [D:\STUDY\Website-projects\Talksy-chat-app\Backend\apache-tomcat-10.1.52\apache-tomcat-10.1.52\webapps\manager]
13-Mar-2026 16:21:23.102 INFO [main] org.apache.jasper.servlet.TldScanner.scanJars At least one JAR was scanned for TLDs yet contained no TLDs. Enable debug logging for this logger for a complete list of JARs that were scanned but no TLDs were found in them. Skipping unneeded JARs during scanning can improve startup time and JSP compilation time.
13-Mar-2026 16:21:23.107 INFO [main] org.apache.catalina.startup.HostConfig.deployDirectory Deployment of web application directory [D:\STUDY\Website-projects\Talksy-chat-app\Backend\apache-tomcat-10.1.52\apache-tomcat-10.1.52\webapps\manager] has finished in [235] ms
13-Mar-2026 16:21:23.108 INFO [main] org.apache.catalina.startup.HostConfig.deployDirectory Deploying web application directory [D:\STUDY\Website-projects\Talksy-chat-app\Backend\apache-tomcat-10.1.52\apache-tomcat-10.1.52\webapps\ROOT]
13-Mar-2026 16:21:23.324 INFO [main] org.apache.jasper.servlet.TldScanner.scanJars At least one JAR was scanned for TLDs yet contained no TLDs. Enable debug logging for this logger for a complete list of JARs that were scanned but no TLDs were found in them. Skipping unneeded JARs during scanning can improve startup time and JSP compilation time.
13-Mar-2026 16:21:23.330 INFO [main] org.apache.catalina.startup.HostConfig.deployDirectory Deployment of web application directory [D:\STUDY\Website-projects\Talksy-chat-app\Backend\apache-tomcat-10.1.52\apache-tomcat-10.1.52\webapps\ROOT] has finished in [223] ms
13-Mar-2026 16:21:23.335 INFO [main] org.apache.coyote.AbstractProtocol.start Starting ProtocolHandler ["http-nio-8080"]
13-Mar-2026 16:21:23.379 INFO [main] org.apache.catalina.startup.Catalina.start Server startup in [2438] milliseconds
13-Mar-2026 16:34:33.282 INFO [main] org.apache.catalina.startup.VersionLoggerListener.log Server version name:   Apache Tomcat/10.1.52
13-Mar-2026 16:34:33.286 INFO [main] org.apache.catalina.startup.VersionLoggerListener.log Server built:          Jan 23 2026 19:29:07 UTC
13-Mar-2026 16:34:33.290 INFO [main] org.apache.catalina.startup.VersionLoggerListener.log Server version number: 10.1.52.0
13-Mar-2026 16:34:33.290 INFO [main] org.apache.catalina.startup.VersionLoggerListener.log OS Name:               Windows 11
13-Mar-2026 16:34:33.291 INFO [main] org.apache.catalina.startup.VersionLoggerListener.log OS Version:            10.0
13-Mar-2026 16:34:33.292 INFO [main] org.apache.catalina.startup.VersionLoggerListener.log Architecture:          amd64
13-Mar-2026 16:34:33.292 INFO [main] org.apache.catalina.startup.VersionLoggerListener.log Java Home:             C:\Program Files\Java\jdk-25.0.2
13-Mar-2026 16:34:33.293 INFO [main] org.apache.catalina.startup.VersionLoggerListener.log JVM Version:           25.0.2+10-LTS-69
13-Mar-2026 16:34:33.294 INFO [main] org.apache.catalina.startup.VersionLoggerListener.log JVM Vendor:            Oracle Corporation
13-Mar-2026 16:34:33.294 INFO [main] org.apache.catalina.startup.VersionLoggerListener.log CATALINA_BASE:         D:\STUDY\Website-projects\Talksy-chat-app\Backend\apache-tomcat-10.1.52\apache-tomcat-10.1.52
13-Mar-2026 16:34:33.295 INFO [main] org.apache.catalina.startup.VersionLoggerListener.log CATALINA_HOME:         D:\STUDY\Website-projects\Talksy-chat-app\Backend\apache-tomcat-10.1.52\apache-tomcat-10.1.52
13-Mar-2026 16:34:33.307 INFO [main] org.apache.catalina.startup.VersionLoggerListener.log Command line argument: -Djava.util.logging.config.file=D:\STUDY\Website-projects\Talksy-chat-app\Backend\apache-tomcat-10.1.52\apache-tomcat-10.1.52\conf\logging.properties
13-Mar-2026 16:34:33.309 INFO [main] org.apache.catalina.startup.VersionLoggerListener.log Command line argument: -Djava.util.logging.manager=org.apache.juli.ClassLoaderLogManager
13-Mar-2026 16:34:33.310 INFO [main] org.apache.catalina.startup.VersionLoggerListener.log Command line argument: -Djdk.tls.ephemeralDHKeySize=2048
13-Mar-2026 16:34:33.310 INFO [main] org.apache.catalina.startup.VersionLoggerListener.log Command line argument: -Djava.protocol.handler.pkgs=org.apache.catalina.webresources
13-Mar-2026 16:34:33.311 INFO [main] org.apache.catalina.startup.VersionLoggerListener.log Command line argument: -Dsun.io.useCanonCaches=false
13-Mar-2026 16:34:33.311 INFO [main] org.apache.catalina.startup.VersionLoggerListener.log Command line argument: --add-opens=java.base/java.lang=ALL-UNNAMED
13-Mar-2026 16:34:33.312 INFO [main] org.apache.catalina.startup.VersionLoggerListener.log Command line argument: --add-opens=java.base/java.lang.reflect=ALL-UNNAMED
13-Mar-2026 16:34:33.313 INFO [main] org.apache.catalina.startup.VersionLoggerListener.log Command line argument: --add-opens=java.base/java.io=ALL-UNNAMED
13-Mar-2026 16:34:33.314 INFO [main] org.apache.catalina.startup.VersionLoggerListener.log Command line argument: --add-opens=java.base/java.util=ALL-UNNAMED
13-Mar-2026 16:34:33.315 INFO [main] org.apache.catalina.startup.VersionLoggerListener.log Command line argument: --add-opens=java.base/java.util.concurrent=ALL-UNNAMED
13-Mar-2026 16:34:33.316 INFO [main] org.apache.catalina.startup.VersionLoggerListener.log Command line argument: --add-opens=java.rmi/sun.rmi.transport=ALL-UNNAMED
13-Mar-2026 16:34:33.316 INFO [main] org.apache.catalina.startup.VersionLoggerListener.log Command line argument: -Dcatalina.base=D:\STUDY\Website-projects\Talksy-chat-app\Backend\apache-tomcat-10.1.52\apache-tomcat-10.1.52
13-Mar-2026 16:34:33.317 INFO [main] org.apache.catalina.startup.VersionLoggerListener.log Command line argument: -Dcatalina.home=D:\STUDY\Website-projects\Talksy-chat-app\Backend\apache-tomcat-10.1.52\apache-tomcat-10.1.52
13-Mar-2026 16:34:33.318 INFO [main] org.apache.catalina.startup.VersionLoggerListener.log Command line argument: -Djava.io.tmpdir=D:\STUDY\Website-projects\Talksy-chat-app\Backend\apache-tomcat-10.1.52\apache-tomcat-10.1.52\temp
13-Mar-2026 16:34:33.337 INFO [main] org.apache.catalina.core.AprLifecycleListener.lifecycleEvent The Apache Tomcat Native library which allows using OpenSSL was not found on the java.library.path: [C:\Program Files\Java\jdk-25.0.2\bin;C:\WINDOWS\Sun\Java\bin;C:\WINDOWS\system32;C:\WINDOWS;C:\Program Files\Common Files\Oracle\Java\javapath;C:\WINDOWS\system32;C:\WINDOWS;C:\WINDOWS\System32\Wbem;C:\WINDOWS\System32\WindowsPowerShell\v1.0\;C:\WINDOWS\System32\OpenSSH\;C:\ProgramData\chocolatey\bin;C:\Program Files (x86)\Microsoft SQL Server\100\Tools\Binn\;C:\Program Files\Microsoft SQL Server\100\Tools\Binn\;C:\Program Files\Microsoft SQL Server\100\DTS\Binn\;C:\Program Files\nodejs\;C:\Program Files\Java\jdk-25.0.2\bin;C:\Program Files\MySQL\MySQL Shell 8.0\bin\;C:\Users\HP\AppData\Local\Microsoft\WindowsApps;C:\Users\HP\AppData\Local\Programs\Microsoft VS Code\bin;C:\Users\HP\AppData\Local\Programs\Antigravity\bin;C:\Users\HP\AppData\Roaming\npm;.]
13-Mar-2026 16:34:33.650 INFO [main] org.apache.coyote.AbstractProtocol.init Initializing ProtocolHandler ["http-nio-8080"]
13-Mar-2026 16:34:33.686 INFO [main] org.apache.catalina.startup.Catalina.load Server initialization in [609] milliseconds
13-Mar-2026 16:34:33.734 INFO [main] org.apache.catalina.core.StandardService.startInternal Starting service [Catalina]
13-Mar-2026 16:34:33.736 INFO [main] org.apache.catalina.core.StandardEngine.startInternal Starting Servlet engine: [Apache Tomcat/10.1.52]
13-Mar-2026 16:34:33.748 INFO [main] org.apache.catalina.startup.HostConfig.deployDirectory Deploying web application directory [D:\STUDY\Website-projects\Talksy-chat-app\Backend\apache-tomcat-10.1.52\apache-tomcat-10.1.52\webapps\chatapp]
13-Mar-2026 16:34:34.372 INFO [main] org.apache.jasper.servlet.TldScanner.scanJars At least one JAR was scanned for TLDs yet contained no TLDs. Enable debug logging for this logger for a complete list of JARs that were scanned but no TLDs were found in them. Skipping unneeded JARs during scanning can improve startup time and JSP compilation time.
13-Mar-2026 16:34:34.444 INFO [main] org.apache.catalina.startup.HostConfig.deployDirectory Deployment of web application directory [D:\STUDY\Website-projects\Talksy-chat-app\Backend\apache-tomcat-10.1.52\apache-tomcat-10.1.52\webapps\chatapp] has finished in [693] ms
13-Mar-2026 16:34:34.446 INFO [main] org.apache.catalina.startup.HostConfig.deployDirectory Deploying web application directory [D:\STUDY\Website-projects\Talksy-chat-app\Backend\apache-tomcat-10.1.52\apache-tomcat-10.1.52\webapps\docs]
13-Mar-2026 16:34:34.692 INFO [main] org.apache.jasper.servlet.TldScanner.scanJars At least one JAR was scanned for TLDs yet contained no TLDs. Enable debug logging for this logger for a complete list of JARs that were scanned but no TLDs were found in them. Skipping unneeded JARs during scanning can improve startup time and JSP compilation time.
13-Mar-2026 16:34:34.701 INFO [main] org.apache.catalina.startup.HostConfig.deployDirectory Deployment of web application directory [D:\STUDY\Website-projects\Talksy-chat-app\Backend\apache-tomcat-10.1.52\apache-tomcat-10.1.52\webapps\docs] has finished in [254] ms
13-Mar-2026 16:34:34.705 INFO [main] org.apache.catalina.startup.HostConfig.deployDirectory Deploying web application directory [D:\STUDY\Website-projects\Talksy-chat-app\Backend\apache-tomcat-10.1.52\apache-tomcat-10.1.52\webapps\examples]
13-Mar-2026 16:34:35.229 INFO [main] org.apache.jasper.servlet.TldScanner.scanJars At least one JAR was scanned for TLDs yet contained no TLDs. Enable debug logging for this logger for a complete list of JARs that were scanned but no TLDs were found in them. Skipping unneeded JARs during scanning can improve startup time and JSP compilation time.
13-Mar-2026 16:34:35.284 INFO [main] org.apache.catalina.startup.HostConfig.deployDirectory Deployment of web application directory [D:\STUDY\Website-projects\Talksy-chat-app\Backend\apache-tomcat-10.1.52\apache-tomcat-10.1.52\webapps\examples] has finished in [579] ms
13-Mar-2026 16:34:35.287 INFO [main] org.apache.catalina.startup.HostConfig.deployDirectory Deploying web application directory [D:\STUDY\Website-projects\Talksy-chat-app\Backend\apache-tomcat-10.1.52\apache-tomcat-10.1.52\webapps\host-manager]
13-Mar-2026 16:34:35.529 INFO [main] org.apache.jasper.servlet.TldScanner.scanJars At least one JAR was scanned for TLDs yet contained no TLDs. Enable debug logging for this logger for a complete list of JARs that were scanned but no TLDs were found in them. Skipping unneeded JARs during scanning can improve startup time and JSP compilation time.
13-Mar-2026 16:34:35.544 INFO [main] org.apache.catalina.startup.HostConfig.deployDirectory Deployment of web application directory [D:\STUDY\Website-projects\Talksy-chat-app\Backend\apache-tomcat-10.1.52\apache-tomcat-10.1.52\webapps\host-manager] has finished in [257] ms
13-Mar-2026 16:34:35.547 INFO [main] org.apache.catalina.startup.HostConfig.deployDirectory Deploying web application directory [D:\STUDY\Website-projects\Talksy-chat-app\Backend\apache-tomcat-10.1.52\apache-tomcat-10.1.52\webapps\manager]
13-Mar-2026 16:34:35.772 INFO [main] org.apache.jasper.servlet.TldScanner.scanJars At least one JAR was scanned for TLDs yet contained no TLDs. Enable debug logging for this logger for a complete list of JARs that were scanned but no TLDs were found in them. Skipping unneeded JARs during scanning can improve startup time and JSP compilation time.
13-Mar-2026 16:34:35.779 INFO [main] org.apache.catalina.startup.HostConfig.deployDirectory Deployment of web application directory [D:\STUDY\Website-projects\Talksy-chat-app\Backend\apache-tomcat-10.1.52\apache-tomcat-10.1.52\webapps\manager] has finished in [231] ms
13-Mar-2026 16:34:35.781 INFO [main] org.apache.catalina.startup.HostConfig.deployDirectory Deploying web application directory [D:\STUDY\Website-projects\Talksy-chat-app\Backend\apache-tomcat-10.1.52\apache-tomcat-10.1.52\webapps\ROOT]
13-Mar-2026 16:34:35.980 INFO [main] org.apache.jasper.servlet.TldScanner.scanJars At least one JAR was scanned for TLDs yet contained no TLDs. Enable debug logging for this logger for a complete list of JARs that were scanned but no TLDs were found in them. Skipping unneeded JARs during scanning can improve startup time and JSP compilation time.
13-Mar-2026 16:34:35.984 INFO [main] org.apache.catalina.startup.HostConfig.deployDirectory Deployment of web application directory [D:\STUDY\Website-projects\Talksy-chat-app\Backend\apache-tomcat-10.1.52\apache-tomcat-10.1.52\webapps\ROOT] has finished in [202] ms
13-Mar-2026 16:34:35.987 INFO [main] org.apache.coyote.AbstractProtocol.start Starting ProtocolHandler ["http-nio-8080"]
13-Mar-2026 16:34:36.015 INFO [main] org.apache.catalina.startup.Catalina.start Server startup in [2325] milliseconds
13-Mar-2026 16:34:40.280 INFO [main] org.apache.catalina.startup.VersionLoggerListener.log Server version name:   Apache Tomcat/10.1.52
13-Mar-2026 16:34:40.282 INFO [main] org.apache.catalina.startup.VersionLoggerListener.log Server built:          Jan 23 2026 19:29:07 UTC
13-Mar-2026 16:34:40.283 INFO [main] org.apache.catalina.startup.VersionLoggerListener.log Server version number: 10.1.52.0
13-Mar-2026 16:34:40.284 INFO [main] org.apache.catalina.startup.VersionLoggerListener.log OS Name:               Windows 11
13-Mar-2026 16:34:40.285 INFO [main] org.apache.catalina.startup.VersionLoggerListener.log OS Version:            10.0
13-Mar-2026 16:34:40.287 INFO [main] org.apache.catalina.startup.VersionLoggerListener.log Architecture:          amd64
13-Mar-2026 16:34:40.287 INFO [main] org.apache.catalina.startup.VersionLoggerListener.log Java Home:             C:\Program Files\Java\jdk-25.0.2
13-Mar-2026 16:34:40.287 INFO [main] org.apache.catalina.startup.VersionLoggerListener.log JVM Version:           25.0.2+10-LTS-69
13-Mar-2026 16:34:40.287 INFO [main] org.apache.catalina.startup.VersionLoggerListener.log JVM Vendor:            Oracle Corporation
13-Mar-2026 16:34:40.289 INFO [main] org.apache.catalina.startup.VersionLoggerListener.log CATALINA_BASE:         D:\STUDY\Website-projects\Talksy-chat-app\Backend\apache-tomcat-10.1.52\apache-tomcat-10.1.52
13-Mar-2026 16:34:40.289 INFO [main] org.apache.catalina.startup.VersionLoggerListener.log CATALINA_HOME:         D:\STUDY\Website-projects\Talksy-chat-app\Backend\apache-tomcat-10.1.52\apache-tomcat-10.1.52
13-Mar-2026 16:34:40.295 INFO [main] org.apache.catalina.startup.VersionLoggerListener.log Command line argument: -Djava.util.logging.config.file=D:\STUDY\Website-projects\Talksy-chat-app\Backend\apache-tomcat-10.1.52\apache-tomcat-10.1.52\conf\logging.properties
13-Mar-2026 16:34:40.296 INFO [main] org.apache.catalina.startup.VersionLoggerListener.log Command line argument: -Djava.util.logging.manager=org.apache.juli.ClassLoaderLogManager
13-Mar-2026 16:34:40.296 INFO [main] org.apache.catalina.startup.VersionLoggerListener.log Command line argument: -Djdk.tls.ephemeralDHKeySize=2048
13-Mar-2026 16:34:40.296 INFO [main] org.apache.catalina.startup.VersionLoggerListener.log Command line argument: -Djava.protocol.handler.pkgs=org.apache.catalina.webresources
13-Mar-2026 16:34:40.296 INFO [main] org.apache.catalina.startup.VersionLoggerListener.log Command line argument: -Dsun.io.useCanonCaches=false
13-Mar-2026 16:34:40.304 INFO [main] org.apache.catalina.startup.VersionLoggerListener.log Command line argument: --add-opens=java.base/java.lang=ALL-UNNAMED
13-Mar-2026 16:34:40.305 INFO [main] org.apache.catalina.startup.VersionLoggerListener.log Command line argument: --add-opens=java.base/java.lang.reflect=ALL-UNNAMED
13-Mar-2026 16:34:40.305 INFO [main] org.apache.catalina.startup.VersionLoggerListener.log Command line argument: --add-opens=java.base/java.io=ALL-UNNAMED
13-Mar-2026 16:34:40.305 INFO [main] org.apache.catalina.startup.VersionLoggerListener.log Command line argument: --add-opens=java.base/java.util=ALL-UNNAMED
13-Mar-2026 16:34:40.305 INFO [main] org.apache.catalina.startup.VersionLoggerListener.log Command line argument: --add-opens=java.base/java.util.concurrent=ALL-UNNAMED
13-Mar-2026 16:34:40.305 INFO [main] org.apache.catalina.startup.VersionLoggerListener.log Command line argument: --add-opens=java.rmi/sun.rmi.transport=ALL-UNNAMED
13-Mar-2026 16:34:40.306 INFO [main] org.apache.catalina.startup.VersionLoggerListener.log Command line argument: -Dcatalina.base=D:\STUDY\Website-projects\Talksy-chat-app\Backend\apache-tomcat-10.1.52\apache-tomcat-10.1.52
13-Mar-2026 16:34:40.306 INFO [main] org.apache.catalina.startup.VersionLoggerListener.log Command line argument: -Dcatalina.home=D:\STUDY\Website-projects\Talksy-chat-app\Backend\apache-tomcat-10.1.52\apache-tomcat-10.1.52
13-Mar-2026 16:34:40.306 INFO [main] org.apache.catalina.startup.VersionLoggerListener.log Command line argument: -Djava.io.tmpdir=D:\STUDY\Website-projects\Talksy-chat-app\Backend\apache-tomcat-10.1.52\apache-tomcat-10.1.52\temp
13-Mar-2026 16:34:40.312 INFO [main] org.apache.catalina.core.AprLifecycleListener.lifecycleEvent The Apache Tomcat Native library which allows using OpenSSL was not found on the java.library.path: [C:\Program Files\Java\jdk-25.0.2\bin;C:\WINDOWS\Sun\Java\bin;C:\WINDOWS\system32;C:\WINDOWS;C:\Program Files\Common Files\Oracle\Java\javapath;C:\WINDOWS\system32;C:\WINDOWS;C:\WINDOWS\System32\Wbem;C:\WINDOWS\System32\WindowsPowerShell\v1.0\;C:\WINDOWS\System32\OpenSSH\;C:\ProgramData\chocolatey\bin;C:\Program Files (x86)\Microsoft SQL Server\100\Tools\Binn\;C:\Program Files\Microsoft SQL Server\100\Tools\Binn\;C:\Program Files\Microsoft SQL Server\100\DTS\Binn\;C:\Program Files\nodejs\;C:\Program Files\Java\jdk-25.0.2\bin;C:\Program Files\MySQL\MySQL Shell 8.0\bin\;C:\Users\HP\AppData\Local\Microsoft\WindowsApps;C:\Users\HP\AppData\Local\Programs\Microsoft VS Code\bin;C:\Users\HP\AppData\Local\Programs\Antigravity\bin;C:\Users\HP\AppData\Roaming\npm;.]
13-Mar-2026 16:34:40.565 INFO [main] org.apache.coyote.AbstractProtocol.init Initializing ProtocolHandler ["http-nio-8080"]
13-Mar-2026 16:34:40.582 INFO [main] org.apache.catalina.startup.Catalina.load Server initialization in [439] milliseconds
13-Mar-2026 16:34:40.623 INFO [main] org.apache.catalina.core.StandardService.startInternal Starting service [Catalina]
13-Mar-2026 16:34:40.624 INFO [main] org.apache.catalina.core.StandardEngine.startInternal Starting Servlet engine: [Apache Tomcat/10.1.52]
13-Mar-2026 16:34:40.631 INFO [main] org.apache.catalina.startup.HostConfig.deployDirectory Deploying web application directory [D:\STUDY\Website-projects\Talksy-chat-app\Backend\apache-tomcat-10.1.52\apache-tomcat-10.1.52\webapps\chatapp]
13-Mar-2026 16:34:41.156 INFO [main] org.apache.jasper.servlet.TldScanner.scanJars At least one JAR was scanned for TLDs yet contained no TLDs. Enable debug logging for this logger for a complete list of JARs that were scanned but no TLDs were found in them. Skipping unneeded JARs during scanning can improve startup time and JSP compilation time.
13-Mar-2026 16:34:41.198 INFO [main] org.apache.catalina.startup.HostConfig.deployDirectory Deployment of web application directory [D:\STUDY\Website-projects\Talksy-chat-app\Backend\apache-tomcat-10.1.52\apache-tomcat-10.1.52\webapps\chatapp] has finished in [564] ms
13-Mar-2026 16:34:41.198 INFO [main] org.apache.catalina.startup.HostConfig.deployDirectory Deploying web application directory [D:\STUDY\Website-projects\Talksy-chat-app\Backend\apache-tomcat-10.1.52\apache-tomcat-10.1.52\webapps\docs]
13-Mar-2026 16:34:41.448 INFO [main] org.apache.jasper.servlet.TldScanner.scanJars At least one JAR was scanned for TLDs yet contained no TLDs. Enable debug logging for this logger for a complete list of JARs that were scanned but no TLDs were found in them. Skipping unneeded JARs during scanning can improve startup time and JSP compilation time.
13-Mar-2026 16:34:41.454 INFO [main] org.apache.catalina.startup.HostConfig.deployDirectory Deployment of web application directory [D:\STUDY\Website-projects\Talksy-chat-app\Backend\apache-tomcat-10.1.52\apache-tomcat-10.1.52\webapps\docs] has finished in [255] ms
13-Mar-2026 16:34:41.454 INFO [main] org.apache.catalina.startup.HostConfig.deployDirectory Deploying web application directory [D:\STUDY\Website-projects\Talksy-chat-app\Backend\apache-tomcat-10.1.52\apache-tomcat-10.1.52\webapps\examples]
13-Mar-2026 16:34:41.914 INFO [main] org.apache.jasper.servlet.TldScanner.scanJars At least one JAR was scanned for TLDs yet contained no TLDs. Enable debug logging for this logger for a complete list of JARs that were scanned but no TLDs were found in them. Skipping unneeded JARs during scanning can improve startup time and JSP compilation time.
13-Mar-2026 16:34:41.965 INFO [main] org.apache.catalina.startup.HostConfig.deployDirectory Deployment of web application directory [D:\STUDY\Website-projects\Talksy-chat-app\Backend\apache-tomcat-10.1.52\apache-tomcat-10.1.52\webapps\examples] has finished in [511] ms
13-Mar-2026 16:34:41.966 INFO [main] org.apache.catalina.startup.HostConfig.deployDirectory Deploying web application directory [D:\STUDY\Website-projects\Talksy-chat-app\Backend\apache-tomcat-10.1.52\apache-tomcat-10.1.52\webapps\host-manager]
13-Mar-2026 16:34:42.193 INFO [main] org.apache.jasper.servlet.TldScanner.scanJars At least one JAR was scanned for TLDs yet contained no TLDs. Enable debug logging for this logger for a complete list of JARs that were scanned but no TLDs were found in them. Skipping unneeded JARs during scanning can improve startup time and JSP compilation time.
13-Mar-2026 16:34:42.206 INFO [main] org.apache.catalina.startup.HostConfig.deployDirectory Deployment of web application directory [D:\STUDY\Website-projects\Talksy-chat-app\Backend\apache-tomcat-10.1.52\apache-tomcat-10.1.52\webapps\host-manager] has finished in [240] ms
13-Mar-2026 16:34:42.206 INFO [main] org.apache.catalina.startup.HostConfig.deployDirectory Deploying web application directory [D:\STUDY\Website-projects\Talksy-chat-app\Backend\apache-tomcat-10.1.52\apache-tomcat-10.1.52\webapps\manager]
13-Mar-2026 16:34:42.413 INFO [main] org.apache.jasper.servlet.TldScanner.scanJars At least one JAR was scanned for TLDs yet contained no TLDs. Enable debug logging for this logger for a complete list of JARs that were scanned but no TLDs were found in them. Skipping unneeded JARs during scanning can improve startup time and JSP compilation time.
13-Mar-2026 16:34:42.417 INFO [main] org.apache.catalina.startup.HostConfig.deployDirectory Deployment of web application directory [D:\STUDY\Website-projects\Talksy-chat-app\Backend\apache-tomcat-10.1.52\apache-tomcat-10.1.52\webapps\manager] has finished in [211] ms
13-Mar-2026 16:34:42.417 INFO [main] org.apache.catalina.startup.HostConfig.deployDirectory Deploying web application directory [D:\STUDY\Website-projects\Talksy-chat-app\Backend\apache-tomcat-10.1.52\apache-tomcat-10.1.52\webapps\ROOT]
13-Mar-2026 16:34:42.606 INFO [main] org.apache.jasper.servlet.TldScanner.scanJars At least one JAR was scanned for TLDs yet contained no TLDs. Enable debug logging for this logger for a complete list of JARs that were scanned but no TLDs were found in them. Skipping unneeded JARs during scanning can improve startup time and JSP compilation time.
13-Mar-2026 16:34:42.611 INFO [main] org.apache.catalina.startup.HostConfig.deployDirectory Deployment of web application directory [D:\STUDY\Website-projects\Talksy-chat-app\Backend\apache-tomcat-10.1.52\apache-tomcat-10.1.52\webapps\ROOT] has finished in [194] ms
13-Mar-2026 16:34:42.614 INFO [main] org.apache.coyote.AbstractProtocol.start Starting ProtocolHandler ["http-nio-8080"]
13-Mar-2026 16:34:42.637 INFO [main] org.apache.catalina.startup.Catalina.start Server startup in [2052] milliseconds
13-Mar-2026 16:47:50.544 INFO [main] org.apache.catalina.startup.VersionLoggerListener.log Server version name:   Apache Tomcat/10.1.52
13-Mar-2026 16:47:50.547 INFO [main] org.apache.catalina.startup.VersionLoggerListener.log Server built:          Jan 23 2026 19:29:07 UTC
13-Mar-2026 16:47:50.548 INFO [main] org.apache.catalina.startup.VersionLoggerListener.log Server version number: 10.1.52.0
13-Mar-2026 16:47:50.549 INFO [main] org.apache.catalina.startup.VersionLoggerListener.log OS Name:               Windows 11
13-Mar-2026 16:47:50.549 INFO [main] org.apache.catalina.startup.VersionLoggerListener.log OS Version:            10.0
13-Mar-2026 16:47:50.549 INFO [main] org.apache.catalina.startup.VersionLoggerListener.log Architecture:          amd64
13-Mar-2026 16:47:50.549 INFO [main] org.apache.catalina.startup.VersionLoggerListener.log Java Home:             C:\Program Files\Java\jdk-25.0.2
13-Mar-2026 16:47:50.550 INFO [main] org.apache.catalina.startup.VersionLoggerListener.log JVM Version:           25.0.2+10-LTS-69
13-Mar-2026 16:47:50.550 INFO [main] org.apache.catalina.startup.VersionLoggerListener.log JVM Vendor:            Oracle Corporation
13-Mar-2026 16:47:50.550 INFO [main] org.apache.catalina.startup.VersionLoggerListener.log CATALINA_BASE:         D:\STUDY\Website-projects\Talksy-chat-app\Backend\apache-tomcat-10.1.52\apache-tomcat-10.1.52
13-Mar-2026 16:47:50.551 INFO [main] org.apache.catalina.startup.VersionLoggerListener.log CATALINA_HOME:         D:\STUDY\Website-projects\Talksy-chat-app\Backend\apache-tomcat-10.1.52\apache-tomcat-10.1.52
13-Mar-2026 16:47:50.569 INFO [main] org.apache.catalina.startup.VersionLoggerListener.log Command line argument: -Djava.util.logging.config.file=D:\STUDY\Website-projects\Talksy-chat-app\Backend\apache-tomcat-10.1.52\apache-tomcat-10.1.52\conf\logging.properties
13-Mar-2026 16:47:50.570 INFO [main] org.apache.catalina.startup.VersionLoggerListener.log Command line argument: -Djava.util.logging.manager=org.apache.juli.ClassLoaderLogManager
13-Mar-2026 16:47:50.570 INFO [main] org.apache.catalina.startup.VersionLoggerListener.log Command line argument: -Djdk.tls.ephemeralDHKeySize=2048
13-Mar-2026 16:47:50.570 INFO [main] org.apache.catalina.startup.VersionLoggerListener.log Command line argument: -Djava.protocol.handler.pkgs=org.apache.catalina.webresources
13-Mar-2026 16:47:50.570 INFO [main] org.apache.catalina.startup.VersionLoggerListener.log Command line argument: -Dsun.io.useCanonCaches=false
13-Mar-2026 16:47:50.571 INFO [main] org.apache.catalina.startup.VersionLoggerListener.log Command line argument: --add-opens=java.base/java.lang=ALL-UNNAMED
13-Mar-2026 16:47:50.571 INFO [main] org.apache.catalina.startup.VersionLoggerListener.log Command line argument: --add-opens=java.base/java.lang.reflect=ALL-UNNAMED
13-Mar-2026 16:47:50.571 INFO [main] org.apache.catalina.startup.VersionLoggerListener.log Command line argument: --add-opens=java.base/java.io=ALL-UNNAMED
13-Mar-2026 16:47:50.572 INFO [main] org.apache.catalina.startup.VersionLoggerListener.log Command line argument: --add-opens=java.base/java.util=ALL-UNNAMED
13-Mar-2026 16:47:50.572 INFO [main] org.apache.catalina.startup.VersionLoggerListener.log Command line argument: --add-opens=java.base/java.util.concurrent=ALL-UNNAMED
13-Mar-2026 16:47:50.572 INFO [main] org.apache.catalina.startup.VersionLoggerListener.log Command line argument: --add-opens=java.rmi/sun.rmi.transport=ALL-UNNAMED
13-Mar-2026 16:47:50.572 INFO [main] org.apache.catalina.startup.VersionLoggerListener.log Command line argument: -Dcatalina.base=D:\STUDY\Website-projects\Talksy-chat-app\Backend\apache-tomcat-10.1.52\apache-tomcat-10.1.52
13-Mar-2026 16:47:50.572 INFO [main] org.apache.catalina.startup.VersionLoggerListener.log Command line argument: -Dcatalina.home=D:\STUDY\Website-projects\Talksy-chat-app\Backend\apache-tomcat-10.1.52\apache-tomcat-10.1.52
13-Mar-2026 16:47:50.573 INFO [main] org.apache.catalina.startup.VersionLoggerListener.log Command line argument: -Djava.io.tmpdir=D:\STUDY\Website-projects\Talksy-chat-app\Backend\apache-tomcat-10.1.52\apache-tomcat-10.1.52\temp
13-Mar-2026 16:47:50.580 INFO [main] org.apache.catalina.core.AprLifecycleListener.lifecycleEvent The Apache Tomcat Native library which allows using OpenSSL was not found on the java.library.path: [C:\Program Files\Java\jdk-25.0.2\bin;C:\WINDOWS\Sun\Java\bin;C:\WINDOWS\system32;C:\WINDOWS;C:\Program Files\Common Files\Oracle\Java\javapath;C:\WINDOWS\system32;C:\WINDOWS;C:\WINDOWS\System32\Wbem;C:\WINDOWS\System32\WindowsPowerShell\v1.0\;C:\WINDOWS\System32\OpenSSH\;C:\ProgramData\chocolatey\bin;C:\Program Files (x86)\Microsoft SQL Server\100\Tools\Binn\;C:\Program Files\Microsoft SQL Server\100\Tools\Binn\;C:\Program Files\Microsoft SQL Server\100\DTS\Binn\;C:\Program Files\nodejs\;C:\Program Files\Java\jdk-25.0.2\bin;C:\Program Files\MySQL\MySQL Shell 8.0\bin\;C:\Users\HP\AppData\Local\Microsoft\WindowsApps;C:\Users\HP\AppData\Local\Programs\Microsoft VS Code\bin;C:\Users\HP\AppData\Local\Programs\Antigravity\bin;C:\Users\HP\AppData\Roaming\npm;.]
13-Mar-2026 16:47:50.867 INFO [main] org.apache.coyote.AbstractProtocol.init Initializing ProtocolHandler ["http-nio-8080"]
13-Mar-2026 16:47:50.897 INFO [main] org.apache.catalina.startup.Catalina.load Server initialization in [508] milliseconds
13-Mar-2026 16:47:50.955 INFO [main] org.apache.catalina.core.StandardService.startInternal Starting service [Catalina]
13-Mar-2026 16:47:50.956 INFO [main] org.apache.catalina.core.StandardEngine.startInternal Starting Servlet engine: [Apache Tomcat/10.1.52]
13-Mar-2026 16:47:50.968 INFO [main] org.apache.catalina.startup.HostConfig.deployDirectory Deploying web application directory [D:\STUDY\Website-projects\Talksy-chat-app\Backend\apache-tomcat-10.1.52\apache-tomcat-10.1.52\webapps\chatapp]
13-Mar-2026 16:47:51.598 INFO [main] org.apache.jasper.servlet.TldScanner.scanJars At least one JAR was scanned for TLDs yet contained no TLDs. Enable debug logging for this logger for a complete list of JARs that were scanned but no TLDs were found in them. Skipping unneeded JARs during scanning can improve startup time and JSP compilation time.
13-Mar-2026 16:47:51.656 INFO [main] org.apache.catalina.startup.HostConfig.deployDirectory Deployment of web application directory [D:\STUDY\Website-projects\Talksy-chat-app\Backend\apache-tomcat-10.1.52\apache-tomcat-10.1.52\webapps\chatapp] has finished in [685] ms
13-Mar-2026 16:47:51.657 INFO [main] org.apache.catalina.startup.HostConfig.deployDirectory Deploying web application directory [D:\STUDY\Website-projects\Talksy-chat-app\Backend\apache-tomcat-10.1.52\apache-tomcat-10.1.52\webapps\docs]
13-Mar-2026 16:47:51.888 INFO [main] org.apache.jasper.servlet.TldScanner.scanJars At least one JAR was scanned for TLDs yet contained no TLDs. Enable debug logging for this logger for a complete list of JARs that were scanned but no TLDs were found in them. Skipping unneeded JARs during scanning can improve startup time and JSP compilation time.
13-Mar-2026 16:47:51.892 INFO [main] org.apache.catalina.startup.HostConfig.deployDirectory Deployment of web application directory [D:\STUDY\Website-projects\Talksy-chat-app\Backend\apache-tomcat-10.1.52\apache-tomcat-10.1.52\webapps\docs] has finished in [235] ms
13-Mar-2026 16:47:51.893 INFO [main] org.apache.catalina.startup.HostConfig.deployDirectory Deploying web application directory [D:\STUDY\Website-projects\Talksy-chat-app\Backend\apache-tomcat-10.1.52\apache-tomcat-10.1.52\webapps\examples]
13-Mar-2026 16:47:52.390 INFO [main] org.apache.jasper.servlet.TldScanner.scanJars At least one JAR was scanned for TLDs yet contained no TLDs. Enable debug logging for this logger for a complete list of JARs that were scanned but no TLDs were found in them. Skipping unneeded JARs during scanning can improve startup time and JSP compilation time.
13-Mar-2026 16:47:52.444 INFO [main] org.apache.catalina.startup.HostConfig.deployDirectory Deployment of web application directory [D:\STUDY\Website-projects\Talksy-chat-app\Backend\apache-tomcat-10.1.52\apache-tomcat-10.1.52\webapps\examples] has finished in [550] ms
13-Mar-2026 16:47:52.445 INFO [main] org.apache.catalina.startup.HostConfig.deployDirectory Deploying web application directory [D:\STUDY\Website-projects\Talksy-chat-app\Backend\apache-tomcat-10.1.52\apache-tomcat-10.1.52\webapps\host-manager]
13-Mar-2026 16:47:52.658 INFO [main] org.apache.jasper.servlet.TldScanner.scanJars At least one JAR was scanned for TLDs yet contained no TLDs. Enable debug logging for this logger for a complete list of JARs that were scanned but no TLDs were found in them. Skipping unneeded JARs during scanning can improve startup time and JSP compilation time.
13-Mar-2026 16:47:52.674 INFO [main] org.apache.catalina.startup.HostConfig.deployDirectory Deployment of web application directory [D:\STUDY\Website-projects\Talksy-chat-app\Backend\apache-tomcat-10.1.52\apache-tomcat-10.1.52\webapps\host-manager] has finished in [229] ms
13-Mar-2026 16:47:52.675 INFO [main] org.apache.catalina.startup.HostConfig.deployDirectory Deploying web application directory [D:\STUDY\Website-projects\Talksy-chat-app\Backend\apache-tomcat-10.1.52\apache-tomcat-10.1.52\webapps\manager]
13-Mar-2026 16:47:52.872 INFO [main] org.apache.jasper.servlet.TldScanner.scanJars At least one JAR was scanned for TLDs yet contained no TLDs. Enable debug logging for this logger for a complete list of JARs that were scanned but no TLDs were found in them. Skipping unneeded JARs during scanning can improve startup time and JSP compilation time.
13-Mar-2026 16:47:52.877 INFO [main] org.apache.catalina.startup.HostConfig.deployDirectory Deployment of web application directory [D:\STUDY\Website-projects\Talksy-chat-app\Backend\apache-tomcat-10.1.52\apache-tomcat-10.1.52\webapps\manager] has finished in [202] ms
13-Mar-2026 16:47:52.877 INFO [main] org.apache.catalina.startup.HostConfig.deployDirectory Deploying web application directory [D:\STUDY\Website-projects\Talksy-chat-app\Backend\apache-tomcat-10.1.52\apache-tomcat-10.1.52\webapps\ROOT]
13-Mar-2026 16:47:53.056 INFO [main] org.apache.jasper.servlet.TldScanner.scanJars At least one JAR was scanned for TLDs yet contained no TLDs. Enable debug logging for this logger for a complete list of JARs that were scanned but no TLDs were found in them. Skipping unneeded JARs during scanning can improve startup time and JSP compilation time.
13-Mar-2026 16:47:53.060 INFO [main] org.apache.catalina.startup.HostConfig.deployDirectory Deployment of web application directory [D:\STUDY\Website-projects\Talksy-chat-app\Backend\apache-tomcat-10.1.52\apache-tomcat-10.1.52\webapps\ROOT] has finished in [182] ms
13-Mar-2026 16:47:53.062 INFO [main] org.apache.coyote.AbstractProtocol.start Starting ProtocolHandler ["http-nio-8080"]
13-Mar-2026 16:47:53.086 INFO [main] org.apache.catalina.startup.Catalina.start Server startup in [2185] milliseconds
13-Mar-2026 16:55:41.456 INFO [main] org.apache.catalina.startup.VersionLoggerListener.log Server version name:   Apache Tomcat/10.1.52
13-Mar-2026 16:55:41.460 INFO [main] org.apache.catalina.startup.VersionLoggerListener.log Server built:          Jan 23 2026 19:29:07 UTC
13-Mar-2026 16:55:41.461 INFO [main] org.apache.catalina.startup.VersionLoggerListener.log Server version number: 10.1.52.0
13-Mar-2026 16:55:41.463 INFO [main] org.apache.catalina.startup.VersionLoggerListener.log OS Name:               Windows 11
13-Mar-2026 16:55:41.463 INFO [main] org.apache.catalina.startup.VersionLoggerListener.log OS Version:            10.0
13-Mar-2026 16:55:41.463 INFO [main] org.apache.catalina.startup.VersionLoggerListener.log Architecture:          amd64
13-Mar-2026 16:55:41.463 INFO [main] org.apache.catalina.startup.VersionLoggerListener.log Java Home:             C:\Program Files\Java\jdk-25.0.2
13-Mar-2026 16:55:41.464 INFO [main] org.apache.catalina.startup.VersionLoggerListener.log JVM Version:           25.0.2+10-LTS-69
13-Mar-2026 16:55:41.464 INFO [main] org.apache.catalina.startup.VersionLoggerListener.log JVM Vendor:            Oracle Corporation
13-Mar-2026 16:55:41.465 INFO [main] org.apache.catalina.startup.VersionLoggerListener.log CATALINA_BASE:         D:\STUDY\Website-projects\Talksy-chat-app\Backend\apache-tomcat-10.1.52\apache-tomcat-10.1.52
13-Mar-2026 16:55:41.465 INFO [main] org.apache.catalina.startup.VersionLoggerListener.log CATALINA_HOME:         D:\STUDY\Website-projects\Talksy-chat-app\Backend\apache-tomcat-10.1.52\apache-tomcat-10.1.52
13-Mar-2026 16:55:41.483 INFO [main] org.apache.catalina.startup.VersionLoggerListener.log Command line argument: -Djava.util.logging.config.file=D:\STUDY\Website-projects\Talksy-chat-app\Backend\apache-tomcat-10.1.52\apache-tomcat-10.1.52\conf\logging.properties
13-Mar-2026 16:55:41.484 INFO [main] org.apache.catalina.startup.VersionLoggerListener.log Command line argument: -Djava.util.logging.manager=org.apache.juli.ClassLoaderLogManager
13-Mar-2026 16:55:41.484 INFO [main] org.apache.catalina.startup.VersionLoggerListener.log Command line argument: -Djdk.tls.ephemeralDHKeySize=2048
13-Mar-2026 16:55:41.485 INFO [main] org.apache.catalina.startup.VersionLoggerListener.log Command line argument: -Djava.protocol.handler.pkgs=org.apache.catalina.webresources
13-Mar-2026 16:55:41.485 INFO [main] org.apache.catalina.startup.VersionLoggerListener.log Command line argument: -Dsun.io.useCanonCaches=false
13-Mar-2026 16:55:41.485 INFO [main] org.apache.catalina.startup.VersionLoggerListener.log Command line argument: --add-opens=java.base/java.lang=ALL-UNNAMED
13-Mar-2026 16:55:41.485 INFO [main] org.apache.catalina.startup.VersionLoggerListener.log Command line argument: --add-opens=java.base/java.lang.reflect=ALL-UNNAMED
13-Mar-2026 16:55:41.485 INFO [main] org.apache.catalina.startup.VersionLoggerListener.log Command line argument: --add-opens=java.base/java.io=ALL-UNNAMED
13-Mar-2026 16:55:41.486 INFO [main] org.apache.catalina.startup.VersionLoggerListener.log Command line argument: --add-opens=java.base/java.util=ALL-UNNAMED
13-Mar-2026 16:55:41.486 INFO [main] org.apache.catalina.startup.VersionLoggerListener.log Command line argument: --add-opens=java.base/java.util.concurrent=ALL-UNNAMED
13-Mar-2026 16:55:41.486 INFO [main] org.apache.catalina.startup.VersionLoggerListener.log Command line argument: --add-opens=java.rmi/sun.rmi.transport=ALL-UNNAMED
13-Mar-2026 16:55:41.486 INFO [main] org.apache.catalina.startup.VersionLoggerListener.log Command line argument: -Dcatalina.base=D:\STUDY\Website-projects\Talksy-chat-app\Backend\apache-tomcat-10.1.52\apache-tomcat-10.1.52
13-Mar-2026 16:55:41.486 INFO [main] org.apache.catalina.startup.VersionLoggerListener.log Command line argument: -Dcatalina.home=D:\STUDY\Website-projects\Talksy-chat-app\Backend\apache-tomcat-10.1.52\apache-tomcat-10.1.52
13-Mar-2026 16:55:41.487 INFO [main] org.apache.catalina.startup.VersionLoggerListener.log Command line argument: -Djava.io.tmpdir=D:\STUDY\Website-projects\Talksy-chat-app\Backend\apache-tomcat-10.1.52\apache-tomcat-10.1.52\temp
13-Mar-2026 16:55:41.495 INFO [main] org.apache.catalina.core.AprLifecycleListener.lifecycleEvent The Apache Tomcat Native library which allows using OpenSSL was not found on the java.library.path: [C:\Program Files\Java\jdk-25.0.2\bin;C:\WINDOWS\Sun\Java\bin;C:\WINDOWS\system32;C:\WINDOWS;C:\Program Files\Common Files\Oracle\Java\javapath;C:\WINDOWS\system32;C:\WINDOWS;C:\WINDOWS\System32\Wbem;C:\WINDOWS\System32\WindowsPowerShell\v1.0\;C:\WINDOWS\System32\OpenSSH\;C:\ProgramData\chocolatey\bin;C:\Program Files (x86)\Microsoft SQL Server\100\Tools\Binn\;C:\Program Files\Microsoft SQL Server\100\Tools\Binn\;C:\Program Files\Microsoft SQL Server\100\DTS\Binn\;C:\Program Files\nodejs\;C:\Program Files\Java\jdk-25.0.2\bin;C:\Program Files\MySQL\MySQL Shell 8.0\bin\;C:\Users\HP\AppData\Local\Microsoft\WindowsApps;C:\Users\HP\AppData\Local\Programs\Microsoft VS Code\bin;C:\Users\HP\AppData\Local\Programs\Antigravity\bin;C:\Users\HP\AppData\Roaming\npm;.]
13-Mar-2026 16:55:41.780 INFO [main] org.apache.coyote.AbstractProtocol.init Initializing ProtocolHandler ["http-nio-8080"]
13-Mar-2026 16:55:41.807 INFO [main] org.apache.catalina.startup.Catalina.load Server initialization in [525] milliseconds
13-Mar-2026 16:55:41.853 INFO [main] org.apache.catalina.core.StandardService.startInternal Starting service [Catalina]
13-Mar-2026 16:55:41.853 INFO [main] org.apache.catalina.core.StandardEngine.startInternal Starting Servlet engine: [Apache Tomcat/10.1.52]
13-Mar-2026 16:55:41.861 INFO [main] org.apache.catalina.startup.HostConfig.deployDirectory Deploying web application directory [D:\STUDY\Website-projects\Talksy-chat-app\Backend\apache-tomcat-10.1.52\apache-tomcat-10.1.52\webapps\chatapp]
13-Mar-2026 16:55:42.482 INFO [main] org.apache.jasper.servlet.TldScanner.scanJars At least one JAR was scanned for TLDs yet contained no TLDs. Enable debug logging for this logger for a complete list of JARs that were scanned but no TLDs were found in them. Skipping unneeded JARs during scanning can improve startup time and JSP compilation time.
13-Mar-2026 16:55:42.534 INFO [main] org.apache.catalina.startup.HostConfig.deployDirectory Deployment of web application directory [D:\STUDY\Website-projects\Talksy-chat-app\Backend\apache-tomcat-10.1.52\apache-tomcat-10.1.52\webapps\chatapp] has finished in [670] ms
13-Mar-2026 16:55:42.534 INFO [main] org.apache.catalina.startup.HostConfig.deployDirectory Deploying web application directory [D:\STUDY\Website-projects\Talksy-chat-app\Backend\apache-tomcat-10.1.52\apache-tomcat-10.1.52\webapps\docs]
13-Mar-2026 16:55:42.763 INFO [main] org.apache.jasper.servlet.TldScanner.scanJars At least one JAR was scanned for TLDs yet contained no TLDs. Enable debug logging for this logger for a complete list of JARs that were scanned but no TLDs were found in them. Skipping unneeded JARs during scanning can improve startup time and JSP compilation time.
13-Mar-2026 16:55:42.767 INFO [main] org.apache.catalina.startup.HostConfig.deployDirectory Deployment of web application directory [D:\STUDY\Website-projects\Talksy-chat-app\Backend\apache-tomcat-10.1.52\apache-tomcat-10.1.52\webapps\docs] has finished in [233] ms
13-Mar-2026 16:55:42.768 INFO [main] org.apache.catalina.startup.HostConfig.deployDirectory Deploying web application directory [D:\STUDY\Website-projects\Talksy-chat-app\Backend\apache-tomcat-10.1.52\apache-tomcat-10.1.52\webapps\examples]
13-Mar-2026 16:55:43.301 INFO [main] org.apache.jasper.servlet.TldScanner.scanJars At least one JAR was scanned for TLDs yet contained no TLDs. Enable debug logging for this logger for a complete list of JARs that were scanned but no TLDs were found in them. Skipping unneeded JARs during scanning can improve startup time and JSP compilation time.
13-Mar-2026 16:55:43.357 INFO [main] org.apache.catalina.startup.HostConfig.deployDirectory Deployment of web application directory [D:\STUDY\Website-projects\Talksy-chat-app\Backend\apache-tomcat-10.1.52\apache-tomcat-10.1.52\webapps\examples] has finished in [589] ms
13-Mar-2026 16:55:43.357 INFO [main] org.apache.catalina.startup.HostConfig.deployDirectory Deploying web application directory [D:\STUDY\Website-projects\Talksy-chat-app\Backend\apache-tomcat-10.1.52\apache-tomcat-10.1.52\webapps\host-manager]
13-Mar-2026 16:55:43.573 INFO [main] org.apache.jasper.servlet.TldScanner.scanJars At least one JAR was scanned for TLDs yet contained no TLDs. Enable debug logging for this logger for a complete list of JARs that were scanned but no TLDs were found in them. Skipping unneeded JARs during scanning can improve startup time and JSP compilation time.
13-Mar-2026 16:55:43.586 INFO [main] org.apache.catalina.startup.HostConfig.deployDirectory Deployment of web application directory [D:\STUDY\Website-projects\Talksy-chat-app\Backend\apache-tomcat-10.1.52\apache-tomcat-10.1.52\webapps\host-manager] has finished in [229] ms
13-Mar-2026 16:55:43.587 INFO [main] org.apache.catalina.startup.HostConfig.deployDirectory Deploying web application directory [D:\STUDY\Website-projects\Talksy-chat-app\Backend\apache-tomcat-10.1.52\apache-tomcat-10.1.52\webapps\manager]
13-Mar-2026 16:55:43.794 INFO [main] org.apache.jasper.servlet.TldScanner.scanJars At least one JAR was scanned for TLDs yet contained no TLDs. Enable debug logging for this logger for a complete list of JARs that were scanned but no TLDs were found in them. Skipping unneeded JARs during scanning can improve startup time and JSP compilation time.
13-Mar-2026 16:55:43.798 INFO [main] org.apache.catalina.startup.HostConfig.deployDirectory Deployment of web application directory [D:\STUDY\Website-projects\Talksy-chat-app\Backend\apache-tomcat-10.1.52\apache-tomcat-10.1.52\webapps\manager] has finished in [211] ms
13-Mar-2026 16:55:43.799 INFO [main] org.apache.catalina.startup.HostConfig.deployDirectory Deploying web application directory [D:\STUDY\Website-projects\Talksy-chat-app\Backend\apache-tomcat-10.1.52\apache-tomcat-10.1.52\webapps\ROOT]
13-Mar-2026 16:55:43.999 INFO [main] org.apache.jasper.servlet.TldScanner.scanJars At least one JAR was scanned for TLDs yet contained no TLDs. Enable debug logging for this logger for a complete list of JARs that were scanned but no TLDs were found in them. Skipping unneeded JARs during scanning can improve startup time and JSP compilation time.
13-Mar-2026 16:55:44.003 INFO [main] org.apache.catalina.startup.HostConfig.deployDirectory Deployment of web application directory [D:\STUDY\Website-projects\Talksy-chat-app\Backend\apache-tomcat-10.1.52\apache-tomcat-10.1.52\webapps\ROOT] has finished in [204] ms
13-Mar-2026 16:55:44.006 INFO [main] org.apache.coyote.AbstractProtocol.start Starting ProtocolHandler ["http-nio-8080"]
13-Mar-2026 16:55:44.030 INFO [main] org.apache.catalina.startup.Catalina.start Server startup in [2220] milliseconds
13-Mar-2026 19:01:49.895 INFO [main] org.apache.catalina.startup.VersionLoggerListener.log Server version name:   Apache Tomcat/10.1.52
13-Mar-2026 19:01:49.899 INFO [main] org.apache.catalina.startup.VersionLoggerListener.log Server built:          Jan 23 2026 19:29:07 UTC
13-Mar-2026 19:01:49.900 INFO [main] org.apache.catalina.startup.VersionLoggerListener.log Server version number: 10.1.52.0
13-Mar-2026 19:01:49.901 INFO [main] org.apache.catalina.startup.VersionLoggerListener.log OS Name:               Windows 11
13-Mar-2026 19:01:49.901 INFO [main] org.apache.catalina.startup.VersionLoggerListener.log OS Version:            10.0
13-Mar-2026 19:01:49.902 INFO [main] org.apache.catalina.startup.VersionLoggerListener.log Architecture:          amd64
13-Mar-2026 19:01:49.902 INFO [main] org.apache.catalina.startup.VersionLoggerListener.log Java Home:             C:\Program Files\Java\jdk-25.0.2
13-Mar-2026 19:01:49.902 INFO [main] org.apache.catalina.startup.VersionLoggerListener.log JVM Version:           25.0.2+10-LTS-69
13-Mar-2026 19:01:49.903 INFO [main] org.apache.catalina.startup.VersionLoggerListener.log JVM Vendor:            Oracle Corporation
13-Mar-2026 19:01:49.903 INFO [main] org.apache.catalina.startup.VersionLoggerListener.log CATALINA_BASE:         D:\STUDY\Website-projects\Talksy-chat-app\Backend\apache-tomcat-10.1.52\apache-tomcat-10.1.52
13-Mar-2026 19:01:49.904 INFO [main] org.apache.catalina.startup.VersionLoggerListener.log CATALINA_HOME:         D:\STUDY\Website-projects\Talksy-chat-app\Backend\apache-tomcat-10.1.52\apache-tomcat-10.1.52
13-Mar-2026 19:01:49.924 INFO [main] org.apache.catalina.startup.VersionLoggerListener.log Command line argument: -Djava.util.logging.config.file=D:\STUDY\Website-projects\Talksy-chat-app\Backend\apache-tomcat-10.1.52\apache-tomcat-10.1.52\conf\logging.properties
13-Mar-2026 19:01:49.925 INFO [main] org.apache.catalina.startup.VersionLoggerListener.log Command line argument: -Djava.util.logging.manager=org.apache.juli.ClassLoaderLogManager
13-Mar-2026 19:01:49.925 INFO [main] org.apache.catalina.startup.VersionLoggerListener.log Command line argument: -Djdk.tls.ephemeralDHKeySize=2048
13-Mar-2026 19:01:49.925 INFO [main] org.apache.catalina.startup.VersionLoggerListener.log Command line argument: -Djava.protocol.handler.pkgs=org.apache.catalina.webresources
13-Mar-2026 19:01:49.926 INFO [main] org.apache.catalina.startup.VersionLoggerListener.log Command line argument: -Dsun.io.useCanonCaches=false
13-Mar-2026 19:01:49.927 INFO [main] org.apache.catalina.startup.VersionLoggerListener.log Command line argument: --add-opens=java.base/java.lang=ALL-UNNAMED
13-Mar-2026 19:01:49.928 INFO [main] org.apache.catalina.startup.VersionLoggerListener.log Command line argument: --add-opens=java.base/java.lang.reflect=ALL-UNNAMED
13-Mar-2026 19:01:49.928 INFO [main] org.apache.catalina.startup.VersionLoggerListener.log Command line argument: --add-opens=java.base/java.io=ALL-UNNAMED
13-Mar-2026 19:01:49.929 INFO [main] org.apache.catalina.startup.VersionLoggerListener.log Command line argument: --add-opens=java.base/java.util=ALL-UNNAMED
13-Mar-2026 19:01:49.929 INFO [main] org.apache.catalina.startup.VersionLoggerListener.log Command line argument: --add-opens=java.base/java.util.concurrent=ALL-UNNAMED
13-Mar-2026 19:01:49.929 INFO [main] org.apache.catalina.startup.VersionLoggerListener.log Command line argument: --add-opens=java.rmi/sun.rmi.transport=ALL-UNNAMED
13-Mar-2026 19:01:49.930 INFO [main] org.apache.catalina.startup.VersionLoggerListener.log Command line argument: -Dcatalina.base=D:\STUDY\Website-projects\Talksy-chat-app\Backend\apache-tomcat-10.1.52\apache-tomcat-10.1.52
13-Mar-2026 19:01:49.930 INFO [main] org.apache.catalina.startup.VersionLoggerListener.log Command line argument: -Dcatalina.home=D:\STUDY\Website-projects\Talksy-chat-app\Backend\apache-tomcat-10.1.52\apache-tomcat-10.1.52
13-Mar-2026 19:01:49.931 INFO [main] org.apache.catalina.startup.VersionLoggerListener.log Command line argument: -Djava.io.tmpdir=D:\STUDY\Website-projects\Talksy-chat-app\Backend\apache-tomcat-10.1.52\apache-tomcat-10.1.52\temp
13-Mar-2026 19:01:49.946 INFO [main] org.apache.catalina.core.AprLifecycleListener.lifecycleEvent The Apache Tomcat Native library which allows using OpenSSL was not found on the java.library.path: [C:\Program Files\Java\jdk-25.0.2\bin;C:\WINDOWS\Sun\Java\bin;C:\WINDOWS\system32;C:\WINDOWS;C:\Program Files\Common Files\Oracle\Java\javapath;C:\WINDOWS\system32;C:\WINDOWS;C:\WINDOWS\System32\Wbem;C:\WINDOWS\System32\WindowsPowerShell\v1.0\;C:\WINDOWS\System32\OpenSSH\;C:\ProgramData\chocolatey\bin;C:\Program Files (x86)\Microsoft SQL Server\100\Tools\Binn\;C:\Program Files\Microsoft SQL Server\100\Tools\Binn\;C:\Program Files\Microsoft SQL Server\100\DTS\Binn\;C:\Program Files\nodejs\;C:\Program Files\Java\jdk-25.0.2\bin;C:\Program Files\MySQL\MySQL Shell 8.0\bin\;C:\Users\HP\AppData\Local\Microsoft\WindowsApps;C:\Users\HP\AppData\Local\Programs\Microsoft VS Code\bin;C:\Users\HP\AppData\Local\Programs\Antigravity\bin;C:\Users\HP\AppData\Roaming\npm;.]
13-Mar-2026 19:01:50.487 INFO [main] org.apache.coyote.AbstractProtocol.init Initializing ProtocolHandler ["http-nio-8080"]
13-Mar-2026 19:01:50.534 INFO [main] org.apache.catalina.startup.Catalina.load Server initialization in [975] milliseconds
13-Mar-2026 19:01:50.619 INFO [main] org.apache.catalina.core.StandardService.startInternal Starting service [Catalina]
13-Mar-2026 19:01:50.620 INFO [main] org.apache.catalina.core.StandardEngine.startInternal Starting Servlet engine: [Apache Tomcat/10.1.52]
13-Mar-2026 19:01:50.640 INFO [main] org.apache.catalina.startup.HostConfig.deployDirectory Deploying web application directory [D:\STUDY\Website-projects\Talksy-chat-app\Backend\apache-tomcat-10.1.52\apache-tomcat-10.1.52\webapps\chatapp]
13-Mar-2026 19:01:51.535 INFO [main] org.apache.jasper.servlet.TldScanner.scanJars At least one JAR was scanned for TLDs yet contained no TLDs. Enable debug logging for this logger for a complete list of JARs that were scanned but no TLDs were found in them. Skipping unneeded JARs during scanning can improve startup time and JSP compilation time.
13-Mar-2026 19:01:51.608 INFO [main] org.apache.catalina.startup.HostConfig.deployDirectory Deployment of web application directory [D:\STUDY\Website-projects\Talksy-chat-app\Backend\apache-tomcat-10.1.52\apache-tomcat-10.1.52\webapps\chatapp] has finished in [965] ms
13-Mar-2026 19:01:51.609 INFO [main] org.apache.catalina.startup.HostConfig.deployDirectory Deploying web application directory [D:\STUDY\Website-projects\Talksy-chat-app\Backend\apache-tomcat-10.1.52\apache-tomcat-10.1.52\webapps\docs]
13-Mar-2026 19:01:51.958 INFO [main] org.apache.jasper.servlet.TldScanner.scanJars At least one JAR was scanned for TLDs yet contained no TLDs. Enable debug logging for this logger for a complete list of JARs that were scanned but no TLDs were found in them. Skipping unneeded JARs during scanning can improve startup time and JSP compilation time.
13-Mar-2026 19:01:51.966 INFO [main] org.apache.catalina.startup.HostConfig.deployDirectory Deployment of web application directory [D:\STUDY\Website-projects\Talksy-chat-app\Backend\apache-tomcat-10.1.52\apache-tomcat-10.1.52\webapps\docs] has finished in [358] ms
13-Mar-2026 19:01:51.967 INFO [main] org.apache.catalina.startup.HostConfig.deployDirectory Deploying web application directory [D:\STUDY\Website-projects\Talksy-chat-app\Backend\apache-tomcat-10.1.52\apache-tomcat-10.1.52\webapps\examples]
13-Mar-2026 19:01:52.635 INFO [main] org.apache.jasper.servlet.TldScanner.scanJars At least one JAR was scanned for TLDs yet contained no TLDs. Enable debug logging for this logger for a complete list of JARs that were scanned but no TLDs were found in them. Skipping unneeded JARs during scanning can improve startup time and JSP compilation time.
13-Mar-2026 19:01:52.713 INFO [main] org.apache.catalina.startup.HostConfig.deployDirectory Deployment of web application directory [D:\STUDY\Website-projects\Talksy-chat-app\Backend\apache-tomcat-10.1.52\apache-tomcat-10.1.52\webapps\examples] has finished in [746] ms
13-Mar-2026 19:01:52.713 INFO [main] org.apache.catalina.startup.HostConfig.deployDirectory Deploying web application directory [D:\STUDY\Website-projects\Talksy-chat-app\Backend\apache-tomcat-10.1.52\apache-tomcat-10.1.52\webapps\host-manager]
13-Mar-2026 19:01:53.167 INFO [main] org.apache.jasper.servlet.TldScanner.scanJars At least one JAR was scanned for TLDs yet contained no TLDs. Enable debug logging for this logger for a complete list of JARs that were scanned but no TLDs were found in them. Skipping unneeded JARs during scanning can improve startup time and JSP compilation time.
13-Mar-2026 19:01:53.191 INFO [main] org.apache.catalina.startup.HostConfig.deployDirectory Deployment of web application directory [D:\STUDY\Website-projects\Talksy-chat-app\Backend\apache-tomcat-10.1.52\apache-tomcat-10.1.52\webapps\host-manager] has finished in [477] ms
13-Mar-2026 19:01:53.191 INFO [main] org.apache.catalina.startup.HostConfig.deployDirectory Deploying web application directory [D:\STUDY\Website-projects\Talksy-chat-app\Backend\apache-tomcat-10.1.52\apache-tomcat-10.1.52\webapps\manager]
13-Mar-2026 19:01:53.561 INFO [main] org.apache.jasper.servlet.TldScanner.scanJars At least one JAR was scanned for TLDs yet contained no TLDs. Enable debug logging for this logger for a complete list of JARs that were scanned but no TLDs were found in them. Skipping unneeded JARs during scanning can improve startup time and JSP compilation time.
13-Mar-2026 19:01:53.566 INFO [main] org.apache.catalina.startup.HostConfig.deployDirectory Deployment of web application directory [D:\STUDY\Website-projects\Talksy-chat-app\Backend\apache-tomcat-10.1.52\apache-tomcat-10.1.52\webapps\manager] has finished in [375] ms
13-Mar-2026 19:01:53.566 INFO [main] org.apache.catalina.startup.HostConfig.deployDirectory Deploying web application directory [D:\STUDY\Website-projects\Talksy-chat-app\Backend\apache-tomcat-10.1.52\apache-tomcat-10.1.52\webapps\ROOT]
13-Mar-2026 19:01:53.884 INFO [main] org.apache.jasper.servlet.TldScanner.scanJars At least one JAR was scanned for TLDs yet contained no TLDs. Enable debug logging for this logger for a complete list of JARs that were scanned but no TLDs were found in them. Skipping unneeded JARs during scanning can improve startup time and JSP compilation time.
13-Mar-2026 19:01:53.890 INFO [main] org.apache.catalina.startup.HostConfig.deployDirectory Deployment of web application directory [D:\STUDY\Website-projects\Talksy-chat-app\Backend\apache-tomcat-10.1.52\apache-tomcat-10.1.52\webapps\ROOT] has finished in [323] ms
13-Mar-2026 19:01:53.896 INFO [main] org.apache.coyote.AbstractProtocol.start Starting ProtocolHandler ["http-nio-8080"]
13-Mar-2026 19:01:53.946 INFO [main] org.apache.catalina.startup.Catalina.start Server startup in [3408] milliseconds
13-Mar-2026 19:50:27.399 INFO [main] org.apache.catalina.startup.VersionLoggerListener.log Server version name:   Apache Tomcat/10.1.52
13-Mar-2026 19:50:27.404 INFO [main] org.apache.catalina.startup.VersionLoggerListener.log Server built:          Jan 23 2026 19:29:07 UTC
13-Mar-2026 19:50:27.405 INFO [main] org.apache.catalina.startup.VersionLoggerListener.log Server version number: 10.1.52.0
13-Mar-2026 19:50:27.405 INFO [main] org.apache.catalina.startup.VersionLoggerListener.log OS Name:               Windows 11
13-Mar-2026 19:50:27.406 INFO [main] org.apache.catalina.startup.VersionLoggerListener.log OS Version:            10.0
13-Mar-2026 19:50:27.406 INFO [main] org.apache.catalina.startup.VersionLoggerListener.log Architecture:          amd64
13-Mar-2026 19:50:27.406 INFO [main] org.apache.catalina.startup.VersionLoggerListener.log Java Home:             C:\Program Files\Java\jdk-25.0.2
13-Mar-2026 19:50:27.408 INFO [main] org.apache.catalina.startup.VersionLoggerListener.log JVM Version:           25.0.2+10-LTS-69
13-Mar-2026 19:50:27.409 INFO [main] org.apache.catalina.startup.VersionLoggerListener.log JVM Vendor:            Oracle Corporation
13-Mar-2026 19:50:27.409 INFO [main] org.apache.catalina.startup.VersionLoggerListener.log CATALINA_BASE:         D:\STUDY\Website-projects\Talksy-chat-app\Backend\apache-tomcat-10.1.52\apache-tomcat-10.1.52
13-Mar-2026 19:50:27.409 INFO [main] org.apache.catalina.startup.VersionLoggerListener.log CATALINA_HOME:         D:\STUDY\Website-projects\Talksy-chat-app\Backend\apache-tomcat-10.1.52\apache-tomcat-10.1.52
13-Mar-2026 19:50:27.433 INFO [main] org.apache.catalina.startup.VersionLoggerListener.log Command line argument: -Djava.util.logging.config.file=D:\STUDY\Website-projects\Talksy-chat-app\Backend\apache-tomcat-10.1.52\apache-tomcat-10.1.52\conf\logging.properties
13-Mar-2026 19:50:27.434 INFO [main] org.apache.catalina.startup.VersionLoggerListener.log Command line argument: -Djava.util.logging.manager=org.apache.juli.ClassLoaderLogManager
13-Mar-2026 19:50:27.434 INFO [main] org.apache.catalina.startup.VersionLoggerListener.log Command line argument: -Djdk.tls.ephemeralDHKeySize=2048
13-Mar-2026 19:50:27.435 INFO [main] org.apache.catalina.startup.VersionLoggerListener.log Command line argument: -Djava.protocol.handler.pkgs=org.apache.catalina.webresources
13-Mar-2026 19:50:27.435 INFO [main] org.apache.catalina.startup.VersionLoggerListener.log Command line argument: -Dsun.io.useCanonCaches=false
13-Mar-2026 19:50:27.435 INFO [main] org.apache.catalina.startup.VersionLoggerListener.log Command line argument: --add-opens=java.base/java.lang=ALL-UNNAMED
13-Mar-2026 19:50:27.437 INFO [main] org.apache.catalina.startup.VersionLoggerListener.log Command line argument: --add-opens=java.base/java.lang.reflect=ALL-UNNAMED
13-Mar-2026 19:50:27.437 INFO [main] org.apache.catalina.startup.VersionLoggerListener.log Command line argument: --add-opens=java.base/java.io=ALL-UNNAMED
13-Mar-2026 19:50:27.437 INFO [main] org.apache.catalina.startup.VersionLoggerListener.log Command line argument: --add-opens=java.base/java.util=ALL-UNNAMED
13-Mar-2026 19:50:27.438 INFO [main] org.apache.catalina.startup.VersionLoggerListener.log Command line argument: --add-opens=java.base/java.util.concurrent=ALL-UNNAMED
13-Mar-2026 19:50:27.438 INFO [main] org.apache.catalina.startup.VersionLoggerListener.log Command line argument: --add-opens=java.rmi/sun.rmi.transport=ALL-UNNAMED
13-Mar-2026 19:50:27.439 INFO [main] org.apache.catalina.startup.VersionLoggerListener.log Command line argument: -Dcatalina.base=D:\STUDY\Website-projects\Talksy-chat-app\Backend\apache-tomcat-10.1.52\apache-tomcat-10.1.52
13-Mar-2026 19:50:27.439 INFO [main] org.apache.catalina.startup.VersionLoggerListener.log Command line argument: -Dcatalina.home=D:\STUDY\Website-projects\Talksy-chat-app\Backend\apache-tomcat-10.1.52\apache-tomcat-10.1.52
13-Mar-2026 19:50:27.439 INFO [main] org.apache.catalina.startup.VersionLoggerListener.log Command line argument: -Djava.io.tmpdir=D:\STUDY\Website-projects\Talksy-chat-app\Backend\apache-tomcat-10.1.52\apache-tomcat-10.1.52\temp
13-Mar-2026 19:50:27.453 INFO [main] org.apache.catalina.core.AprLifecycleListener.lifecycleEvent The Apache Tomcat Native library which allows using OpenSSL was not found on the java.library.path: [C:\Program Files\Java\jdk-25.0.2\bin;C:\WINDOWS\Sun\Java\bin;C:\WINDOWS\system32;C:\WINDOWS;C:\Program Files\Common Files\Oracle\Java\javapath;C:\WINDOWS\system32;C:\WINDOWS;C:\WINDOWS\System32\Wbem;C:\WINDOWS\System32\WindowsPowerShell\v1.0\;C:\WINDOWS\System32\OpenSSH\;C:\ProgramData\chocolatey\bin;C:\Program Files (x86)\Microsoft SQL Server\100\Tools\Binn\;C:\Program Files\Microsoft SQL Server\100\Tools\Binn\;C:\Program Files\Microsoft SQL Server\100\DTS\Binn\;C:\Program Files\nodejs\;C:\Program Files\Java\jdk-25.0.2\bin;C:\Program Files\MySQL\MySQL Shell 8.0\bin\;C:\Users\HP\AppData\Local\Microsoft\WindowsApps;C:\Users\HP\AppData\Local\Programs\Microsoft VS Code\bin;C:\Users\HP\AppData\Local\Programs\Antigravity\bin;C:\Users\HP\AppData\Roaming\npm;.]
13-Mar-2026 19:50:27.885 INFO [main] org.apache.coyote.AbstractProtocol.init Initializing ProtocolHandler ["http-nio-8080"]
13-Mar-2026 19:50:27.927 INFO [main] org.apache.catalina.startup.Catalina.load Server initialization in [892] milliseconds
13-Mar-2026 19:50:28.013 INFO [main] org.apache.catalina.core.StandardService.startInternal Starting service [Catalina]
13-Mar-2026 19:50:28.014 INFO [main] org.apache.catalina.core.StandardEngine.startInternal Starting Servlet engine: [Apache Tomcat/10.1.52]
13-Mar-2026 19:50:28.034 INFO [main] org.apache.catalina.startup.HostConfig.deployDirectory Deploying web application directory [D:\STUDY\Website-projects\Talksy-chat-app\Backend\apache-tomcat-10.1.52\apache-tomcat-10.1.52\webapps\chatapp]
13-Mar-2026 19:50:28.997 INFO [main] org.apache.jasper.servlet.TldScanner.scanJars At least one JAR was scanned for TLDs yet contained no TLDs. Enable debug logging for this logger for a complete list of JARs that were scanned but no TLDs were found in them. Skipping unneeded JARs during scanning can improve startup time and JSP compilation time.
13-Mar-2026 19:50:29.096 INFO [main] org.apache.catalina.startup.HostConfig.deployDirectory Deployment of web application directory [D:\STUDY\Website-projects\Talksy-chat-app\Backend\apache-tomcat-10.1.52\apache-tomcat-10.1.52\webapps\chatapp] has finished in [1,058] ms
13-Mar-2026 19:50:29.096 INFO [main] org.apache.catalina.startup.HostConfig.deployDirectory Deploying web application directory [D:\STUDY\Website-projects\Talksy-chat-app\Backend\apache-tomcat-10.1.52\apache-tomcat-10.1.52\webapps\docs]
13-Mar-2026 19:50:29.419 INFO [main] org.apache.jasper.servlet.TldScanner.scanJars At least one JAR was scanned for TLDs yet contained no TLDs. Enable debug logging for this logger for a complete list of JARs that were scanned but no TLDs were found in them. Skipping unneeded JARs during scanning can improve startup time and JSP compilation time.
13-Mar-2026 19:50:29.427 INFO [main] org.apache.catalina.startup.HostConfig.deployDirectory Deployment of web application directory [D:\STUDY\Website-projects\Talksy-chat-app\Backend\apache-tomcat-10.1.52\apache-tomcat-10.1.52\webapps\docs] has finished in [329] ms
13-Mar-2026 19:50:29.428 INFO [main] org.apache.catalina.startup.HostConfig.deployDirectory Deploying web application directory [D:\STUDY\Website-projects\Talksy-chat-app\Backend\apache-tomcat-10.1.52\apache-tomcat-10.1.52\webapps\examples]
13-Mar-2026 19:50:30.093 INFO [main] org.apache.jasper.servlet.TldScanner.scanJars At least one JAR was scanned for TLDs yet contained no TLDs. Enable debug logging for this logger for a complete list of JARs that were scanned but no TLDs were found in them. Skipping unneeded JARs during scanning can improve startup time and JSP compilation time.
13-Mar-2026 19:50:30.169 INFO [main] org.apache.catalina.startup.HostConfig.deployDirectory Deployment of web application directory [D:\STUDY\Website-projects\Talksy-chat-app\Backend\apache-tomcat-10.1.52\apache-tomcat-10.1.52\webapps\examples] has finished in [741] ms
13-Mar-2026 19:50:30.170 INFO [main] org.apache.catalina.startup.HostConfig.deployDirectory Deploying web application directory [D:\STUDY\Website-projects\Talksy-chat-app\Backend\apache-tomcat-10.1.52\apache-tomcat-10.1.52\webapps\host-manager]
13-Mar-2026 19:50:30.474 INFO [main] org.apache.jasper.servlet.TldScanner.scanJars At least one JAR was scanned for TLDs yet contained no TLDs. Enable debug logging for this logger for a complete list of JARs that were scanned but no TLDs were found in them. Skipping unneeded JARs during scanning can improve startup time and JSP compilation time.
13-Mar-2026 19:50:30.510 INFO [main] org.apache.catalina.startup.HostConfig.deployDirectory Deployment of web application directory [D:\STUDY\Website-projects\Talksy-chat-app\Backend\apache-tomcat-10.1.52\apache-tomcat-10.1.52\webapps\host-manager] has finished in [341] ms
13-Mar-2026 19:50:30.511 INFO [main] org.apache.catalina.startup.HostConfig.deployDirectory Deploying web application directory [D:\STUDY\Website-projects\Talksy-chat-app\Backend\apache-tomcat-10.1.52\apache-tomcat-10.1.52\webapps\manager]
13-Mar-2026 19:50:30.778 INFO [main] org.apache.jasper.servlet.TldScanner.scanJars At least one JAR was scanned for TLDs yet contained no TLDs. Enable debug logging for this logger for a complete list of JARs that were scanned but no TLDs were found in them. Skipping unneeded JARs during scanning can improve startup time and JSP compilation time.
13-Mar-2026 19:50:30.788 INFO [main] org.apache.catalina.startup.HostConfig.deployDirectory Deployment of web application directory [D:\STUDY\Website-projects\Talksy-chat-app\Backend\apache-tomcat-10.1.52\apache-tomcat-10.1.52\webapps\manager] has finished in [277] ms
13-Mar-2026 19:50:30.789 INFO [main] org.apache.catalina.startup.HostConfig.deployDirectory Deploying web application directory [D:\STUDY\Website-projects\Talksy-chat-app\Backend\apache-tomcat-10.1.52\apache-tomcat-10.1.52\webapps\ROOT]
13-Mar-2026 19:50:31.053 INFO [main] org.apache.jasper.servlet.TldScanner.scanJars At least one JAR was scanned for TLDs yet contained no TLDs. Enable debug logging for this logger for a complete list of JARs that were scanned but no TLDs were found in them. Skipping unneeded JARs during scanning can improve startup time and JSP compilation time.
13-Mar-2026 19:50:31.059 INFO [main] org.apache.catalina.startup.HostConfig.deployDirectory Deployment of web application directory [D:\STUDY\Website-projects\Talksy-chat-app\Backend\apache-tomcat-10.1.52\apache-tomcat-10.1.52\webapps\ROOT] has finished in [269] ms
13-Mar-2026 19:50:31.062 INFO [main] org.apache.coyote.AbstractProtocol.start Starting ProtocolHandler ["http-nio-8080"]
13-Mar-2026 19:50:31.113 INFO [main] org.apache.catalina.startup.Catalina.start Server startup in [3180] milliseconds
13-Mar-2026 20:01:02.348 INFO [Catalina-utility-1] org.apache.catalina.startup.HostConfig.reload Reloading context [/chatapp]
13-Mar-2026 20:01:02.359 INFO [Catalina-utility-1] org.apache.catalina.core.StandardContext.reload Reloading Context with name [/chatapp] has started
13-Mar-2026 20:01:03.824 INFO [Catalina-utility-1] org.apache.jasper.servlet.TldScanner.scanJars At least one JAR was scanned for TLDs yet contained no TLDs. Enable debug logging for this logger for a complete list of JARs that were scanned but no TLDs were found in them. Skipping unneeded JARs during scanning can improve startup time and JSP compilation time.
13-Mar-2026 20:01:03.851 INFO [Catalina-utility-1] org.apache.catalina.core.StandardContext.reload Reloading Context with name [/chatapp] is completed
13-Mar-2026 20:51:26.203 INFO [main] org.apache.catalina.startup.VersionLoggerListener.log Server version name:   Apache Tomcat/10.1.52
13-Mar-2026 20:51:26.208 INFO [main] org.apache.catalina.startup.VersionLoggerListener.log Server built:          Jan 23 2026 19:29:07 UTC
13-Mar-2026 20:51:26.209 INFO [main] org.apache.catalina.startup.VersionLoggerListener.log Server version number: 10.1.52.0
13-Mar-2026 20:51:26.209 INFO [main] org.apache.catalina.startup.VersionLoggerListener.log OS Name:               Windows 11
13-Mar-2026 20:51:26.209 INFO [main] org.apache.catalina.startup.VersionLoggerListener.log OS Version:            10.0
13-Mar-2026 20:51:26.210 INFO [main] org.apache.catalina.startup.VersionLoggerListener.log Architecture:          amd64
13-Mar-2026 20:51:26.210 INFO [main] org.apache.catalina.startup.VersionLoggerListener.log Java Home:             C:\Program Files\Java\jdk-25.0.2
13-Mar-2026 20:51:26.210 INFO [main] org.apache.catalina.startup.VersionLoggerListener.log JVM Version:           25.0.2+10-LTS-69
13-Mar-2026 20:51:26.211 INFO [main] org.apache.catalina.startup.VersionLoggerListener.log JVM Vendor:            Oracle Corporation
13-Mar-2026 20:51:26.211 INFO [main] org.apache.catalina.startup.VersionLoggerListener.log CATALINA_BASE:         D:\STUDY\Website-projects\Talksy-chat-app\Backend\apache-tomcat-10.1.52\apache-tomcat-10.1.52
13-Mar-2026 20:51:26.211 INFO [main] org.apache.catalina.startup.VersionLoggerListener.log CATALINA_HOME:         D:\STUDY\Website-projects\Talksy-chat-app\Backend\apache-tomcat-10.1.52\apache-tomcat-10.1.52
13-Mar-2026 20:51:26.256 INFO [main] org.apache.catalina.startup.VersionLoggerListener.log Command line argument: -Djava.util.logging.config.file=D:\STUDY\Website-projects\Talksy-chat-app\Backend\apache-tomcat-10.1.52\apache-tomcat-10.1.52\conf\logging.properties
13-Mar-2026 20:51:26.257 INFO [main] org.apache.catalina.startup.VersionLoggerListener.log Command line argument: -Djava.util.logging.manager=org.apache.juli.ClassLoaderLogManager
13-Mar-2026 20:51:26.257 INFO [main] org.apache.catalina.startup.VersionLoggerListener.log Command line argument: -Djdk.tls.ephemeralDHKeySize=2048
13-Mar-2026 20:51:26.257 INFO [main] org.apache.catalina.startup.VersionLoggerListener.log Command line argument: -Djava.protocol.handler.pkgs=org.apache.catalina.webresources
13-Mar-2026 20:51:26.258 INFO [main] org.apache.catalina.startup.VersionLoggerListener.log Command line argument: -Dsun.io.useCanonCaches=false
13-Mar-2026 20:51:26.258 INFO [main] org.apache.catalina.startup.VersionLoggerListener.log Command line argument: --add-opens=java.base/java.lang=ALL-UNNAMED
13-Mar-2026 20:51:26.258 INFO [main] org.apache.catalina.startup.VersionLoggerListener.log Command line argument: --add-opens=java.base/java.lang.reflect=ALL-UNNAMED
13-Mar-2026 20:51:26.258 INFO [main] org.apache.catalina.startup.VersionLoggerListener.log Command line argument: --add-opens=java.base/java.io=ALL-UNNAMED
13-Mar-2026 20:51:26.259 INFO [main] org.apache.catalina.startup.VersionLoggerListener.log Command line argument: --add-opens=java.base/java.util=ALL-UNNAMED
13-Mar-2026 20:51:26.259 INFO [main] org.apache.catalina.startup.VersionLoggerListener.log Command line argument: --add-opens=java.base/java.util.concurrent=ALL-UNNAMED
13-Mar-2026 20:51:26.260 INFO [main] org.apache.catalina.startup.VersionLoggerListener.log Command line argument: --add-opens=java.rmi/sun.rmi.transport=ALL-UNNAMED
13-Mar-2026 20:51:26.260 INFO [main] org.apache.catalina.startup.VersionLoggerListener.log Command line argument: -Dcatalina.base=D:\STUDY\Website-projects\Talksy-chat-app\Backend\apache-tomcat-10.1.52\apache-tomcat-10.1.52
13-Mar-2026 20:51:26.260 INFO [main] org.apache.catalina.startup.VersionLoggerListener.log Command line argument: -Dcatalina.home=D:\STUDY\Website-projects\Talksy-chat-app\Backend\apache-tomcat-10.1.52\apache-tomcat-10.1.52
13-Mar-2026 20:51:26.261 INFO [main] org.apache.catalina.startup.VersionLoggerListener.log Command line argument: -Djava.io.tmpdir=D:\STUDY\Website-projects\Talksy-chat-app\Backend\apache-tomcat-10.1.52\apache-tomcat-10.1.52\temp
13-Mar-2026 20:51:26.273 INFO [main] org.apache.catalina.core.AprLifecycleListener.lifecycleEvent The Apache Tomcat Native library which allows using OpenSSL was not found on the java.library.path: [C:\Program Files\Java\jdk-25.0.2\bin;C:\WINDOWS\Sun\Java\bin;C:\WINDOWS\system32;C:\WINDOWS;C:\Program Files\Common Files\Oracle\Java\javapath;C:\WINDOWS\system32;C:\WINDOWS;C:\WINDOWS\System32\Wbem;C:\WINDOWS\System32\WindowsPowerShell\v1.0\;C:\WINDOWS\System32\OpenSSH\;C:\ProgramData\chocolatey\bin;C:\Program Files (x86)\Microsoft SQL Server\100\Tools\Binn\;C:\Program Files\Microsoft SQL Server\100\Tools\Binn\;C:\Program Files\Microsoft SQL Server\100\DTS\Binn\;C:\Program Files\nodejs\;C:\Program Files\Java\jdk-25.0.2\bin;C:\Program Files\MySQL\MySQL Shell 8.0\bin\;C:\Users\HP\AppData\Local\Microsoft\WindowsApps;C:\Users\HP\AppData\Local\Programs\Microsoft VS Code\bin;C:\Users\HP\AppData\Local\Programs\Antigravity\bin;C:\Users\HP\AppData\Roaming\npm;.]
13-Mar-2026 20:51:26.591 INFO [main] org.apache.coyote.AbstractProtocol.init Initializing ProtocolHandler ["http-nio-8080"]
13-Mar-2026 20:51:26.630 INFO [main] org.apache.catalina.startup.Catalina.load Server initialization in [672] milliseconds
13-Mar-2026 20:51:26.690 INFO [main] org.apache.catalina.core.StandardService.startInternal Starting service [Catalina]
13-Mar-2026 20:51:26.691 INFO [main] org.apache.catalina.core.StandardEngine.startInternal Starting Servlet engine: [Apache Tomcat/10.1.52]
13-Mar-2026 20:51:26.700 INFO [main] org.apache.catalina.startup.HostConfig.deployDirectory Deploying web application directory [D:\STUDY\Website-projects\Talksy-chat-app\Backend\apache-tomcat-10.1.52\apache-tomcat-10.1.52\webapps\chatapp]
13-Mar-2026 20:51:27.308 INFO [main] org.apache.jasper.servlet.TldScanner.scanJars At least one JAR was scanned for TLDs yet contained no TLDs. Enable debug logging for this logger for a complete list of JARs that were scanned but no TLDs were found in them. Skipping unneeded JARs during scanning can improve startup time and JSP compilation time.
13-Mar-2026 20:51:27.402 INFO [main] org.apache.catalina.startup.HostConfig.deployDirectory Deployment of web application directory [D:\STUDY\Website-projects\Talksy-chat-app\Backend\apache-tomcat-10.1.52\apache-tomcat-10.1.52\webapps\chatapp] has finished in [699] ms
13-Mar-2026 20:51:27.403 INFO [main] org.apache.catalina.startup.HostConfig.deployDirectory Deploying web application directory [D:\STUDY\Website-projects\Talksy-chat-app\Backend\apache-tomcat-10.1.52\apache-tomcat-10.1.52\webapps\docs]
13-Mar-2026 20:51:27.653 INFO [main] org.apache.jasper.servlet.TldScanner.scanJars At least one JAR was scanned for TLDs yet contained no TLDs. Enable debug logging for this logger for a complete list of JARs that were scanned but no TLDs were found in them. Skipping unneeded JARs during scanning can improve startup time and JSP compilation time.
13-Mar-2026 20:51:27.664 INFO [main] org.apache.catalina.startup.HostConfig.deployDirectory Deployment of web application directory [D:\STUDY\Website-projects\Talksy-chat-app\Backend\apache-tomcat-10.1.52\apache-tomcat-10.1.52\webapps\docs] has finished in [260] ms
13-Mar-2026 20:51:27.664 INFO [main] org.apache.catalina.startup.HostConfig.deployDirectory Deploying web application directory [D:\STUDY\Website-projects\Talksy-chat-app\Backend\apache-tomcat-10.1.52\apache-tomcat-10.1.52\webapps\examples]
13-Mar-2026 20:51:28.355 INFO [main] org.apache.jasper.servlet.TldScanner.scanJars At least one JAR was scanned for TLDs yet contained no TLDs. Enable debug logging for this logger for a complete list of JARs that were scanned but no TLDs were found in them. Skipping unneeded JARs during scanning can improve startup time and JSP compilation time.
13-Mar-2026 20:51:28.417 INFO [main] org.apache.catalina.startup.HostConfig.deployDirectory Deployment of web application directory [D:\STUDY\Website-projects\Talksy-chat-app\Backend\apache-tomcat-10.1.52\apache-tomcat-10.1.52\webapps\examples] has finished in [752] ms
13-Mar-2026 20:51:28.417 INFO [main] org.apache.catalina.startup.HostConfig.deployDirectory Deploying web application directory [D:\STUDY\Website-projects\Talksy-chat-app\Backend\apache-tomcat-10.1.52\apache-tomcat-10.1.52\webapps\host-manager]
13-Mar-2026 20:51:28.681 INFO [main] org.apache.jasper.servlet.TldScanner.scanJars At least one JAR was scanned for TLDs yet contained no TLDs. Enable debug logging for this logger for a complete list of JARs that were scanned but no TLDs were found in them. Skipping unneeded JARs during scanning can improve startup time and JSP compilation time.
13-Mar-2026 20:51:28.698 INFO [main] org.apache.catalina.startup.HostConfig.deployDirectory Deployment of web application directory [D:\STUDY\Website-projects\Talksy-chat-app\Backend\apache-tomcat-10.1.52\apache-tomcat-10.1.52\webapps\host-manager] has finished in [281] ms
13-Mar-2026 20:51:28.699 INFO [main] org.apache.catalina.startup.HostConfig.deployDirectory Deploying web application directory [D:\STUDY\Website-projects\Talksy-chat-app\Backend\apache-tomcat-10.1.52\apache-tomcat-10.1.52\webapps\manager]
13-Mar-2026 20:51:28.907 INFO [main] org.apache.jasper.servlet.TldScanner.scanJars At least one JAR was scanned for TLDs yet contained no TLDs. Enable debug logging for this logger for a complete list of JARs that were scanned but no TLDs were found in them. Skipping unneeded JARs during scanning can improve startup time and JSP compilation time.
13-Mar-2026 20:51:28.914 INFO [main] org.apache.catalina.startup.HostConfig.deployDirectory Deployment of web application directory [D:\STUDY\Website-projects\Talksy-chat-app\Backend\apache-tomcat-10.1.52\apache-tomcat-10.1.52\webapps\manager] has finished in [215] ms
13-Mar-2026 20:51:28.915 INFO [main] org.apache.catalina.startup.HostConfig.deployDirectory Deploying web application directory [D:\STUDY\Website-projects\Talksy-chat-app\Backend\apache-tomcat-10.1.52\apache-tomcat-10.1.52\webapps\ROOT]
13-Mar-2026 20:51:29.116 INFO [main] org.apache.jasper.servlet.TldScanner.scanJars At least one JAR was scanned for TLDs yet contained no TLDs. Enable debug logging for this logger for a complete list of JARs that were scanned but no TLDs were found in them. Skipping unneeded JARs during scanning can improve startup time and JSP compilation time.
13-Mar-2026 20:51:29.120 INFO [main] org.apache.catalina.startup.HostConfig.deployDirectory Deployment of web application directory [D:\STUDY\Website-projects\Talksy-chat-app\Backend\apache-tomcat-10.1.52\apache-tomcat-10.1.52\webapps\ROOT] has finished in [206] ms
13-Mar-2026 20:51:29.124 INFO [main] org.apache.coyote.AbstractProtocol.start Starting ProtocolHandler ["http-nio-8080"]
13-Mar-2026 20:51:29.195 INFO [main] org.apache.catalina.startup.Catalina.start Server startup in [2562] milliseconds
13-Mar-2026 21:02:34.785 SEVERE [http-nio-8080-exec-6] org.apache.tomcat.websocket.pojo.PojoEndpointBase.onError No error handling configured for [ChatServer] and the following error occurred
	java.io.EOFException
		at org.apache.tomcat.util.net.NioEndpoint$NioSocketWrapper.fillReadBuffer(NioEndpoint.java:1334)
		at org.apache.tomcat.util.net.NioEndpoint$NioSocketWrapper.read(NioEndpoint.java:1218)
		at org.apache.tomcat.websocket.server.WsFrameServer.onDataAvailable(WsFrameServer.java:74)
		at org.apache.tomcat.websocket.server.WsFrameServer.doOnDataAvailable(WsFrameServer.java:184)
		at org.apache.tomcat.websocket.server.WsFrameServer.notifyDataAvailable(WsFrameServer.java:164)
		at org.apache.tomcat.websocket.server.WsHttpUpgradeHandler.upgradeDispatch(WsHttpUpgradeHandler.java:152)
		at org.apache.coyote.http11.upgrade.UpgradeProcessorInternal.dispatch(UpgradeProcessorInternal.java:60)
		at org.apache.coyote.AbstractProcessorLight.process(AbstractProcessorLight.java:57)
		at org.apache.coyote.AbstractProtocol$ConnectionHandler.process(AbstractProtocol.java:903)
		at org.apache.tomcat.util.net.NioEndpoint$SocketProcessor.doRun(NioEndpoint.java:1775)
		at org.apache.tomcat.util.net.SocketProcessorBase.run(SocketProcessorBase.java:52)
		at org.apache.tomcat.util.threads.ThreadPoolExecutor.runWorker(ThreadPoolExecutor.java:973)
		at org.apache.tomcat.util.threads.ThreadPoolExecutor$Worker.run(ThreadPoolExecutor.java:491)
		at org.apache.tomcat.util.threads.TaskThread$WrappingRunnable.run(TaskThread.java:63)
		at java.base/java.lang.Thread.run(Thread.java:1474)
13-Mar-2026 21:02:34.785 SEVERE [http-nio-8080-exec-8] org.apache.tomcat.websocket.pojo.PojoEndpointBase.onError No error handling configured for [ChatServer] and the following error occurred
	java.io.EOFException
		at org.apache.tomcat.util.net.NioEndpoint$NioSocketWrapper.fillReadBuffer(NioEndpoint.java:1334)
		at org.apache.tomcat.util.net.NioEndpoint$NioSocketWrapper.read(NioEndpoint.java:1218)
		at org.apache.tomcat.websocket.server.WsFrameServer.onDataAvailable(WsFrameServer.java:74)
		at org.apache.tomcat.websocket.server.WsFrameServer.doOnDataAvailable(WsFrameServer.java:184)
		at org.apache.tomcat.websocket.server.WsFrameServer.notifyDataAvailable(WsFrameServer.java:164)
		at org.apache.tomcat.websocket.server.WsHttpUpgradeHandler.upgradeDispatch(WsHttpUpgradeHandler.java:152)
		at org.apache.coyote.http11.upgrade.UpgradeProcessorInternal.dispatch(UpgradeProcessorInternal.java:60)
		at org.apache.coyote.AbstractProcessorLight.process(AbstractProcessorLight.java:57)
		at org.apache.coyote.AbstractProtocol$ConnectionHandler.process(AbstractProtocol.java:903)
		at org.apache.tomcat.util.net.NioEndpoint$SocketProcessor.doRun(NioEndpoint.java:1775)
		at org.apache.tomcat.util.net.SocketProcessorBase.run(SocketProcessorBase.java:52)
		at org.apache.tomcat.util.threads.ThreadPoolExecutor.runWorker(ThreadPoolExecutor.java:973)
		at org.apache.tomcat.util.threads.ThreadPoolExecutor$Worker.run(ThreadPoolExecutor.java:491)
		at org.apache.tomcat.util.threads.TaskThread$WrappingRunnable.run(TaskThread.java:63)
		at java.base/java.lang.Thread.run(Thread.java:1474)
13-Mar-2026 22:24:32.734 INFO [main] org.apache.catalina.startup.VersionLoggerListener.log Server version name:   Apache Tomcat/10.1.52
13-Mar-2026 22:24:32.737 INFO [main] org.apache.catalina.startup.VersionLoggerListener.log Server built:          Jan 23 2026 19:29:07 UTC
13-Mar-2026 22:24:32.737 INFO [main] org.apache.catalina.startup.VersionLoggerListener.log Server version number: 10.1.52.0
13-Mar-2026 22:24:32.738 INFO [main] org.apache.catalina.startup.VersionLoggerListener.log OS Name:               Windows 11
13-Mar-2026 22:24:32.738 INFO [main] org.apache.catalina.startup.VersionLoggerListener.log OS Version:            10.0
13-Mar-2026 22:24:32.738 INFO [main] org.apache.catalina.startup.VersionLoggerListener.log Architecture:          amd64
13-Mar-2026 22:24:32.738 INFO [main] org.apache.catalina.startup.VersionLoggerListener.log Java Home:             C:\Program Files\Java\jdk-25.0.2
13-Mar-2026 22:24:32.739 INFO [main] org.apache.catalina.startup.VersionLoggerListener.log JVM Version:           25.0.2+10-LTS-69
13-Mar-2026 22:24:32.739 INFO [main] org.apache.catalina.startup.VersionLoggerListener.log JVM Vendor:            Oracle Corporation
13-Mar-2026 22:24:32.740 INFO [main] org.apache.catalina.startup.VersionLoggerListener.log CATALINA_BASE:         D:\STUDY\Website-projects\Talksy-chat-app\Backend\apache-tomcat-10.1.52\apache-tomcat-10.1.52
13-Mar-2026 22:24:32.740 INFO [main] org.apache.catalina.startup.VersionLoggerListener.log CATALINA_HOME:         D:\STUDY\Website-projects\Talksy-chat-app\Backend\apache-tomcat-10.1.52\apache-tomcat-10.1.52
13-Mar-2026 22:24:32.769 INFO [main] org.apache.catalina.startup.VersionLoggerListener.log Command line argument: -Djava.util.logging.config.file=D:\STUDY\Website-projects\Talksy-chat-app\Backend\apache-tomcat-10.1.52\apache-tomcat-10.1.52\conf\logging.properties
13-Mar-2026 22:24:32.769 INFO [main] org.apache.catalina.startup.VersionLoggerListener.log Command line argument: -Djava.util.logging.manager=org.apache.juli.ClassLoaderLogManager
13-Mar-2026 22:24:32.770 INFO [main] org.apache.catalina.startup.VersionLoggerListener.log Command line argument: -Djdk.tls.ephemeralDHKeySize=2048
13-Mar-2026 22:24:32.770 INFO [main] org.apache.catalina.startup.VersionLoggerListener.log Command line argument: -Djava.protocol.handler.pkgs=org.apache.catalina.webresources
13-Mar-2026 22:24:32.770 INFO [main] org.apache.catalina.startup.VersionLoggerListener.log Command line argument: -Dsun.io.useCanonCaches=false
13-Mar-2026 22:24:32.771 INFO [main] org.apache.catalina.startup.VersionLoggerListener.log Command line argument: --add-opens=java.base/java.lang=ALL-UNNAMED
13-Mar-2026 22:24:32.771 INFO [main] org.apache.catalina.startup.VersionLoggerListener.log Command line argument: --add-opens=java.base/java.lang.reflect=ALL-UNNAMED
13-Mar-2026 22:24:32.771 INFO [main] org.apache.catalina.startup.VersionLoggerListener.log Command line argument: --add-opens=java.base/java.io=ALL-UNNAMED
13-Mar-2026 22:24:32.771 INFO [main] org.apache.catalina.startup.VersionLoggerListener.log Command line argument: --add-opens=java.base/java.util=ALL-UNNAMED
13-Mar-2026 22:24:32.772 INFO [main] org.apache.catalina.startup.VersionLoggerListener.log Command line argument: --add-opens=java.base/java.util.concurrent=ALL-UNNAMED
13-Mar-2026 22:24:32.772 INFO [main] org.apache.catalina.startup.VersionLoggerListener.log Command line argument: --add-opens=java.rmi/sun.rmi.transport=ALL-UNNAMED
13-Mar-2026 22:24:32.772 INFO [main] org.apache.catalina.startup.VersionLoggerListener.log Command line argument: -Dcatalina.base=D:\STUDY\Website-projects\Talksy-chat-app\Backend\apache-tomcat-10.1.52\apache-tomcat-10.1.52
13-Mar-2026 22:24:32.773 INFO [main] org.apache.catalina.startup.VersionLoggerListener.log Command line argument: -Dcatalina.home=D:\STUDY\Website-projects\Talksy-chat-app\Backend\apache-tomcat-10.1.52\apache-tomcat-10.1.52
13-Mar-2026 22:24:32.773 INFO [main] org.apache.catalina.startup.VersionLoggerListener.log Command line argument: -Djava.io.tmpdir=D:\STUDY\Website-projects\Talksy-chat-app\Backend\apache-tomcat-10.1.52\apache-tomcat-10.1.52\temp
13-Mar-2026 22:24:32.786 INFO [main] org.apache.catalina.core.AprLifecycleListener.lifecycleEvent The Apache Tomcat Native library which allows using OpenSSL was not found on the java.library.path: [C:\Program Files\Java\jdk-25.0.2\bin;C:\WINDOWS\Sun\Java\bin;C:\WINDOWS\system32;C:\WINDOWS;C:\Program Files\Common Files\Oracle\Java\javapath;C:\WINDOWS\system32;C:\WINDOWS;C:\WINDOWS\System32\Wbem;C:\WINDOWS\System32\WindowsPowerShell\v1.0\;C:\WINDOWS\System32\OpenSSH\;C:\ProgramData\chocolatey\bin;C:\Program Files (x86)\Microsoft SQL Server\100\Tools\Binn\;C:\Program Files\Microsoft SQL Server\100\Tools\Binn\;C:\Program Files\Microsoft SQL Server\100\DTS\Binn\;C:\Program Files\nodejs\;C:\Program Files\Java\jdk-25.0.2\bin;C:\Program Files\MySQL\MySQL Shell 8.0\bin\;C:\Users\HP\AppData\Local\Microsoft\WindowsApps;C:\Users\HP\AppData\Local\Programs\Microsoft VS Code\bin;C:\Users\HP\AppData\Local\Programs\Antigravity\bin;C:\Users\HP\AppData\Roaming\npm;.]
13-Mar-2026 22:24:33.153 INFO [main] org.apache.coyote.AbstractProtocol.init Initializing ProtocolHandler ["http-nio-8080"]
13-Mar-2026 22:24:33.192 INFO [main] org.apache.catalina.startup.Catalina.load Server initialization in [614] milliseconds
13-Mar-2026 22:24:33.253 INFO [main] org.apache.catalina.core.StandardService.startInternal Starting service [Catalina]
13-Mar-2026 22:24:33.253 INFO [main] org.apache.catalina.core.StandardEngine.startInternal Starting Servlet engine: [Apache Tomcat/10.1.52]
13-Mar-2026 22:24:33.264 INFO [main] org.apache.catalina.startup.HostConfig.deployDirectory Deploying web application directory [D:\STUDY\Website-projects\Talksy-chat-app\Backend\apache-tomcat-10.1.52\apache-tomcat-10.1.52\webapps\chatapp]
13-Mar-2026 22:24:34.013 INFO [main] org.apache.jasper.servlet.TldScanner.scanJars At least one JAR was scanned for TLDs yet contained no TLDs. Enable debug logging for this logger for a complete list of JARs that were scanned but no TLDs were found in them. Skipping unneeded JARs during scanning can improve startup time and JSP compilation time.
13-Mar-2026 22:24:34.099 INFO [main] org.apache.catalina.startup.HostConfig.deployDirectory Deployment of web application directory [D:\STUDY\Website-projects\Talksy-chat-app\Backend\apache-tomcat-10.1.52\apache-tomcat-10.1.52\webapps\chatapp] has finished in [831] ms
13-Mar-2026 22:24:34.100 INFO [main] org.apache.catalina.startup.HostConfig.deployDirectory Deploying web application directory [D:\STUDY\Website-projects\Talksy-chat-app\Backend\apache-tomcat-10.1.52\apache-tomcat-10.1.52\webapps\docs]
13-Mar-2026 22:24:34.384 INFO [main] org.apache.jasper.servlet.TldScanner.scanJars At least one JAR was scanned for TLDs yet contained no TLDs. Enable debug logging for this logger for a complete list of JARs that were scanned but no TLDs were found in them. Skipping unneeded JARs during scanning can improve startup time and JSP compilation time.
13-Mar-2026 22:24:34.391 INFO [main] org.apache.catalina.startup.HostConfig.deployDirectory Deployment of web application directory [D:\STUDY\Website-projects\Talksy-chat-app\Backend\apache-tomcat-10.1.52\apache-tomcat-10.1.52\webapps\docs] has finished in [291] ms
13-Mar-2026 22:24:34.392 INFO [main] org.apache.catalina.startup.HostConfig.deployDirectory Deploying web application directory [D:\STUDY\Website-projects\Talksy-chat-app\Backend\apache-tomcat-10.1.52\apache-tomcat-10.1.52\webapps\examples]
13-Mar-2026 22:24:34.980 INFO [main] org.apache.jasper.servlet.TldScanner.scanJars At least one JAR was scanned for TLDs yet contained no TLDs. Enable debug logging for this logger for a complete list of JARs that were scanned but no TLDs were found in them. Skipping unneeded JARs during scanning can improve startup time and JSP compilation time.
13-Mar-2026 22:24:35.041 INFO [main] org.apache.catalina.startup.HostConfig.deployDirectory Deployment of web application directory [D:\STUDY\Website-projects\Talksy-chat-app\Backend\apache-tomcat-10.1.52\apache-tomcat-10.1.52\webapps\examples] has finished in [649] ms
13-Mar-2026 22:24:35.042 INFO [main] org.apache.catalina.startup.HostConfig.deployDirectory Deploying web application directory [D:\STUDY\Website-projects\Talksy-chat-app\Backend\apache-tomcat-10.1.52\apache-tomcat-10.1.52\webapps\host-manager]
13-Mar-2026 22:24:35.340 INFO [main] org.apache.jasper.servlet.TldScanner.scanJars At least one JAR was scanned for TLDs yet contained no TLDs. Enable debug logging for this logger for a complete list of JARs that were scanned but no TLDs were found in them. Skipping unneeded JARs during scanning can improve startup time and JSP compilation time.
13-Mar-2026 22:24:35.356 INFO [main] org.apache.catalina.startup.HostConfig.deployDirectory Deployment of web application directory [D:\STUDY\Website-projects\Talksy-chat-app\Backend\apache-tomcat-10.1.52\apache-tomcat-10.1.52\webapps\host-manager] has finished in [315] ms
13-Mar-2026 22:24:35.357 INFO [main] org.apache.catalina.startup.HostConfig.deployDirectory Deploying web application directory [D:\STUDY\Website-projects\Talksy-chat-app\Backend\apache-tomcat-10.1.52\apache-tomcat-10.1.52\webapps\manager]
13-Mar-2026 22:24:35.587 INFO [main] org.apache.jasper.servlet.TldScanner.scanJars At least one JAR was scanned for TLDs yet contained no TLDs. Enable debug logging for this logger for a complete list of JARs that were scanned but no TLDs were found in them. Skipping unneeded JARs during scanning can improve startup time and JSP compilation time.
13-Mar-2026 22:24:35.590 INFO [main] org.apache.catalina.startup.HostConfig.deployDirectory Deployment of web application directory [D:\STUDY\Website-projects\Talksy-chat-app\Backend\apache-tomcat-10.1.52\apache-tomcat-10.1.52\webapps\manager] has finished in [233] ms
13-Mar-2026 22:24:35.591 INFO [main] org.apache.catalina.startup.HostConfig.deployDirectory Deploying web application directory [D:\STUDY\Website-projects\Talksy-chat-app\Backend\apache-tomcat-10.1.52\apache-tomcat-10.1.52\webapps\ROOT]
13-Mar-2026 22:24:35.808 INFO [main] org.apache.jasper.servlet.TldScanner.scanJars At least one JAR was scanned for TLDs yet contained no TLDs. Enable debug logging for this logger for a complete list of JARs that were scanned but no TLDs were found in them. Skipping unneeded JARs during scanning can improve startup time and JSP compilation time.
13-Mar-2026 22:24:35.813 INFO [main] org.apache.catalina.startup.HostConfig.deployDirectory Deployment of web application directory [D:\STUDY\Website-projects\Talksy-chat-app\Backend\apache-tomcat-10.1.52\apache-tomcat-10.1.52\webapps\ROOT] has finished in [222] ms
13-Mar-2026 22:24:35.819 INFO [main] org.apache.coyote.AbstractProtocol.start Starting ProtocolHandler ["http-nio-8080"]
13-Mar-2026 22:24:35.860 INFO [main] org.apache.catalina.startup.Catalina.start Server startup in [2664] milliseconds
13-Mar-2026 22:45:12.605 INFO [main] org.apache.catalina.startup.VersionLoggerListener.log Server version name:   Apache Tomcat/10.1.52
13-Mar-2026 22:45:12.608 INFO [main] org.apache.catalina.startup.VersionLoggerListener.log Server built:          Jan 23 2026 19:29:07 UTC
13-Mar-2026 22:45:12.608 INFO [main] org.apache.catalina.startup.VersionLoggerListener.log Server version number: 10.1.52.0
13-Mar-2026 22:45:12.608 INFO [main] org.apache.catalina.startup.VersionLoggerListener.log OS Name:               Windows 11
13-Mar-2026 22:45:12.608 INFO [main] org.apache.catalina.startup.VersionLoggerListener.log OS Version:            10.0
13-Mar-2026 22:45:12.610 INFO [main] org.apache.catalina.startup.VersionLoggerListener.log Architecture:          amd64
13-Mar-2026 22:45:12.610 INFO [main] org.apache.catalina.startup.VersionLoggerListener.log Java Home:             C:\Program Files\Java\jdk-25.0.2
13-Mar-2026 22:45:12.610 INFO [main] org.apache.catalina.startup.VersionLoggerListener.log JVM Version:           25.0.2+10-LTS-69
13-Mar-2026 22:45:12.610 INFO [main] org.apache.catalina.startup.VersionLoggerListener.log JVM Vendor:            Oracle Corporation
13-Mar-2026 22:45:12.612 INFO [main] org.apache.catalina.startup.VersionLoggerListener.log CATALINA_BASE:         D:\STUDY\Website-projects\Talksy-chat-app\Backend\apache-tomcat-10.1.52\apache-tomcat-10.1.52
13-Mar-2026 22:45:12.612 INFO [main] org.apache.catalina.startup.VersionLoggerListener.log CATALINA_HOME:         D:\STUDY\Website-projects\Talksy-chat-app\Backend\apache-tomcat-10.1.52\apache-tomcat-10.1.52
13-Mar-2026 22:45:12.629 INFO [main] org.apache.catalina.startup.VersionLoggerListener.log Command line argument: -Djava.util.logging.config.file=D:\STUDY\Website-projects\Talksy-chat-app\Backend\apache-tomcat-10.1.52\apache-tomcat-10.1.52\conf\logging.properties
13-Mar-2026 22:45:12.630 INFO [main] org.apache.catalina.startup.VersionLoggerListener.log Command line argument: -Djava.util.logging.manager=org.apache.juli.ClassLoaderLogManager
13-Mar-2026 22:45:12.630 INFO [main] org.apache.catalina.startup.VersionLoggerListener.log Command line argument: -Djdk.tls.ephemeralDHKeySize=2048
13-Mar-2026 22:45:12.631 INFO [main] org.apache.catalina.startup.VersionLoggerListener.log Command line argument: -Djava.protocol.handler.pkgs=org.apache.catalina.webresources
13-Mar-2026 22:45:12.631 INFO [main] org.apache.catalina.startup.VersionLoggerListener.log Command line argument: -Dsun.io.useCanonCaches=false
13-Mar-2026 22:45:12.632 INFO [main] org.apache.catalina.startup.VersionLoggerListener.log Command line argument: --add-opens=java.base/java.lang=ALL-UNNAMED
13-Mar-2026 22:45:12.632 INFO [main] org.apache.catalina.startup.VersionLoggerListener.log Command line argument: --add-opens=java.base/java.lang.reflect=ALL-UNNAMED
13-Mar-2026 22:45:12.633 INFO [main] org.apache.catalina.startup.VersionLoggerListener.log Command line argument: --add-opens=java.base/java.io=ALL-UNNAMED
13-Mar-2026 22:45:12.633 INFO [main] org.apache.catalina.startup.VersionLoggerListener.log Command line argument: --add-opens=java.base/java.util=ALL-UNNAMED
13-Mar-2026 22:45:12.633 INFO [main] org.apache.catalina.startup.VersionLoggerListener.log Command line argument: --add-opens=java.base/java.util.concurrent=ALL-UNNAMED
13-Mar-2026 22:45:12.634 INFO [main] org.apache.catalina.startup.VersionLoggerListener.log Command line argument: --add-opens=java.rmi/sun.rmi.transport=ALL-UNNAMED
13-Mar-2026 22:45:12.634 INFO [main] org.apache.catalina.startup.VersionLoggerListener.log Command line argument: -Dcatalina.base=D:\STUDY\Website-projects\Talksy-chat-app\Backend\apache-tomcat-10.1.52\apache-tomcat-10.1.52
13-Mar-2026 22:45:12.634 INFO [main] org.apache.catalina.startup.VersionLoggerListener.log Command line argument: -Dcatalina.home=D:\STUDY\Website-projects\Talksy-chat-app\Backend\apache-tomcat-10.1.52\apache-tomcat-10.1.52
13-Mar-2026 22:45:12.635 INFO [main] org.apache.catalina.startup.VersionLoggerListener.log Command line argument: -Djava.io.tmpdir=D:\STUDY\Website-projects\Talksy-chat-app\Backend\apache-tomcat-10.1.52\apache-tomcat-10.1.52\temp
13-Mar-2026 22:45:12.647 INFO [main] org.apache.catalina.core.AprLifecycleListener.lifecycleEvent The Apache Tomcat Native library which allows using OpenSSL was not found on the java.library.path: [C:\Program Files\Java\jdk-25.0.2\bin;C:\WINDOWS\Sun\Java\bin;C:\WINDOWS\system32;C:\WINDOWS;C:\Program Files\Common Files\Oracle\Java\javapath;C:\WINDOWS\system32;C:\WINDOWS;C:\WINDOWS\System32\Wbem;C:\WINDOWS\System32\WindowsPowerShell\v1.0\;C:\WINDOWS\System32\OpenSSH\;C:\ProgramData\chocolatey\bin;C:\Program Files (x86)\Microsoft SQL Server\100\Tools\Binn\;C:\Program Files\Microsoft SQL Server\100\Tools\Binn\;C:\Program Files\Microsoft SQL Server\100\DTS\Binn\;C:\Program Files\nodejs\;C:\Program Files\Java\jdk-25.0.2\bin;C:\Program Files\MySQL\MySQL Shell 8.0\bin\;C:\Users\HP\AppData\Local\Microsoft\WindowsApps;C:\Users\HP\AppData\Local\Programs\Microsoft VS Code\bin;C:\Users\HP\AppData\Local\Programs\Antigravity\bin;C:\Users\HP\AppData\Roaming\npm;.]
13-Mar-2026 22:45:13.057 INFO [main] org.apache.coyote.AbstractProtocol.init Initializing ProtocolHandler ["http-nio-8080"]
13-Mar-2026 22:45:13.095 INFO [main] org.apache.catalina.startup.Catalina.load Server initialization in [678] milliseconds
13-Mar-2026 22:45:13.161 INFO [main] org.apache.catalina.core.StandardService.startInternal Starting service [Catalina]
13-Mar-2026 22:45:13.162 INFO [main] org.apache.catalina.core.StandardEngine.startInternal Starting Servlet engine: [Apache Tomcat/10.1.52]
13-Mar-2026 22:45:13.180 INFO [main] org.apache.catalina.startup.HostConfig.deployDirectory Deploying web application directory [D:\STUDY\Website-projects\Talksy-chat-app\Backend\apache-tomcat-10.1.52\apache-tomcat-10.1.52\webapps\chatapp]
13-Mar-2026 22:45:13.913 INFO [main] org.apache.jasper.servlet.TldScanner.scanJars At least one JAR was scanned for TLDs yet contained no TLDs. Enable debug logging for this logger for a complete list of JARs that were scanned but no TLDs were found in them. Skipping unneeded JARs during scanning can improve startup time and JSP compilation time.
13-Mar-2026 22:45:14.009 INFO [main] org.apache.catalina.startup.HostConfig.deployDirectory Deployment of web application directory [D:\STUDY\Website-projects\Talksy-chat-app\Backend\apache-tomcat-10.1.52\apache-tomcat-10.1.52\webapps\chatapp] has finished in [825] ms
13-Mar-2026 22:45:14.009 INFO [main] org.apache.catalina.startup.HostConfig.deployDirectory Deploying web application directory [D:\STUDY\Website-projects\Talksy-chat-app\Backend\apache-tomcat-10.1.52\apache-tomcat-10.1.52\webapps\docs]
13-Mar-2026 22:45:14.270 INFO [main] org.apache.jasper.servlet.TldScanner.scanJars At least one JAR was scanned for TLDs yet contained no TLDs. Enable debug logging for this logger for a complete list of JARs that were scanned but no TLDs were found in them. Skipping unneeded JARs during scanning can improve startup time and JSP compilation time.
13-Mar-2026 22:45:14.276 INFO [main] org.apache.catalina.startup.HostConfig.deployDirectory Deployment of web application directory [D:\STUDY\Website-projects\Talksy-chat-app\Backend\apache-tomcat-10.1.52\apache-tomcat-10.1.52\webapps\docs] has finished in [267] ms
13-Mar-2026 22:45:14.276 INFO [main] org.apache.catalina.startup.HostConfig.deployDirectory Deploying web application directory [D:\STUDY\Website-projects\Talksy-chat-app\Backend\apache-tomcat-10.1.52\apache-tomcat-10.1.52\webapps\examples]
13-Mar-2026 22:45:14.932 INFO [main] org.apache.jasper.servlet.TldScanner.scanJars At least one JAR was scanned for TLDs yet contained no TLDs. Enable debug logging for this logger for a complete list of JARs that were scanned but no TLDs were found in them. Skipping unneeded JARs during scanning can improve startup time and JSP compilation time.
13-Mar-2026 22:45:14.995 INFO [main] org.apache.catalina.startup.HostConfig.deployDirectory Deployment of web application directory [D:\STUDY\Website-projects\Talksy-chat-app\Backend\apache-tomcat-10.1.52\apache-tomcat-10.1.52\webapps\examples] has finished in [719] ms
13-Mar-2026 22:45:14.996 INFO [main] org.apache.catalina.startup.HostConfig.deployDirectory Deploying web application directory [D:\STUDY\Website-projects\Talksy-chat-app\Backend\apache-tomcat-10.1.52\apache-tomcat-10.1.52\webapps\host-manager]
13-Mar-2026 22:45:15.268 INFO [main] org.apache.jasper.servlet.TldScanner.scanJars At least one JAR was scanned for TLDs yet contained no TLDs. Enable debug logging for this logger for a complete list of JARs that were scanned but no TLDs were found in them. Skipping unneeded JARs during scanning can improve startup time and JSP compilation time.
13-Mar-2026 22:45:15.283 INFO [main] org.apache.catalina.startup.HostConfig.deployDirectory Deployment of web application directory [D:\STUDY\Website-projects\Talksy-chat-app\Backend\apache-tomcat-10.1.52\apache-tomcat-10.1.52\webapps\host-manager] has finished in [288] ms
13-Mar-2026 22:45:15.284 INFO [main] org.apache.catalina.startup.HostConfig.deployDirectory Deploying web application directory [D:\STUDY\Website-projects\Talksy-chat-app\Backend\apache-tomcat-10.1.52\apache-tomcat-10.1.52\webapps\manager]
13-Mar-2026 22:45:15.549 INFO [main] org.apache.jasper.servlet.TldScanner.scanJars At least one JAR was scanned for TLDs yet contained no TLDs. Enable debug logging for this logger for a complete list of JARs that were scanned but no TLDs were found in them. Skipping unneeded JARs during scanning can improve startup time and JSP compilation time.
13-Mar-2026 22:45:15.555 INFO [main] org.apache.catalina.startup.HostConfig.deployDirectory Deployment of web application directory [D:\STUDY\Website-projects\Talksy-chat-app\Backend\apache-tomcat-10.1.52\apache-tomcat-10.1.52\webapps\manager] has finished in [271] ms
13-Mar-2026 22:45:15.555 INFO [main] org.apache.catalina.startup.HostConfig.deployDirectory Deploying web application directory [D:\STUDY\Website-projects\Talksy-chat-app\Backend\apache-tomcat-10.1.52\apache-tomcat-10.1.52\webapps\ROOT]
13-Mar-2026 22:45:15.781 INFO [main] org.apache.jasper.servlet.TldScanner.scanJars At least one JAR was scanned for TLDs yet contained no TLDs. Enable debug logging for this logger for a complete list of JARs that were scanned but no TLDs were found in them. Skipping unneeded JARs during scanning can improve startup time and JSP compilation time.
13-Mar-2026 22:45:15.787 INFO [main] org.apache.catalina.startup.HostConfig.deployDirectory Deployment of web application directory [D:\STUDY\Website-projects\Talksy-chat-app\Backend\apache-tomcat-10.1.52\apache-tomcat-10.1.52\webapps\ROOT] has finished in [231] ms
13-Mar-2026 22:45:15.794 INFO [main] org.apache.coyote.AbstractProtocol.start Starting ProtocolHandler ["http-nio-8080"]
13-Mar-2026 22:45:15.847 INFO [main] org.apache.catalina.startup.Catalina.start Server startup in [2748] milliseconds
13-Mar-2026 23:04:48.313 INFO [Catalina-utility-1] org.apache.catalina.startup.HostConfig.reload Reloading context [/chatapp]
13-Mar-2026 23:04:48.338 INFO [Catalina-utility-1] org.apache.catalina.core.StandardContext.reload Reloading Context with name [/chatapp] has started
13-Mar-2026 23:04:49.646 INFO [Catalina-utility-1] org.apache.jasper.servlet.TldScanner.scanJars At least one JAR was scanned for TLDs yet contained no TLDs. Enable debug logging for this logger for a complete list of JARs that were scanned but no TLDs were found in them. Skipping unneeded JARs during scanning can improve startup time and JSP compilation time.
13-Mar-2026 23:04:49.670 INFO [Catalina-utility-1] org.apache.catalina.core.StandardContext.reload Reloading Context with name [/chatapp] is completed
13-Mar-2026 23:05:05.129 INFO [main] org.apache.catalina.startup.VersionLoggerListener.log Server version name:   Apache Tomcat/10.1.52
13-Mar-2026 23:05:05.133 INFO [main] org.apache.catalina.startup.VersionLoggerListener.log Server built:          Jan 23 2026 19:29:07 UTC
13-Mar-2026 23:05:05.133 INFO [main] org.apache.catalina.startup.VersionLoggerListener.log Server version number: 10.1.52.0
13-Mar-2026 23:05:05.134 INFO [main] org.apache.catalina.startup.VersionLoggerListener.log OS Name:               Windows 11
13-Mar-2026 23:05:05.134 INFO [main] org.apache.catalina.startup.VersionLoggerListener.log OS Version:            10.0
13-Mar-2026 23:05:05.134 INFO [main] org.apache.catalina.startup.VersionLoggerListener.log Architecture:          amd64
13-Mar-2026 23:05:05.135 INFO [main] org.apache.catalina.startup.VersionLoggerListener.log Java Home:             C:\Program Files\Java\jdk-25.0.2
13-Mar-2026 23:05:05.135 INFO [main] org.apache.catalina.startup.VersionLoggerListener.log JVM Version:           25.0.2+10-LTS-69
13-Mar-2026 23:05:05.135 INFO [main] org.apache.catalina.startup.VersionLoggerListener.log JVM Vendor:            Oracle Corporation
13-Mar-2026 23:05:05.135 INFO [main] org.apache.catalina.startup.VersionLoggerListener.log CATALINA_BASE:         D:\STUDY\Website-projects\Talksy-chat-app\Backend\apache-tomcat-10.1.52\apache-tomcat-10.1.52
13-Mar-2026 23:05:05.135 INFO [main] org.apache.catalina.startup.VersionLoggerListener.log CATALINA_HOME:         D:\STUDY\Website-projects\Talksy-chat-app\Backend\apache-tomcat-10.1.52\apache-tomcat-10.1.52
13-Mar-2026 23:05:05.158 INFO [main] org.apache.catalina.startup.VersionLoggerListener.log Command line argument: -Djava.util.logging.config.file=D:\STUDY\Website-projects\Talksy-chat-app\Backend\apache-tomcat-10.1.52\apache-tomcat-10.1.52\conf\logging.properties
13-Mar-2026 23:05:05.158 INFO [main] org.apache.catalina.startup.VersionLoggerListener.log Command line argument: -Djava.util.logging.manager=org.apache.juli.ClassLoaderLogManager
13-Mar-2026 23:05:05.158 INFO [main] org.apache.catalina.startup.VersionLoggerListener.log Command line argument: -Djdk.tls.ephemeralDHKeySize=2048
13-Mar-2026 23:05:05.159 INFO [main] org.apache.catalina.startup.VersionLoggerListener.log Command line argument: -Djava.protocol.handler.pkgs=org.apache.catalina.webresources
13-Mar-2026 23:05:05.159 INFO [main] org.apache.catalina.startup.VersionLoggerListener.log Command line argument: -Dsun.io.useCanonCaches=false
13-Mar-2026 23:05:05.159 INFO [main] org.apache.catalina.startup.VersionLoggerListener.log Command line argument: --add-opens=java.base/java.lang=ALL-UNNAMED
13-Mar-2026 23:05:05.159 INFO [main] org.apache.catalina.startup.VersionLoggerListener.log Command line argument: --add-opens=java.base/java.lang.reflect=ALL-UNNAMED
13-Mar-2026 23:05:05.159 INFO [main] org.apache.catalina.startup.VersionLoggerListener.log Command line argument: --add-opens=java.base/java.io=ALL-UNNAMED
13-Mar-2026 23:05:05.160 INFO [main] org.apache.catalina.startup.VersionLoggerListener.log Command line argument: --add-opens=java.base/java.util=ALL-UNNAMED
13-Mar-2026 23:05:05.160 INFO [main] org.apache.catalina.startup.VersionLoggerListener.log Command line argument: --add-opens=java.base/java.util.concurrent=ALL-UNNAMED
13-Mar-2026 23:05:05.160 INFO [main] org.apache.catalina.startup.VersionLoggerListener.log Command line argument: --add-opens=java.rmi/sun.rmi.transport=ALL-UNNAMED
13-Mar-2026 23:05:05.160 INFO [main] org.apache.catalina.startup.VersionLoggerListener.log Command line argument: -Dcatalina.base=D:\STUDY\Website-projects\Talksy-chat-app\Backend\apache-tomcat-10.1.52\apache-tomcat-10.1.52
13-Mar-2026 23:05:05.160 INFO [main] org.apache.catalina.startup.VersionLoggerListener.log Command line argument: -Dcatalina.home=D:\STUDY\Website-projects\Talksy-chat-app\Backend\apache-tomcat-10.1.52\apache-tomcat-10.1.52
13-Mar-2026 23:05:05.161 INFO [main] org.apache.catalina.startup.VersionLoggerListener.log Command line argument: -Djava.io.tmpdir=D:\STUDY\Website-projects\Talksy-chat-app\Backend\apache-tomcat-10.1.52\apache-tomcat-10.1.52\temp
13-Mar-2026 23:05:05.167 INFO [main] org.apache.catalina.core.AprLifecycleListener.lifecycleEvent The Apache Tomcat Native library which allows using OpenSSL was not found on the java.library.path: [C:\Program Files\Java\jdk-25.0.2\bin;C:\WINDOWS\Sun\Java\bin;C:\WINDOWS\system32;C:\WINDOWS;C:\Program Files\Common Files\Oracle\Java\javapath;C:\WINDOWS\system32;C:\WINDOWS;C:\WINDOWS\System32\Wbem;C:\WINDOWS\System32\WindowsPowerShell\v1.0\;C:\WINDOWS\System32\OpenSSH\;C:\ProgramData\chocolatey\bin;C:\Program Files (x86)\Microsoft SQL Server\100\Tools\Binn\;C:\Program Files\Microsoft SQL Server\100\Tools\Binn\;C:\Program Files\Microsoft SQL Server\100\DTS\Binn\;C:\Program Files\nodejs\;C:\Program Files\Java\jdk-25.0.2\bin;C:\Program Files\MySQL\MySQL Shell 8.0\bin\;C:\Users\HP\AppData\Local\Microsoft\WindowsApps;C:\Users\HP\AppData\Local\Programs\Microsoft VS Code\bin;C:\Users\HP\AppData\Local\Programs\Antigravity\bin;C:\Users\HP\AppData\Roaming\npm;.]
13-Mar-2026 23:05:05.491 INFO [main] org.apache.coyote.AbstractProtocol.init Initializing ProtocolHandler ["http-nio-8080"]
13-Mar-2026 23:05:05.527 INFO [main] org.apache.catalina.startup.Catalina.load Server initialization in [548] milliseconds
13-Mar-2026 23:05:05.581 INFO [main] org.apache.catalina.core.StandardService.startInternal Starting service [Catalina]
13-Mar-2026 23:05:05.582 INFO [main] org.apache.catalina.core.StandardEngine.startInternal Starting Servlet engine: [Apache Tomcat/10.1.52]
13-Mar-2026 23:05:05.595 INFO [main] org.apache.catalina.startup.HostConfig.deployDirectory Deploying web application directory [D:\STUDY\Website-projects\Talksy-chat-app\Backend\apache-tomcat-10.1.52\apache-tomcat-10.1.52\webapps\chatapp]
13-Mar-2026 23:05:06.299 INFO [main] org.apache.jasper.servlet.TldScanner.scanJars At least one JAR was scanned for TLDs yet contained no TLDs. Enable debug logging for this logger for a complete list of JARs that were scanned but no TLDs were found in them. Skipping unneeded JARs during scanning can improve startup time and JSP compilation time.
13-Mar-2026 23:05:06.374 INFO [main] org.apache.catalina.startup.HostConfig.deployDirectory Deployment of web application directory [D:\STUDY\Website-projects\Talksy-chat-app\Backend\apache-tomcat-10.1.52\apache-tomcat-10.1.52\webapps\chatapp] has finished in [775] ms
13-Mar-2026 23:05:06.374 INFO [main] org.apache.catalina.startup.HostConfig.deployDirectory Deploying web application directory [D:\STUDY\Website-projects\Talksy-chat-app\Backend\apache-tomcat-10.1.52\apache-tomcat-10.1.52\webapps\docs]
13-Mar-2026 23:05:06.669 INFO [main] org.apache.jasper.servlet.TldScanner.scanJars At least one JAR was scanned for TLDs yet contained no TLDs. Enable debug logging for this logger for a complete list of JARs that were scanned but no TLDs were found in them. Skipping unneeded JARs during scanning can improve startup time and JSP compilation time.
13-Mar-2026 23:05:06.676 INFO [main] org.apache.catalina.startup.HostConfig.deployDirectory Deployment of web application directory [D:\STUDY\Website-projects\Talksy-chat-app\Backend\apache-tomcat-10.1.52\apache-tomcat-10.1.52\webapps\docs] has finished in [302] ms
13-Mar-2026 23:05:06.677 INFO [main] org.apache.catalina.startup.HostConfig.deployDirectory Deploying web application directory [D:\STUDY\Website-projects\Talksy-chat-app\Backend\apache-tomcat-10.1.52\apache-tomcat-10.1.52\webapps\examples]
13-Mar-2026 23:05:07.283 INFO [main] org.apache.jasper.servlet.TldScanner.scanJars At least one JAR was scanned for TLDs yet contained no TLDs. Enable debug logging for this logger for a complete list of JARs that were scanned but no TLDs were found in them. Skipping unneeded JARs during scanning can improve startup time and JSP compilation time.
13-Mar-2026 23:05:07.348 INFO [main] org.apache.catalina.startup.HostConfig.deployDirectory Deployment of web application directory [D:\STUDY\Website-projects\Talksy-chat-app\Backend\apache-tomcat-10.1.52\apache-tomcat-10.1.52\webapps\examples] has finished in [671] ms
13-Mar-2026 23:05:07.349 INFO [main] org.apache.catalina.startup.HostConfig.deployDirectory Deploying web application directory [D:\STUDY\Website-projects\Talksy-chat-app\Backend\apache-tomcat-10.1.52\apache-tomcat-10.1.52\webapps\host-manager]
13-Mar-2026 23:05:07.594 INFO [main] org.apache.jasper.servlet.TldScanner.scanJars At least one JAR was scanned for TLDs yet contained no TLDs. Enable debug logging for this logger for a complete list of JARs that were scanned but no TLDs were found in them. Skipping unneeded JARs during scanning can improve startup time and JSP compilation time.
13-Mar-2026 23:05:07.626 INFO [main] org.apache.catalina.startup.HostConfig.deployDirectory Deployment of web application directory [D:\STUDY\Website-projects\Talksy-chat-app\Backend\apache-tomcat-10.1.52\apache-tomcat-10.1.52\webapps\host-manager] has finished in [277] ms
13-Mar-2026 23:05:07.627 INFO [main] org.apache.catalina.startup.HostConfig.deployDirectory Deploying web application directory [D:\STUDY\Website-projects\Talksy-chat-app\Backend\apache-tomcat-10.1.52\apache-tomcat-10.1.52\webapps\manager]
13-Mar-2026 23:05:07.852 INFO [main] org.apache.jasper.servlet.TldScanner.scanJars At least one JAR was scanned for TLDs yet contained no TLDs. Enable debug logging for this logger for a complete list of JARs that were scanned but no TLDs were found in them. Skipping unneeded JARs during scanning can improve startup time and JSP compilation time.
13-Mar-2026 23:05:07.857 INFO [main] org.apache.catalina.startup.HostConfig.deployDirectory Deployment of web application directory [D:\STUDY\Website-projects\Talksy-chat-app\Backend\apache-tomcat-10.1.52\apache-tomcat-10.1.52\webapps\manager] has finished in [230] ms
13-Mar-2026 23:05:07.857 INFO [main] org.apache.catalina.startup.HostConfig.deployDirectory Deploying web application directory [D:\STUDY\Website-projects\Talksy-chat-app\Backend\apache-tomcat-10.1.52\apache-tomcat-10.1.52\webapps\ROOT]
13-Mar-2026 23:05:08.081 INFO [main] org.apache.jasper.servlet.TldScanner.scanJars At least one JAR was scanned for TLDs yet contained no TLDs. Enable debug logging for this logger for a complete list of JARs that were scanned but no TLDs were found in them. Skipping unneeded JARs during scanning can improve startup time and JSP compilation time.
13-Mar-2026 23:05:08.087 INFO [main] org.apache.catalina.startup.HostConfig.deployDirectory Deployment of web application directory [D:\STUDY\Website-projects\Talksy-chat-app\Backend\apache-tomcat-10.1.52\apache-tomcat-10.1.52\webapps\ROOT] has finished in [229] ms
13-Mar-2026 23:05:08.090 INFO [main] org.apache.coyote.AbstractProtocol.start Starting ProtocolHandler ["http-nio-8080"]
13-Mar-2026 23:05:08.123 INFO [main] org.apache.catalina.startup.Catalina.start Server startup in [2593] milliseconds
13-Mar-2026 23:11:24.812 INFO [main] org.apache.catalina.startup.VersionLoggerListener.log Server version name:   Apache Tomcat/10.1.52
13-Mar-2026 23:11:24.817 INFO [main] org.apache.catalina.startup.VersionLoggerListener.log Server built:          Jan 23 2026 19:29:07 UTC
13-Mar-2026 23:11:24.818 INFO [main] org.apache.catalina.startup.VersionLoggerListener.log Server version number: 10.1.52.0
13-Mar-2026 23:11:24.818 INFO [main] org.apache.catalina.startup.VersionLoggerListener.log OS Name:               Windows 11
13-Mar-2026 23:11:24.819 INFO [main] org.apache.catalina.startup.VersionLoggerListener.log OS Version:            10.0
13-Mar-2026 23:11:24.819 INFO [main] org.apache.catalina.startup.VersionLoggerListener.log Architecture:          amd64
13-Mar-2026 23:11:24.820 INFO [main] org.apache.catalina.startup.VersionLoggerListener.log Java Home:             C:\Program Files\Java\jdk-25.0.2
13-Mar-2026 23:11:24.820 INFO [main] org.apache.catalina.startup.VersionLoggerListener.log JVM Version:           25.0.2+10-LTS-69
13-Mar-2026 23:11:24.820 INFO [main] org.apache.catalina.startup.VersionLoggerListener.log JVM Vendor:            Oracle Corporation
13-Mar-2026 23:11:24.821 INFO [main] org.apache.catalina.startup.VersionLoggerListener.log CATALINA_BASE:         D:\STUDY\Website-projects\Talksy-chat-app\Backend\apache-tomcat-10.1.52\apache-tomcat-10.1.52
13-Mar-2026 23:11:24.821 INFO [main] org.apache.catalina.startup.VersionLoggerListener.log CATALINA_HOME:         D:\STUDY\Website-projects\Talksy-chat-app\Backend\apache-tomcat-10.1.52\apache-tomcat-10.1.52
13-Mar-2026 23:11:24.854 INFO [main] org.apache.catalina.startup.VersionLoggerListener.log Command line argument: -Djava.util.logging.config.file=D:\STUDY\Website-projects\Talksy-chat-app\Backend\apache-tomcat-10.1.52\apache-tomcat-10.1.52\conf\logging.properties
13-Mar-2026 23:11:24.854 INFO [main] org.apache.catalina.startup.VersionLoggerListener.log Command line argument: -Djava.util.logging.manager=org.apache.juli.ClassLoaderLogManager
13-Mar-2026 23:11:24.855 INFO [main] org.apache.catalina.startup.VersionLoggerListener.log Command line argument: -Djdk.tls.ephemeralDHKeySize=2048
13-Mar-2026 23:11:24.855 INFO [main] org.apache.catalina.startup.VersionLoggerListener.log Command line argument: -Djava.protocol.handler.pkgs=org.apache.catalina.webresources
13-Mar-2026 23:11:24.855 INFO [main] org.apache.catalina.startup.VersionLoggerListener.log Command line argument: -Dsun.io.useCanonCaches=false
13-Mar-2026 23:11:24.855 INFO [main] org.apache.catalina.startup.VersionLoggerListener.log Command line argument: --add-opens=java.base/java.lang=ALL-UNNAMED
13-Mar-2026 23:11:24.856 INFO [main] org.apache.catalina.startup.VersionLoggerListener.log Command line argument: --add-opens=java.base/java.lang.reflect=ALL-UNNAMED
13-Mar-2026 23:11:24.856 INFO [main] org.apache.catalina.startup.VersionLoggerListener.log Command line argument: --add-opens=java.base/java.io=ALL-UNNAMED
13-Mar-2026 23:11:24.856 INFO [main] org.apache.catalina.startup.VersionLoggerListener.log Command line argument: --add-opens=java.base/java.util=ALL-UNNAMED
13-Mar-2026 23:11:24.856 INFO [main] org.apache.catalina.startup.VersionLoggerListener.log Command line argument: --add-opens=java.base/java.util.concurrent=ALL-UNNAMED
13-Mar-2026 23:11:24.857 INFO [main] org.apache.catalina.startup.VersionLoggerListener.log Command line argument: --add-opens=java.rmi/sun.rmi.transport=ALL-UNNAMED
13-Mar-2026 23:11:24.857 INFO [main] org.apache.catalina.startup.VersionLoggerListener.log Command line argument: -Dcatalina.base=D:\STUDY\Website-projects\Talksy-chat-app\Backend\apache-tomcat-10.1.52\apache-tomcat-10.1.52
13-Mar-2026 23:11:24.857 INFO [main] org.apache.catalina.startup.VersionLoggerListener.log Command line argument: -Dcatalina.home=D:\STUDY\Website-projects\Talksy-chat-app\Backend\apache-tomcat-10.1.52\apache-tomcat-10.1.52
13-Mar-2026 23:11:24.857 INFO [main] org.apache.catalina.startup.VersionLoggerListener.log Command line argument: -Djava.io.tmpdir=D:\STUDY\Website-projects\Talksy-chat-app\Backend\apache-tomcat-10.1.52\apache-tomcat-10.1.52\temp
13-Mar-2026 23:11:24.866 INFO [main] org.apache.catalina.core.AprLifecycleListener.lifecycleEvent The Apache Tomcat Native library which allows using OpenSSL was not found on the java.library.path: [C:\Program Files\Java\jdk-25.0.2\bin;C:\WINDOWS\Sun\Java\bin;C:\WINDOWS\system32;C:\WINDOWS;C:\Program Files\Common Files\Oracle\Java\javapath;C:\WINDOWS\system32;C:\WINDOWS;C:\WINDOWS\System32\Wbem;C:\WINDOWS\System32\WindowsPowerShell\v1.0\;C:\WINDOWS\System32\OpenSSH\;C:\ProgramData\chocolatey\bin;C:\Program Files (x86)\Microsoft SQL Server\100\Tools\Binn\;C:\Program Files\Microsoft SQL Server\100\Tools\Binn\;C:\Program Files\Microsoft SQL Server\100\DTS\Binn\;C:\Program Files\nodejs\;C:\Program Files\Java\jdk-25.0.2\bin;C:\Program Files\MySQL\MySQL Shell 8.0\bin\;C:\Users\HP\AppData\Local\Microsoft\WindowsApps;C:\Users\HP\AppData\Local\Programs\Microsoft VS Code\bin;C:\Users\HP\AppData\Local\Programs\Antigravity\bin;C:\Users\HP\AppData\Roaming\npm;.]
13-Mar-2026 23:11:25.170 INFO [main] org.apache.coyote.AbstractProtocol.init Initializing ProtocolHandler ["http-nio-8080"]
13-Mar-2026 23:11:25.200 INFO [main] org.apache.catalina.startup.Catalina.load Server initialization in [556] milliseconds
13-Mar-2026 23:11:25.258 INFO [main] org.apache.catalina.core.StandardService.startInternal Starting service [Catalina]
13-Mar-2026 23:11:25.258 INFO [main] org.apache.catalina.core.StandardEngine.startInternal Starting Servlet engine: [Apache Tomcat/10.1.52]
13-Mar-2026 23:11:25.269 INFO [main] org.apache.catalina.startup.HostConfig.deployDirectory Deploying web application directory [D:\STUDY\Website-projects\Talksy-chat-app\Backend\apache-tomcat-10.1.52\apache-tomcat-10.1.52\webapps\chatapp]
13-Mar-2026 23:11:25.910 INFO [main] org.apache.jasper.servlet.TldScanner.scanJars At least one JAR was scanned for TLDs yet contained no TLDs. Enable debug logging for this logger for a complete list of JARs that were scanned but no TLDs were found in them. Skipping unneeded JARs during scanning can improve startup time and JSP compilation time.
13-Mar-2026 23:11:25.977 INFO [main] org.apache.catalina.startup.HostConfig.deployDirectory Deployment of web application directory [D:\STUDY\Website-projects\Talksy-chat-app\Backend\apache-tomcat-10.1.52\apache-tomcat-10.1.52\webapps\chatapp] has finished in [705] ms
13-Mar-2026 23:11:25.978 INFO [main] org.apache.catalina.startup.HostConfig.deployDirectory Deploying web application directory [D:\STUDY\Website-projects\Talksy-chat-app\Backend\apache-tomcat-10.1.52\apache-tomcat-10.1.52\webapps\docs]
13-Mar-2026 23:11:26.232 INFO [main] org.apache.jasper.servlet.TldScanner.scanJars At least one JAR was scanned for TLDs yet contained no TLDs. Enable debug logging for this logger for a complete list of JARs that were scanned but no TLDs were found in them. Skipping unneeded JARs during scanning can improve startup time and JSP compilation time.
13-Mar-2026 23:11:26.239 INFO [main] org.apache.catalina.startup.HostConfig.deployDirectory Deployment of web application directory [D:\STUDY\Website-projects\Talksy-chat-app\Backend\apache-tomcat-10.1.52\apache-tomcat-10.1.52\webapps\docs] has finished in [261] ms
13-Mar-2026 23:11:26.240 INFO [main] org.apache.catalina.startup.HostConfig.deployDirectory Deploying web application directory [D:\STUDY\Website-projects\Talksy-chat-app\Backend\apache-tomcat-10.1.52\apache-tomcat-10.1.52\webapps\examples]
13-Mar-2026 23:11:26.773 INFO [main] org.apache.jasper.servlet.TldScanner.scanJars At least one JAR was scanned for TLDs yet contained no TLDs. Enable debug logging for this logger for a complete list of JARs that were scanned but no TLDs were found in them. Skipping unneeded JARs during scanning can improve startup time and JSP compilation time.
13-Mar-2026 23:11:26.818 INFO [main] org.apache.catalina.startup.HostConfig.deployDirectory Deployment of web application directory [D:\STUDY\Website-projects\Talksy-chat-app\Backend\apache-tomcat-10.1.52\apache-tomcat-10.1.52\webapps\examples] has finished in [578] ms
13-Mar-2026 23:11:26.819 INFO [main] org.apache.catalina.startup.HostConfig.deployDirectory Deploying web application directory [D:\STUDY\Website-projects\Talksy-chat-app\Backend\apache-tomcat-10.1.52\apache-tomcat-10.1.52\webapps\host-manager]
13-Mar-2026 23:11:27.073 INFO [main] org.apache.jasper.servlet.TldScanner.scanJars At least one JAR was scanned for TLDs yet contained no TLDs. Enable debug logging for this logger for a complete list of JARs that were scanned but no TLDs were found in them. Skipping unneeded JARs during scanning can improve startup time and JSP compilation time.
13-Mar-2026 23:11:27.090 INFO [main] org.apache.catalina.startup.HostConfig.deployDirectory Deployment of web application directory [D:\STUDY\Website-projects\Talksy-chat-app\Backend\apache-tomcat-10.1.52\apache-tomcat-10.1.52\webapps\host-manager] has finished in [271] ms
13-Mar-2026 23:11:27.091 INFO [main] org.apache.catalina.startup.HostConfig.deployDirectory Deploying web application directory [D:\STUDY\Website-projects\Talksy-chat-app\Backend\apache-tomcat-10.1.52\apache-tomcat-10.1.52\webapps\manager]
13-Mar-2026 23:11:27.308 INFO [main] org.apache.jasper.servlet.TldScanner.scanJars At least one JAR was scanned for TLDs yet contained no TLDs. Enable debug logging for this logger for a complete list of JARs that were scanned but no TLDs were found in them. Skipping unneeded JARs during scanning can improve startup time and JSP compilation time.
13-Mar-2026 23:11:27.312 INFO [main] org.apache.catalina.startup.HostConfig.deployDirectory Deployment of web application directory [D:\STUDY\Website-projects\Talksy-chat-app\Backend\apache-tomcat-10.1.52\apache-tomcat-10.1.52\webapps\manager] has finished in [221] ms
13-Mar-2026 23:11:27.313 INFO [main] org.apache.catalina.startup.HostConfig.deployDirectory Deploying web application directory [D:\STUDY\Website-projects\Talksy-chat-app\Backend\apache-tomcat-10.1.52\apache-tomcat-10.1.52\webapps\ROOT]
13-Mar-2026 23:11:27.501 INFO [main] org.apache.jasper.servlet.TldScanner.scanJars At least one JAR was scanned for TLDs yet contained no TLDs. Enable debug logging for this logger for a complete list of JARs that were scanned but no TLDs were found in them. Skipping unneeded JARs during scanning can improve startup time and JSP compilation time.
13-Mar-2026 23:11:27.506 INFO [main] org.apache.catalina.startup.HostConfig.deployDirectory Deployment of web application directory [D:\STUDY\Website-projects\Talksy-chat-app\Backend\apache-tomcat-10.1.52\apache-tomcat-10.1.52\webapps\ROOT] has finished in [193] ms
13-Mar-2026 23:11:27.510 INFO [main] org.apache.coyote.AbstractProtocol.start Starting ProtocolHandler ["http-nio-8080"]
13-Mar-2026 23:11:27.542 INFO [main] org.apache.catalina.startup.Catalina.start Server startup in [2338] milliseconds
13-Mar-2026 23:15:53.983 INFO [main] org.apache.catalina.startup.VersionLoggerListener.log Server version name:   Apache Tomcat/10.1.52
13-Mar-2026 23:15:53.987 INFO [main] org.apache.catalina.startup.VersionLoggerListener.log Server built:          Jan 23 2026 19:29:07 UTC
13-Mar-2026 23:15:53.987 INFO [main] org.apache.catalina.startup.VersionLoggerListener.log Server version number: 10.1.52.0
13-Mar-2026 23:15:53.988 INFO [main] org.apache.catalina.startup.VersionLoggerListener.log OS Name:               Windows 11
13-Mar-2026 23:15:53.988 INFO [main] org.apache.catalina.startup.VersionLoggerListener.log OS Version:            10.0
13-Mar-2026 23:15:53.988 INFO [main] org.apache.catalina.startup.VersionLoggerListener.log Architecture:          amd64
13-Mar-2026 23:15:53.989 INFO [main] org.apache.catalina.startup.VersionLoggerListener.log Java Home:             C:\Program Files\Java\jdk-25.0.2
13-Mar-2026 23:15:53.989 INFO [main] org.apache.catalina.startup.VersionLoggerListener.log JVM Version:           25.0.2+10-LTS-69
13-Mar-2026 23:15:53.989 INFO [main] org.apache.catalina.startup.VersionLoggerListener.log JVM Vendor:            Oracle Corporation
13-Mar-2026 23:15:53.990 INFO [main] org.apache.catalina.startup.VersionLoggerListener.log CATALINA_BASE:         D:\STUDY\Website-projects\Talksy-chat-app\Backend\apache-tomcat-10.1.52\apache-tomcat-10.1.52
13-Mar-2026 23:15:53.990 INFO [main] org.apache.catalina.startup.VersionLoggerListener.log CATALINA_HOME:         D:\STUDY\Website-projects\Talksy-chat-app\Backend\apache-tomcat-10.1.52\apache-tomcat-10.1.52
13-Mar-2026 23:15:54.003 INFO [main] org.apache.catalina.startup.VersionLoggerListener.log Command line argument: -Djava.util.logging.config.file=D:\STUDY\Website-projects\Talksy-chat-app\Backend\apache-tomcat-10.1.52\apache-tomcat-10.1.52\conf\logging.properties
13-Mar-2026 23:15:54.005 INFO [main] org.apache.catalina.startup.VersionLoggerListener.log Command line argument: -Djava.util.logging.manager=org.apache.juli.ClassLoaderLogManager
13-Mar-2026 23:15:54.005 INFO [main] org.apache.catalina.startup.VersionLoggerListener.log Command line argument: -Djdk.tls.ephemeralDHKeySize=2048
13-Mar-2026 23:15:54.005 INFO [main] org.apache.catalina.startup.VersionLoggerListener.log Command line argument: -Djava.protocol.handler.pkgs=org.apache.catalina.webresources
13-Mar-2026 23:15:54.006 INFO [main] org.apache.catalina.startup.VersionLoggerListener.log Command line argument: -Dsun.io.useCanonCaches=false
13-Mar-2026 23:15:54.006 INFO [main] org.apache.catalina.startup.VersionLoggerListener.log Command line argument: --add-opens=java.base/java.lang=ALL-UNNAMED
13-Mar-2026 23:15:54.006 INFO [main] org.apache.catalina.startup.VersionLoggerListener.log Command line argument: --add-opens=java.base/java.lang.reflect=ALL-UNNAMED
13-Mar-2026 23:15:54.006 INFO [main] org.apache.catalina.startup.VersionLoggerListener.log Command line argument: --add-opens=java.base/java.io=ALL-UNNAMED
13-Mar-2026 23:15:54.006 INFO [main] org.apache.catalina.startup.VersionLoggerListener.log Command line argument: --add-opens=java.base/java.util=ALL-UNNAMED
13-Mar-2026 23:15:54.006 INFO [main] org.apache.catalina.startup.VersionLoggerListener.log Command line argument: --add-opens=java.base/java.util.concurrent=ALL-UNNAMED
13-Mar-2026 23:15:54.007 INFO [main] org.apache.catalina.startup.VersionLoggerListener.log Command line argument: --add-opens=java.rmi/sun.rmi.transport=ALL-UNNAMED
13-Mar-2026 23:15:54.007 INFO [main] org.apache.catalina.startup.VersionLoggerListener.log Command line argument: -Dcatalina.base=D:\STUDY\Website-projects\Talksy-chat-app\Backend\apache-tomcat-10.1.52\apache-tomcat-10.1.52
13-Mar-2026 23:15:54.007 INFO [main] org.apache.catalina.startup.VersionLoggerListener.log Command line argument: -Dcatalina.home=D:\STUDY\Website-projects\Talksy-chat-app\Backend\apache-tomcat-10.1.52\apache-tomcat-10.1.52
13-Mar-2026 23:15:54.007 INFO [main] org.apache.catalina.startup.VersionLoggerListener.log Command line argument: -Djava.io.tmpdir=D:\STUDY\Website-projects\Talksy-chat-app\Backend\apache-tomcat-10.1.52\apache-tomcat-10.1.52\temp
13-Mar-2026 23:15:54.017 INFO [main] org.apache.catalina.core.AprLifecycleListener.lifecycleEvent The Apache Tomcat Native library which allows using OpenSSL was not found on the java.library.path: [C:\Program Files\Java\jdk-25.0.2\bin;C:\WINDOWS\Sun\Java\bin;C:\WINDOWS\system32;C:\WINDOWS;C:\Program Files\Common Files\Oracle\Java\javapath;C:\WINDOWS\system32;C:\WINDOWS;C:\WINDOWS\System32\Wbem;C:\WINDOWS\System32\WindowsPowerShell\v1.0\;C:\WINDOWS\System32\OpenSSH\;C:\ProgramData\chocolatey\bin;C:\Program Files (x86)\Microsoft SQL Server\100\Tools\Binn\;C:\Program Files\Microsoft SQL Server\100\Tools\Binn\;C:\Program Files\Microsoft SQL Server\100\DTS\Binn\;C:\Program Files\nodejs\;C:\Program Files\Java\jdk-25.0.2\bin;C:\Program Files\MySQL\MySQL Shell 8.0\bin\;C:\Users\HP\AppData\Local\Microsoft\WindowsApps;C:\Users\HP\AppData\Local\Programs\Microsoft VS Code\bin;C:\Users\HP\AppData\Local\Programs\Antigravity\bin;C:\Users\HP\AppData\Roaming\npm;.]
13-Mar-2026 23:15:54.310 INFO [main] org.apache.coyote.AbstractProtocol.init Initializing ProtocolHandler ["http-nio-8080"]
13-Mar-2026 23:15:54.342 INFO [main] org.apache.catalina.startup.Catalina.load Server initialization in [505] milliseconds
13-Mar-2026 23:15:54.402 INFO [main] org.apache.catalina.core.StandardService.startInternal Starting service [Catalina]
13-Mar-2026 23:15:54.403 INFO [main] org.apache.catalina.core.StandardEngine.startInternal Starting Servlet engine: [Apache Tomcat/10.1.52]
13-Mar-2026 23:15:54.414 INFO [main] org.apache.catalina.startup.HostConfig.deployDirectory Deploying web application directory [D:\STUDY\Website-projects\Talksy-chat-app\Backend\apache-tomcat-10.1.52\apache-tomcat-10.1.52\webapps\chatapp]
13-Mar-2026 23:15:55.066 INFO [main] org.apache.jasper.servlet.TldScanner.scanJars At least one JAR was scanned for TLDs yet contained no TLDs. Enable debug logging for this logger for a complete list of JARs that were scanned but no TLDs were found in them. Skipping unneeded JARs during scanning can improve startup time and JSP compilation time.
13-Mar-2026 23:15:55.138 INFO [main] org.apache.catalina.startup.HostConfig.deployDirectory Deployment of web application directory [D:\STUDY\Website-projects\Talksy-chat-app\Backend\apache-tomcat-10.1.52\apache-tomcat-10.1.52\webapps\chatapp] has finished in [721] ms
13-Mar-2026 23:15:55.140 INFO [main] org.apache.catalina.startup.HostConfig.deployDirectory Deploying web application directory [D:\STUDY\Website-projects\Talksy-chat-app\Backend\apache-tomcat-10.1.52\apache-tomcat-10.1.52\webapps\docs]
13-Mar-2026 23:15:55.459 INFO [main] org.apache.jasper.servlet.TldScanner.scanJars At least one JAR was scanned for TLDs yet contained no TLDs. Enable debug logging for this logger for a complete list of JARs that were scanned but no TLDs were found in them. Skipping unneeded JARs during scanning can improve startup time and JSP compilation time.
13-Mar-2026 23:15:55.470 INFO [main] org.apache.catalina.startup.HostConfig.deployDirectory Deployment of web application directory [D:\STUDY\Website-projects\Talksy-chat-app\Backend\apache-tomcat-10.1.52\apache-tomcat-10.1.52\webapps\docs] has finished in [331] ms
13-Mar-2026 23:15:55.471 INFO [main] org.apache.catalina.startup.HostConfig.deployDirectory Deploying web application directory [D:\STUDY\Website-projects\Talksy-chat-app\Backend\apache-tomcat-10.1.52\apache-tomcat-10.1.52\webapps\examples]
13-Mar-2026 23:15:56.043 INFO [main] org.apache.jasper.servlet.TldScanner.scanJars At least one JAR was scanned for TLDs yet contained no TLDs. Enable debug logging for this logger for a complete list of JARs that were scanned but no TLDs were found in them. Skipping unneeded JARs during scanning can improve startup time and JSP compilation time.
13-Mar-2026 23:15:56.110 INFO [main] org.apache.catalina.startup.HostConfig.deployDirectory Deployment of web application directory [D:\STUDY\Website-projects\Talksy-chat-app\Backend\apache-tomcat-10.1.52\apache-tomcat-10.1.52\webapps\examples] has finished in [638] ms
13-Mar-2026 23:15:56.110 INFO [main] org.apache.catalina.startup.HostConfig.deployDirectory Deploying web application directory [D:\STUDY\Website-projects\Talksy-chat-app\Backend\apache-tomcat-10.1.52\apache-tomcat-10.1.52\webapps\host-manager]
13-Mar-2026 23:15:56.368 INFO [main] org.apache.jasper.servlet.TldScanner.scanJars At least one JAR was scanned for TLDs yet contained no TLDs. Enable debug logging for this logger for a complete list of JARs that were scanned but no TLDs were found in them. Skipping unneeded JARs during scanning can improve startup time and JSP compilation time.
13-Mar-2026 23:15:56.382 INFO [main] org.apache.catalina.startup.HostConfig.deployDirectory Deployment of web application directory [D:\STUDY\Website-projects\Talksy-chat-app\Backend\apache-tomcat-10.1.52\apache-tomcat-10.1.52\webapps\host-manager] has finished in [271] ms
13-Mar-2026 23:15:56.383 INFO [main] org.apache.catalina.startup.HostConfig.deployDirectory Deploying web application directory [D:\STUDY\Website-projects\Talksy-chat-app\Backend\apache-tomcat-10.1.52\apache-tomcat-10.1.52\webapps\manager]
13-Mar-2026 23:15:56.599 INFO [main] org.apache.jasper.servlet.TldScanner.scanJars At least one JAR was scanned for TLDs yet contained no TLDs. Enable debug logging for this logger for a complete list of JARs that were scanned but no TLDs were found in them. Skipping unneeded JARs during scanning can improve startup time and JSP compilation time.
13-Mar-2026 23:15:56.604 INFO [main] org.apache.catalina.startup.HostConfig.deployDirectory Deployment of web application directory [D:\STUDY\Website-projects\Talksy-chat-app\Backend\apache-tomcat-10.1.52\apache-tomcat-10.1.52\webapps\manager] has finished in [221] ms
13-Mar-2026 23:15:56.604 INFO [main] org.apache.catalina.startup.HostConfig.deployDirectory Deploying web application directory [D:\STUDY\Website-projects\Talksy-chat-app\Backend\apache-tomcat-10.1.52\apache-tomcat-10.1.52\webapps\ROOT]
13-Mar-2026 23:15:56.816 INFO [main] org.apache.jasper.servlet.TldScanner.scanJars At least one JAR was scanned for TLDs yet contained no TLDs. Enable debug logging for this logger for a complete list of JARs that were scanned but no TLDs were found in them. Skipping unneeded JARs during scanning can improve startup time and JSP compilation time.
13-Mar-2026 23:15:56.821 INFO [main] org.apache.catalina.startup.HostConfig.deployDirectory Deployment of web application directory [D:\STUDY\Website-projects\Talksy-chat-app\Backend\apache-tomcat-10.1.52\apache-tomcat-10.1.52\webapps\ROOT] has finished in [217] ms
13-Mar-2026 23:15:56.825 INFO [main] org.apache.coyote.AbstractProtocol.start Starting ProtocolHandler ["http-nio-8080"]
13-Mar-2026 23:15:56.853 INFO [main] org.apache.catalina.startup.Catalina.start Server startup in [2507] milliseconds
13-Mar-2026 23:22:05.498 INFO [main] org.apache.catalina.startup.VersionLoggerListener.log Server version name:   Apache Tomcat/10.1.52
13-Mar-2026 23:22:05.503 INFO [main] org.apache.catalina.startup.VersionLoggerListener.log Server built:          Jan 23 2026 19:29:07 UTC
13-Mar-2026 23:22:05.504 INFO [main] org.apache.catalina.startup.VersionLoggerListener.log Server version number: 10.1.52.0
13-Mar-2026 23:22:05.504 INFO [main] org.apache.catalina.startup.VersionLoggerListener.log OS Name:               Windows 11
13-Mar-2026 23:22:05.505 INFO [main] org.apache.catalina.startup.VersionLoggerListener.log OS Version:            10.0
13-Mar-2026 23:22:05.505 INFO [main] org.apache.catalina.startup.VersionLoggerListener.log Architecture:          amd64
13-Mar-2026 23:22:05.505 INFO [main] org.apache.catalina.startup.VersionLoggerListener.log Java Home:             C:\Program Files\Java\jdk-25.0.2
13-Mar-2026 23:22:05.506 INFO [main] org.apache.catalina.startup.VersionLoggerListener.log JVM Version:           25.0.2+10-LTS-69
13-Mar-2026 23:22:05.506 INFO [main] org.apache.catalina.startup.VersionLoggerListener.log JVM Vendor:            Oracle Corporation
13-Mar-2026 23:22:05.506 INFO [main] org.apache.catalina.startup.VersionLoggerListener.log CATALINA_BASE:         D:\STUDY\Website-projects\Talksy-chat-app\Backend\apache-tomcat-10.1.52\apache-tomcat-10.1.52
13-Mar-2026 23:22:05.507 INFO [main] org.apache.catalina.startup.VersionLoggerListener.log CATALINA_HOME:         D:\STUDY\Website-projects\Talksy-chat-app\Backend\apache-tomcat-10.1.52\apache-tomcat-10.1.52
13-Mar-2026 23:22:05.530 INFO [main] org.apache.catalina.startup.VersionLoggerListener.log Command line argument: -Djava.util.logging.config.file=D:\STUDY\Website-projects\Talksy-chat-app\Backend\apache-tomcat-10.1.52\apache-tomcat-10.1.52\conf\logging.properties
13-Mar-2026 23:22:05.530 INFO [main] org.apache.catalina.startup.VersionLoggerListener.log Command line argument: -Djava.util.logging.manager=org.apache.juli.ClassLoaderLogManager
13-Mar-2026 23:22:05.531 INFO [main] org.apache.catalina.startup.VersionLoggerListener.log Command line argument: -Djdk.tls.ephemeralDHKeySize=2048
13-Mar-2026 23:22:05.531 INFO [main] org.apache.catalina.startup.VersionLoggerListener.log Command line argument: -Djava.protocol.handler.pkgs=org.apache.catalina.webresources
13-Mar-2026 23:22:05.531 INFO [main] org.apache.catalina.startup.VersionLoggerListener.log Command line argument: -Dsun.io.useCanonCaches=false
13-Mar-2026 23:22:05.532 INFO [main] org.apache.catalina.startup.VersionLoggerListener.log Command line argument: --add-opens=java.base/java.lang=ALL-UNNAMED
13-Mar-2026 23:22:05.532 INFO [main] org.apache.catalina.startup.VersionLoggerListener.log Command line argument: --add-opens=java.base/java.lang.reflect=ALL-UNNAMED
13-Mar-2026 23:22:05.532 INFO [main] org.apache.catalina.startup.VersionLoggerListener.log Command line argument: --add-opens=java.base/java.io=ALL-UNNAMED
13-Mar-2026 23:22:05.533 INFO [main] org.apache.catalina.startup.VersionLoggerListener.log Command line argument: --add-opens=java.base/java.util=ALL-UNNAMED
13-Mar-2026 23:22:05.533 INFO [main] org.apache.catalina.startup.VersionLoggerListener.log Command line argument: --add-opens=java.base/java.util.concurrent=ALL-UNNAMED
13-Mar-2026 23:22:05.533 INFO [main] org.apache.catalina.startup.VersionLoggerListener.log Command line argument: --add-opens=java.rmi/sun.rmi.transport=ALL-UNNAMED
13-Mar-2026 23:22:05.534 INFO [main] org.apache.catalina.startup.VersionLoggerListener.log Command line argument: -Dcatalina.base=D:\STUDY\Website-projects\Talksy-chat-app\Backend\apache-tomcat-10.1.52\apache-tomcat-10.1.52
13-Mar-2026 23:22:05.534 INFO [main] org.apache.catalina.startup.VersionLoggerListener.log Command line argument: -Dcatalina.home=D:\STUDY\Website-projects\Talksy-chat-app\Backend\apache-tomcat-10.1.52\apache-tomcat-10.1.52
13-Mar-2026 23:22:05.534 INFO [main] org.apache.catalina.startup.VersionLoggerListener.log Command line argument: -Djava.io.tmpdir=D:\STUDY\Website-projects\Talksy-chat-app\Backend\apache-tomcat-10.1.52\apache-tomcat-10.1.52\temp
13-Mar-2026 23:22:05.545 INFO [main] org.apache.catalina.core.AprLifecycleListener.lifecycleEvent The Apache Tomcat Native library which allows using OpenSSL was not found on the java.library.path: [C:\Program Files\Java\jdk-25.0.2\bin;C:\WINDOWS\Sun\Java\bin;C:\WINDOWS\system32;C:\WINDOWS;C:\Program Files\Common Files\Oracle\Java\javapath;C:\WINDOWS\system32;C:\WINDOWS;C:\WINDOWS\System32\Wbem;C:\WINDOWS\System32\WindowsPowerShell\v1.0\;C:\WINDOWS\System32\OpenSSH\;C:\ProgramData\chocolatey\bin;C:\Program Files (x86)\Microsoft SQL Server\100\Tools\Binn\;C:\Program Files\Microsoft SQL Server\100\Tools\Binn\;C:\Program Files\Microsoft SQL Server\100\DTS\Binn\;C:\Program Files\nodejs\;C:\Program Files\Java\jdk-25.0.2\bin;C:\Program Files\MySQL\MySQL Shell 8.0\bin\;C:\Users\HP\AppData\Local\Microsoft\WindowsApps;C:\Users\HP\AppData\Local\Programs\Microsoft VS Code\bin;C:\Users\HP\AppData\Local\Programs\Antigravity\bin;C:\Users\HP\AppData\Roaming\npm;.]
13-Mar-2026 23:22:05.908 INFO [main] org.apache.coyote.AbstractProtocol.init Initializing ProtocolHandler ["http-nio-8080"]
13-Mar-2026 23:22:05.945 INFO [main] org.apache.catalina.startup.Catalina.load Server initialization in [693] milliseconds
13-Mar-2026 23:22:06.006 INFO [main] org.apache.catalina.core.StandardService.startInternal Starting service [Catalina]
13-Mar-2026 23:22:06.006 INFO [main] org.apache.catalina.core.StandardEngine.startInternal Starting Servlet engine: [Apache Tomcat/10.1.52]
13-Mar-2026 23:22:06.018 INFO [main] org.apache.catalina.startup.HostConfig.deployDirectory Deploying web application directory [D:\STUDY\Website-projects\Talksy-chat-app\Backend\apache-tomcat-10.1.52\apache-tomcat-10.1.52\webapps\chatapp]
13-Mar-2026 23:22:06.731 INFO [main] org.apache.jasper.servlet.TldScanner.scanJars At least one JAR was scanned for TLDs yet contained no TLDs. Enable debug logging for this logger for a complete list of JARs that were scanned but no TLDs were found in them. Skipping unneeded JARs during scanning can improve startup time and JSP compilation time.
13-Mar-2026 23:22:06.815 INFO [main] org.apache.catalina.startup.HostConfig.deployDirectory Deployment of web application directory [D:\STUDY\Website-projects\Talksy-chat-app\Backend\apache-tomcat-10.1.52\apache-tomcat-10.1.52\webapps\chatapp] has finished in [794] ms
13-Mar-2026 23:22:06.816 INFO [main] org.apache.catalina.startup.HostConfig.deployDirectory Deploying web application directory [D:\STUDY\Website-projects\Talksy-chat-app\Backend\apache-tomcat-10.1.52\apache-tomcat-10.1.52\webapps\docs]
13-Mar-2026 23:22:07.109 INFO [main] org.apache.jasper.servlet.TldScanner.scanJars At least one JAR was scanned for TLDs yet contained no TLDs. Enable debug logging for this logger for a complete list of JARs that were scanned but no TLDs were found in them. Skipping unneeded JARs during scanning can improve startup time and JSP compilation time.
13-Mar-2026 23:22:07.115 INFO [main] org.apache.catalina.startup.HostConfig.deployDirectory Deployment of web application directory [D:\STUDY\Website-projects\Talksy-chat-app\Backend\apache-tomcat-10.1.52\apache-tomcat-10.1.52\webapps\docs] has finished in [298] ms
13-Mar-2026 23:22:07.115 INFO [main] org.apache.catalina.startup.HostConfig.deployDirectory Deploying web application directory [D:\STUDY\Website-projects\Talksy-chat-app\Backend\apache-tomcat-10.1.52\apache-tomcat-10.1.52\webapps\examples]
13-Mar-2026 23:22:07.673 INFO [main] org.apache.jasper.servlet.TldScanner.scanJars At least one JAR was scanned for TLDs yet contained no TLDs. Enable debug logging for this logger for a complete list of JARs that were scanned but no TLDs were found in them. Skipping unneeded JARs during scanning can improve startup time and JSP compilation time.
13-Mar-2026 23:22:07.722 INFO [main] org.apache.catalina.startup.HostConfig.deployDirectory Deployment of web application directory [D:\STUDY\Website-projects\Talksy-chat-app\Backend\apache-tomcat-10.1.52\apache-tomcat-10.1.52\webapps\examples] has finished in [607] ms
13-Mar-2026 23:22:07.723 INFO [main] org.apache.catalina.startup.HostConfig.deployDirectory Deploying web application directory [D:\STUDY\Website-projects\Talksy-chat-app\Backend\apache-tomcat-10.1.52\apache-tomcat-10.1.52\webapps\host-manager]
13-Mar-2026 23:22:07.960 INFO [main] org.apache.jasper.servlet.TldScanner.scanJars At least one JAR was scanned for TLDs yet contained no TLDs. Enable debug logging for this logger for a complete list of JARs that were scanned but no TLDs were found in them. Skipping unneeded JARs during scanning can improve startup time and JSP compilation time.
13-Mar-2026 23:22:07.992 INFO [main] org.apache.catalina.startup.HostConfig.deployDirectory Deployment of web application directory [D:\STUDY\Website-projects\Talksy-chat-app\Backend\apache-tomcat-10.1.52\apache-tomcat-10.1.52\webapps\host-manager] has finished in [269] ms
13-Mar-2026 23:22:07.993 INFO [main] org.apache.catalina.startup.HostConfig.deployDirectory Deploying web application directory [D:\STUDY\Website-projects\Talksy-chat-app\Backend\apache-tomcat-10.1.52\apache-tomcat-10.1.52\webapps\manager]
13-Mar-2026 23:22:08.221 INFO [main] org.apache.jasper.servlet.TldScanner.scanJars At least one JAR was scanned for TLDs yet contained no TLDs. Enable debug logging for this logger for a complete list of JARs that were scanned but no TLDs were found in them. Skipping unneeded JARs during scanning can improve startup time and JSP compilation time.
13-Mar-2026 23:22:08.227 INFO [main] org.apache.catalina.startup.HostConfig.deployDirectory Deployment of web application directory [D:\STUDY\Website-projects\Talksy-chat-app\Backend\apache-tomcat-10.1.52\apache-tomcat-10.1.52\webapps\manager] has finished in [233] ms
13-Mar-2026 23:22:08.228 INFO [main] org.apache.catalina.startup.HostConfig.deployDirectory Deploying web application directory [D:\STUDY\Website-projects\Talksy-chat-app\Backend\apache-tomcat-10.1.52\apache-tomcat-10.1.52\webapps\ROOT]
13-Mar-2026 23:22:08.464 INFO [main] org.apache.jasper.servlet.TldScanner.scanJars At least one JAR was scanned for TLDs yet contained no TLDs. Enable debug logging for this logger for a complete list of JARs that were scanned but no TLDs were found in them. Skipping unneeded JARs during scanning can improve startup time and JSP compilation time.
13-Mar-2026 23:22:08.470 INFO [main] org.apache.catalina.startup.HostConfig.deployDirectory Deployment of web application directory [D:\STUDY\Website-projects\Talksy-chat-app\Backend\apache-tomcat-10.1.52\apache-tomcat-10.1.52\webapps\ROOT] has finished in [241] ms
13-Mar-2026 23:22:08.473 INFO [main] org.apache.coyote.AbstractProtocol.start Starting ProtocolHandler ["http-nio-8080"]
13-Mar-2026 23:22:08.510 INFO [main] org.apache.catalina.startup.Catalina.start Server startup in [2561] milliseconds
13-Mar-2026 23:30:26.776 INFO [main] org.apache.catalina.startup.VersionLoggerListener.log Server version name:   Apache Tomcat/10.1.52
13-Mar-2026 23:30:26.780 INFO [main] org.apache.catalina.startup.VersionLoggerListener.log Server built:          Jan 23 2026 19:29:07 UTC
13-Mar-2026 23:30:26.781 INFO [main] org.apache.catalina.startup.VersionLoggerListener.log Server version number: 10.1.52.0
13-Mar-2026 23:30:26.781 INFO [main] org.apache.catalina.startup.VersionLoggerListener.log OS Name:               Windows 11
13-Mar-2026 23:30:26.781 INFO [main] org.apache.catalina.startup.VersionLoggerListener.log OS Version:            10.0
13-Mar-2026 23:30:26.781 INFO [main] org.apache.catalina.startup.VersionLoggerListener.log Architecture:          amd64
13-Mar-2026 23:30:26.782 INFO [main] org.apache.catalina.startup.VersionLoggerListener.log Java Home:             C:\Program Files\Java\jdk-25.0.2
13-Mar-2026 23:30:26.782 INFO [main] org.apache.catalina.startup.VersionLoggerListener.log JVM Version:           25.0.2+10-LTS-69
13-Mar-2026 23:30:26.783 INFO [main] org.apache.catalina.startup.VersionLoggerListener.log JVM Vendor:            Oracle Corporation
13-Mar-2026 23:30:26.784 INFO [main] org.apache.catalina.startup.VersionLoggerListener.log CATALINA_BASE:         D:\STUDY\Website-projects\Talksy-chat-app\Backend\apache-tomcat-10.1.52\apache-tomcat-10.1.52
13-Mar-2026 23:30:26.784 INFO [main] org.apache.catalina.startup.VersionLoggerListener.log CATALINA_HOME:         D:\STUDY\Website-projects\Talksy-chat-app\Backend\apache-tomcat-10.1.52\apache-tomcat-10.1.52
13-Mar-2026 23:30:26.808 INFO [main] org.apache.catalina.startup.VersionLoggerListener.log Command line argument: -Djava.util.logging.config.file=D:\STUDY\Website-projects\Talksy-chat-app\Backend\apache-tomcat-10.1.52\apache-tomcat-10.1.52\conf\logging.properties
13-Mar-2026 23:30:26.808 INFO [main] org.apache.catalina.startup.VersionLoggerListener.log Command line argument: -Djava.util.logging.manager=org.apache.juli.ClassLoaderLogManager
13-Mar-2026 23:30:26.809 INFO [main] org.apache.catalina.startup.VersionLoggerListener.log Command line argument: -Djdk.tls.ephemeralDHKeySize=2048
13-Mar-2026 23:30:26.809 INFO [main] org.apache.catalina.startup.VersionLoggerListener.log Command line argument: -Djava.protocol.handler.pkgs=org.apache.catalina.webresources
13-Mar-2026 23:30:26.809 INFO [main] org.apache.catalina.startup.VersionLoggerListener.log Command line argument: -Dsun.io.useCanonCaches=false
13-Mar-2026 23:30:26.810 INFO [main] org.apache.catalina.startup.VersionLoggerListener.log Command line argument: --add-opens=java.base/java.lang=ALL-UNNAMED
13-Mar-2026 23:30:26.810 INFO [main] org.apache.catalina.startup.VersionLoggerListener.log Command line argument: --add-opens=java.base/java.lang.reflect=ALL-UNNAMED
13-Mar-2026 23:30:26.810 INFO [main] org.apache.catalina.startup.VersionLoggerListener.log Command line argument: --add-opens=java.base/java.io=ALL-UNNAMED
13-Mar-2026 23:30:26.811 INFO [main] org.apache.catalina.startup.VersionLoggerListener.log Command line argument: --add-opens=java.base/java.util=ALL-UNNAMED
13-Mar-2026 23:30:26.811 INFO [main] org.apache.catalina.startup.VersionLoggerListener.log Command line argument: --add-opens=java.base/java.util.concurrent=ALL-UNNAMED
13-Mar-2026 23:30:26.811 INFO [main] org.apache.catalina.startup.VersionLoggerListener.log Command line argument: --add-opens=java.rmi/sun.rmi.transport=ALL-UNNAMED
13-Mar-2026 23:30:26.811 INFO [main] org.apache.catalina.startup.VersionLoggerListener.log Command line argument: -Dcatalina.base=D:\STUDY\Website-projects\Talksy-chat-app\Backend\apache-tomcat-10.1.52\apache-tomcat-10.1.52
13-Mar-2026 23:30:26.812 INFO [main] org.apache.catalina.startup.VersionLoggerListener.log Command line argument: -Dcatalina.home=D:\STUDY\Website-projects\Talksy-chat-app\Backend\apache-tomcat-10.1.52\apache-tomcat-10.1.52
13-Mar-2026 23:30:26.812 INFO [main] org.apache.catalina.startup.VersionLoggerListener.log Command line argument: -Djava.io.tmpdir=D:\STUDY\Website-projects\Talksy-chat-app\Backend\apache-tomcat-10.1.52\apache-tomcat-10.1.52\temp
13-Mar-2026 23:30:26.824 INFO [main] org.apache.catalina.core.AprLifecycleListener.lifecycleEvent The Apache Tomcat Native library which allows using OpenSSL was not found on the java.library.path: [C:\Program Files\Java\jdk-25.0.2\bin;C:\WINDOWS\Sun\Java\bin;C:\WINDOWS\system32;C:\WINDOWS;C:\Program Files\Common Files\Oracle\Java\javapath;C:\WINDOWS\system32;C:\WINDOWS;C:\WINDOWS\System32\Wbem;C:\WINDOWS\System32\WindowsPowerShell\v1.0\;C:\WINDOWS\System32\OpenSSH\;C:\ProgramData\chocolatey\bin;C:\Program Files (x86)\Microsoft SQL Server\100\Tools\Binn\;C:\Program Files\Microsoft SQL Server\100\Tools\Binn\;C:\Program Files\Microsoft SQL Server\100\DTS\Binn\;C:\Program Files\nodejs\;C:\Program Files\Java\jdk-25.0.2\bin;C:\Program Files\MySQL\MySQL Shell 8.0\bin\;C:\Users\HP\AppData\Local\Microsoft\WindowsApps;C:\Users\HP\AppData\Local\Programs\Microsoft VS Code\bin;C:\Users\HP\AppData\Local\Programs\Antigravity\bin;C:\Users\HP\AppData\Roaming\npm;.]
13-Mar-2026 23:30:27.211 INFO [main] org.apache.coyote.AbstractProtocol.init Initializing ProtocolHandler ["http-nio-8080"]
13-Mar-2026 23:30:27.249 INFO [main] org.apache.catalina.startup.Catalina.load Server initialization in [724] milliseconds
13-Mar-2026 23:30:27.307 INFO [main] org.apache.catalina.core.StandardService.startInternal Starting service [Catalina]
13-Mar-2026 23:30:27.307 INFO [main] org.apache.catalina.core.StandardEngine.startInternal Starting Servlet engine: [Apache Tomcat/10.1.52]
13-Mar-2026 23:30:27.321 INFO [main] org.apache.catalina.startup.HostConfig.deployDirectory Deploying web application directory [D:\STUDY\Website-projects\Talksy-chat-app\Backend\apache-tomcat-10.1.52\apache-tomcat-10.1.52\webapps\chatapp]
13-Mar-2026 23:30:27.998 INFO [main] org.apache.jasper.servlet.TldScanner.scanJars At least one JAR was scanned for TLDs yet contained no TLDs. Enable debug logging for this logger for a complete list of JARs that were scanned but no TLDs were found in them. Skipping unneeded JARs during scanning can improve startup time and JSP compilation time.
13-Mar-2026 23:30:28.090 INFO [main] org.apache.catalina.startup.HostConfig.deployDirectory Deployment of web application directory [D:\STUDY\Website-projects\Talksy-chat-app\Backend\apache-tomcat-10.1.52\apache-tomcat-10.1.52\webapps\chatapp] has finished in [765] ms
13-Mar-2026 23:30:28.090 INFO [main] org.apache.catalina.startup.HostConfig.deployDirectory Deploying web application directory [D:\STUDY\Website-projects\Talksy-chat-app\Backend\apache-tomcat-10.1.52\apache-tomcat-10.1.52\webapps\docs]
13-Mar-2026 23:30:28.359 INFO [main] org.apache.jasper.servlet.TldScanner.scanJars At least one JAR was scanned for TLDs yet contained no TLDs. Enable debug logging for this logger for a complete list of JARs that were scanned but no TLDs were found in them. Skipping unneeded JARs during scanning can improve startup time and JSP compilation time.
13-Mar-2026 23:30:28.364 INFO [main] org.apache.catalina.startup.HostConfig.deployDirectory Deployment of web application directory [D:\STUDY\Website-projects\Talksy-chat-app\Backend\apache-tomcat-10.1.52\apache-tomcat-10.1.52\webapps\docs] has finished in [274] ms
13-Mar-2026 23:30:28.366 INFO [main] org.apache.catalina.startup.HostConfig.deployDirectory Deploying web application directory [D:\STUDY\Website-projects\Talksy-chat-app\Backend\apache-tomcat-10.1.52\apache-tomcat-10.1.52\webapps\examples]
13-Mar-2026 23:30:28.998 INFO [main] org.apache.jasper.servlet.TldScanner.scanJars At least one JAR was scanned for TLDs yet contained no TLDs. Enable debug logging for this logger for a complete list of JARs that were scanned but no TLDs were found in them. Skipping unneeded JARs during scanning can improve startup time and JSP compilation time.
13-Mar-2026 23:30:29.042 INFO [main] org.apache.catalina.startup.HostConfig.deployDirectory Deployment of web application directory [D:\STUDY\Website-projects\Talksy-chat-app\Backend\apache-tomcat-10.1.52\apache-tomcat-10.1.52\webapps\examples] has finished in [675] ms
13-Mar-2026 23:30:29.042 INFO [main] org.apache.catalina.startup.HostConfig.deployDirectory Deploying web application directory [D:\STUDY\Website-projects\Talksy-chat-app\Backend\apache-tomcat-10.1.52\apache-tomcat-10.1.52\webapps\host-manager]
13-Mar-2026 23:30:29.306 INFO [main] org.apache.jasper.servlet.TldScanner.scanJars At least one JAR was scanned for TLDs yet contained no TLDs. Enable debug logging for this logger for a complete list of JARs that were scanned but no TLDs were found in them. Skipping unneeded JARs during scanning can improve startup time and JSP compilation time.
13-Mar-2026 23:30:29.337 INFO [main] org.apache.catalina.startup.HostConfig.deployDirectory Deployment of web application directory [D:\STUDY\Website-projects\Talksy-chat-app\Backend\apache-tomcat-10.1.52\apache-tomcat-10.1.52\webapps\host-manager] has finished in [295] ms
13-Mar-2026 23:30:29.338 INFO [main] org.apache.catalina.startup.HostConfig.deployDirectory Deploying web application directory [D:\STUDY\Website-projects\Talksy-chat-app\Backend\apache-tomcat-10.1.52\apache-tomcat-10.1.52\webapps\manager]
13-Mar-2026 23:30:29.559 INFO [main] org.apache.jasper.servlet.TldScanner.scanJars At least one JAR was scanned for TLDs yet contained no TLDs. Enable debug logging for this logger for a complete list of JARs that were scanned but no TLDs were found in them. Skipping unneeded JARs during scanning can improve startup time and JSP compilation time.
13-Mar-2026 23:30:29.565 INFO [main] org.apache.catalina.startup.HostConfig.deployDirectory Deployment of web application directory [D:\STUDY\Website-projects\Talksy-chat-app\Backend\apache-tomcat-10.1.52\apache-tomcat-10.1.52\webapps\manager] has finished in [227] ms
13-Mar-2026 23:30:29.566 INFO [main] org.apache.catalina.startup.HostConfig.deployDirectory Deploying web application directory [D:\STUDY\Website-projects\Talksy-chat-app\Backend\apache-tomcat-10.1.52\apache-tomcat-10.1.52\webapps\ROOT]
13-Mar-2026 23:30:29.783 INFO [main] org.apache.jasper.servlet.TldScanner.scanJars At least one JAR was scanned for TLDs yet contained no TLDs. Enable debug logging for this logger for a complete list of JARs that were scanned but no TLDs were found in them. Skipping unneeded JARs during scanning can improve startup time and JSP compilation time.
13-Mar-2026 23:30:29.788 INFO [main] org.apache.catalina.startup.HostConfig.deployDirectory Deployment of web application directory [D:\STUDY\Website-projects\Talksy-chat-app\Backend\apache-tomcat-10.1.52\apache-tomcat-10.1.52\webapps\ROOT] has finished in [221] ms
13-Mar-2026 23:30:29.792 INFO [main] org.apache.coyote.AbstractProtocol.start Starting ProtocolHandler ["http-nio-8080"]
13-Mar-2026 23:30:29.881 INFO [main] org.apache.catalina.startup.Catalina.start Server startup in [2627] milliseconds
13-Mar-2026 23:38:43.949 INFO [main] org.apache.catalina.startup.VersionLoggerListener.log Server version name:   Apache Tomcat/10.1.52
13-Mar-2026 23:38:43.954 INFO [main] org.apache.catalina.startup.VersionLoggerListener.log Server built:          Jan 23 2026 19:29:07 UTC
13-Mar-2026 23:38:43.959 INFO [main] org.apache.catalina.startup.VersionLoggerListener.log Server version number: 10.1.52.0
13-Mar-2026 23:38:43.959 INFO [main] org.apache.catalina.startup.VersionLoggerListener.log OS Name:               Windows 11
13-Mar-2026 23:38:43.959 INFO [main] org.apache.catalina.startup.VersionLoggerListener.log OS Version:            10.0
13-Mar-2026 23:38:43.960 INFO [main] org.apache.catalina.startup.VersionLoggerListener.log Architecture:          amd64
13-Mar-2026 23:38:43.960 INFO [main] org.apache.catalina.startup.VersionLoggerListener.log Java Home:             C:\Program Files\Java\jdk-25.0.2
13-Mar-2026 23:38:43.960 INFO [main] org.apache.catalina.startup.VersionLoggerListener.log JVM Version:           25.0.2+10-LTS-69
13-Mar-2026 23:38:43.960 INFO [main] org.apache.catalina.startup.VersionLoggerListener.log JVM Vendor:            Oracle Corporation
13-Mar-2026 23:38:43.961 INFO [main] org.apache.catalina.startup.VersionLoggerListener.log CATALINA_BASE:         D:\STUDY\Website-projects\Talksy-chat-app\Backend\apache-tomcat-10.1.52\apache-tomcat-10.1.52
13-Mar-2026 23:38:43.963 INFO [main] org.apache.catalina.startup.VersionLoggerListener.log CATALINA_HOME:         D:\STUDY\Website-projects\Talksy-chat-app\Backend\apache-tomcat-10.1.52\apache-tomcat-10.1.52
13-Mar-2026 23:38:43.982 INFO [main] org.apache.catalina.startup.VersionLoggerListener.log Command line argument: -Djava.util.logging.config.file=D:\STUDY\Website-projects\Talksy-chat-app\Backend\apache-tomcat-10.1.52\apache-tomcat-10.1.52\conf\logging.properties
13-Mar-2026 23:38:43.982 INFO [main] org.apache.catalina.startup.VersionLoggerListener.log Command line argument: -Djava.util.logging.manager=org.apache.juli.ClassLoaderLogManager
13-Mar-2026 23:38:43.982 INFO [main] org.apache.catalina.startup.VersionLoggerListener.log Command line argument: -Djdk.tls.ephemeralDHKeySize=2048
13-Mar-2026 23:38:43.983 INFO [main] org.apache.catalina.startup.VersionLoggerListener.log Command line argument: -Djava.protocol.handler.pkgs=org.apache.catalina.webresources
13-Mar-2026 23:38:43.983 INFO [main] org.apache.catalina.startup.VersionLoggerListener.log Command line argument: -Dsun.io.useCanonCaches=false
13-Mar-2026 23:38:43.983 INFO [main] org.apache.catalina.startup.VersionLoggerListener.log Command line argument: --add-opens=java.base/java.lang=ALL-UNNAMED
13-Mar-2026 23:38:43.983 INFO [main] org.apache.catalina.startup.VersionLoggerListener.log Command line argument: --add-opens=java.base/java.lang.reflect=ALL-UNNAMED
13-Mar-2026 23:38:43.984 INFO [main] org.apache.catalina.startup.VersionLoggerListener.log Command line argument: --add-opens=java.base/java.io=ALL-UNNAMED
13-Mar-2026 23:38:43.984 INFO [main] org.apache.catalina.startup.VersionLoggerListener.log Command line argument: --add-opens=java.base/java.util=ALL-UNNAMED
13-Mar-2026 23:38:43.986 INFO [main] org.apache.catalina.startup.VersionLoggerListener.log Command line argument: --add-opens=java.base/java.util.concurrent=ALL-UNNAMED
13-Mar-2026 23:38:43.986 INFO [main] org.apache.catalina.startup.VersionLoggerListener.log Command line argument: --add-opens=java.rmi/sun.rmi.transport=ALL-UNNAMED
13-Mar-2026 23:38:43.986 INFO [main] org.apache.catalina.startup.VersionLoggerListener.log Command line argument: -Dcatalina.base=D:\STUDY\Website-projects\Talksy-chat-app\Backend\apache-tomcat-10.1.52\apache-tomcat-10.1.52
13-Mar-2026 23:38:43.987 INFO [main] org.apache.catalina.startup.VersionLoggerListener.log Command line argument: -Dcatalina.home=D:\STUDY\Website-projects\Talksy-chat-app\Backend\apache-tomcat-10.1.52\apache-tomcat-10.1.52
13-Mar-2026 23:38:43.987 INFO [main] org.apache.catalina.startup.VersionLoggerListener.log Command line argument: -Djava.io.tmpdir=D:\STUDY\Website-projects\Talksy-chat-app\Backend\apache-tomcat-10.1.52\apache-tomcat-10.1.52\temp
13-Mar-2026 23:38:44.004 INFO [main] org.apache.catalina.core.AprLifecycleListener.lifecycleEvent The Apache Tomcat Native library which allows using OpenSSL was not found on the java.library.path: [C:\Program Files\Java\jdk-25.0.2\bin;C:\WINDOWS\Sun\Java\bin;C:\WINDOWS\system32;C:\WINDOWS;C:\Program Files\Common Files\Oracle\Java\javapath;C:\WINDOWS\system32;C:\WINDOWS;C:\WINDOWS\System32\Wbem;C:\WINDOWS\System32\WindowsPowerShell\v1.0\;C:\WINDOWS\System32\OpenSSH\;C:\ProgramData\chocolatey\bin;C:\Program Files (x86)\Microsoft SQL Server\100\Tools\Binn\;C:\Program Files\Microsoft SQL Server\100\Tools\Binn\;C:\Program Files\Microsoft SQL Server\100\DTS\Binn\;C:\Program Files\nodejs\;C:\Program Files\Java\jdk-25.0.2\bin;C:\Program Files\MySQL\MySQL Shell 8.0\bin\;C:\Users\HP\AppData\Local\Microsoft\WindowsApps;C:\Users\HP\AppData\Local\Programs\Microsoft VS Code\bin;C:\Users\HP\AppData\Local\Programs\Antigravity\bin;C:\Users\HP\AppData\Roaming\npm;.]
13-Mar-2026 23:38:44.353 INFO [main] org.apache.coyote.AbstractProtocol.init Initializing ProtocolHandler ["http-nio-8080"]
13-Mar-2026 23:38:44.397 INFO [main] org.apache.catalina.startup.Catalina.load Server initialization in [667] milliseconds
13-Mar-2026 23:38:44.461 INFO [main] org.apache.catalina.core.StandardService.startInternal Starting service [Catalina]
13-Mar-2026 23:38:44.461 INFO [main] org.apache.catalina.core.StandardEngine.startInternal Starting Servlet engine: [Apache Tomcat/10.1.52]
13-Mar-2026 23:38:44.477 INFO [main] org.apache.catalina.startup.HostConfig.deployDirectory Deploying web application directory [D:\STUDY\Website-projects\Talksy-chat-app\Backend\apache-tomcat-10.1.52\apache-tomcat-10.1.52\webapps\chatapp]
13-Mar-2026 23:38:45.172 INFO [main] org.apache.jasper.servlet.TldScanner.scanJars At least one JAR was scanned for TLDs yet contained no TLDs. Enable debug logging for this logger for a complete list of JARs that were scanned but no TLDs were found in them. Skipping unneeded JARs during scanning can improve startup time and JSP compilation time.
13-Mar-2026 23:38:45.258 INFO [main] org.apache.catalina.startup.HostConfig.deployDirectory Deployment of web application directory [D:\STUDY\Website-projects\Talksy-chat-app\Backend\apache-tomcat-10.1.52\apache-tomcat-10.1.52\webapps\chatapp] has finished in [777] ms
13-Mar-2026 23:38:45.258 INFO [main] org.apache.catalina.startup.HostConfig.deployDirectory Deploying web application directory [D:\STUDY\Website-projects\Talksy-chat-app\Backend\apache-tomcat-10.1.52\apache-tomcat-10.1.52\webapps\docs]
13-Mar-2026 23:38:45.561 INFO [main] org.apache.jasper.servlet.TldScanner.scanJars At least one JAR was scanned for TLDs yet contained no TLDs. Enable debug logging for this logger for a complete list of JARs that were scanned but no TLDs were found in them. Skipping unneeded JARs during scanning can improve startup time and JSP compilation time.
13-Mar-2026 23:38:45.571 INFO [main] org.apache.catalina.startup.HostConfig.deployDirectory Deployment of web application directory [D:\STUDY\Website-projects\Talksy-chat-app\Backend\apache-tomcat-10.1.52\apache-tomcat-10.1.52\webapps\docs] has finished in [312] ms
13-Mar-2026 23:38:45.573 INFO [main] org.apache.catalina.startup.HostConfig.deployDirectory Deploying web application directory [D:\STUDY\Website-projects\Talksy-chat-app\Backend\apache-tomcat-10.1.52\apache-tomcat-10.1.52\webapps\examples]
13-Mar-2026 23:38:46.192 INFO [main] org.apache.jasper.servlet.TldScanner.scanJars At least one JAR was scanned for TLDs yet contained no TLDs. Enable debug logging for this logger for a complete list of JARs that were scanned but no TLDs were found in them. Skipping unneeded JARs during scanning can improve startup time and JSP compilation time.
13-Mar-2026 23:38:46.238 INFO [main] org.apache.catalina.startup.HostConfig.deployDirectory Deployment of web application directory [D:\STUDY\Website-projects\Talksy-chat-app\Backend\apache-tomcat-10.1.52\apache-tomcat-10.1.52\webapps\examples] has finished in [665] ms
13-Mar-2026 23:38:46.238 INFO [main] org.apache.catalina.startup.HostConfig.deployDirectory Deploying web application directory [D:\STUDY\Website-projects\Talksy-chat-app\Backend\apache-tomcat-10.1.52\apache-tomcat-10.1.52\webapps\host-manager]
13-Mar-2026 23:38:46.527 INFO [main] org.apache.jasper.servlet.TldScanner.scanJars At least one JAR was scanned for TLDs yet contained no TLDs. Enable debug logging for this logger for a complete list of JARs that were scanned but no TLDs were found in them. Skipping unneeded JARs during scanning can improve startup time and JSP compilation time.
13-Mar-2026 23:38:46.558 INFO [main] org.apache.catalina.startup.HostConfig.deployDirectory Deployment of web application directory [D:\STUDY\Website-projects\Talksy-chat-app\Backend\apache-tomcat-10.1.52\apache-tomcat-10.1.52\webapps\host-manager] has finished in [320] ms
13-Mar-2026 23:38:46.559 INFO [main] org.apache.catalina.startup.HostConfig.deployDirectory Deploying web application directory [D:\STUDY\Website-projects\Talksy-chat-app\Backend\apache-tomcat-10.1.52\apache-tomcat-10.1.52\webapps\manager]
13-Mar-2026 23:38:46.784 INFO [main] org.apache.jasper.servlet.TldScanner.scanJars At least one JAR was scanned for TLDs yet contained no TLDs. Enable debug logging for this logger for a complete list of JARs that were scanned but no TLDs were found in them. Skipping unneeded JARs during scanning can improve startup time and JSP compilation time.
13-Mar-2026 23:38:46.788 INFO [main] org.apache.catalina.startup.HostConfig.deployDirectory Deployment of web application directory [D:\STUDY\Website-projects\Talksy-chat-app\Backend\apache-tomcat-10.1.52\apache-tomcat-10.1.52\webapps\manager] has finished in [229] ms
13-Mar-2026 23:38:46.790 INFO [main] org.apache.catalina.startup.HostConfig.deployDirectory Deploying web application directory [D:\STUDY\Website-projects\Talksy-chat-app\Backend\apache-tomcat-10.1.52\apache-tomcat-10.1.52\webapps\ROOT]
13-Mar-2026 23:38:46.998 INFO [main] org.apache.jasper.servlet.TldScanner.scanJars At least one JAR was scanned for TLDs yet contained no TLDs. Enable debug logging for this logger for a complete list of JARs that were scanned but no TLDs were found in them. Skipping unneeded JARs during scanning can improve startup time and JSP compilation time.
13-Mar-2026 23:38:47.004 INFO [main] org.apache.catalina.startup.HostConfig.deployDirectory Deployment of web application directory [D:\STUDY\Website-projects\Talksy-chat-app\Backend\apache-tomcat-10.1.52\apache-tomcat-10.1.52\webapps\ROOT] has finished in [214] ms
13-Mar-2026 23:38:47.010 INFO [main] org.apache.coyote.AbstractProtocol.start Starting ProtocolHandler ["http-nio-8080"]
13-Mar-2026 23:38:47.047 INFO [main] org.apache.catalina.startup.Catalina.start Server startup in [2646] milliseconds
13-Mar-2026 23:38:51.845 INFO [main] org.apache.catalina.startup.VersionLoggerListener.log Server version name:   Apache Tomcat/10.1.52
13-Mar-2026 23:38:51.849 INFO [main] org.apache.catalina.startup.VersionLoggerListener.log Server built:          Jan 23 2026 19:29:07 UTC
13-Mar-2026 23:38:51.849 INFO [main] org.apache.catalina.startup.VersionLoggerListener.log Server version number: 10.1.52.0
13-Mar-2026 23:38:51.850 INFO [main] org.apache.catalina.startup.VersionLoggerListener.log OS Name:               Windows 11
13-Mar-2026 23:38:51.850 INFO [main] org.apache.catalina.startup.VersionLoggerListener.log OS Version:            10.0
13-Mar-2026 23:38:51.850 INFO [main] org.apache.catalina.startup.VersionLoggerListener.log Architecture:          amd64
13-Mar-2026 23:38:51.850 INFO [main] org.apache.catalina.startup.VersionLoggerListener.log Java Home:             C:\Program Files\Java\jdk-25.0.2
13-Mar-2026 23:38:51.850 INFO [main] org.apache.catalina.startup.VersionLoggerListener.log JVM Version:           25.0.2+10-LTS-69
13-Mar-2026 23:38:51.851 INFO [main] org.apache.catalina.startup.VersionLoggerListener.log JVM Vendor:            Oracle Corporation
13-Mar-2026 23:38:51.851 INFO [main] org.apache.catalina.startup.VersionLoggerListener.log CATALINA_BASE:         D:\STUDY\Website-projects\Talksy-chat-app\Backend\apache-tomcat-10.1.52\apache-tomcat-10.1.52
13-Mar-2026 23:38:51.851 INFO [main] org.apache.catalina.startup.VersionLoggerListener.log CATALINA_HOME:         D:\STUDY\Website-projects\Talksy-chat-app\Backend\apache-tomcat-10.1.52\apache-tomcat-10.1.52
13-Mar-2026 23:38:51.864 INFO [main] org.apache.catalina.startup.VersionLoggerListener.log Command line argument: -Djava.util.logging.config.file=D:\STUDY\Website-projects\Talksy-chat-app\Backend\apache-tomcat-10.1.52\apache-tomcat-10.1.52\conf\logging.properties
13-Mar-2026 23:38:51.864 INFO [main] org.apache.catalina.startup.VersionLoggerListener.log Command line argument: -Djava.util.logging.manager=org.apache.juli.ClassLoaderLogManager
13-Mar-2026 23:38:51.864 INFO [main] org.apache.catalina.startup.VersionLoggerListener.log Command line argument: -Djdk.tls.ephemeralDHKeySize=2048
13-Mar-2026 23:38:51.864 INFO [main] org.apache.catalina.startup.VersionLoggerListener.log Command line argument: -Djava.protocol.handler.pkgs=org.apache.catalina.webresources
13-Mar-2026 23:38:51.866 INFO [main] org.apache.catalina.startup.VersionLoggerListener.log Command line argument: -Dsun.io.useCanonCaches=false
13-Mar-2026 23:38:51.866 INFO [main] org.apache.catalina.startup.VersionLoggerListener.log Command line argument: --add-opens=java.base/java.lang=ALL-UNNAMED
13-Mar-2026 23:38:51.866 INFO [main] org.apache.catalina.startup.VersionLoggerListener.log Command line argument: --add-opens=java.base/java.lang.reflect=ALL-UNNAMED
13-Mar-2026 23:38:51.866 INFO [main] org.apache.catalina.startup.VersionLoggerListener.log Command line argument: --add-opens=java.base/java.io=ALL-UNNAMED
13-Mar-2026 23:38:51.866 INFO [main] org.apache.catalina.startup.VersionLoggerListener.log Command line argument: --add-opens=java.base/java.util=ALL-UNNAMED
13-Mar-2026 23:38:51.866 INFO [main] org.apache.catalina.startup.VersionLoggerListener.log Command line argument: --add-opens=java.base/java.util.concurrent=ALL-UNNAMED
13-Mar-2026 23:38:51.867 INFO [main] org.apache.catalina.startup.VersionLoggerListener.log Command line argument: --add-opens=java.rmi/sun.rmi.transport=ALL-UNNAMED
13-Mar-2026 23:38:51.867 INFO [main] org.apache.catalina.startup.VersionLoggerListener.log Command line argument: -Dcatalina.base=D:\STUDY\Website-projects\Talksy-chat-app\Backend\apache-tomcat-10.1.52\apache-tomcat-10.1.52
13-Mar-2026 23:38:51.867 INFO [main] org.apache.catalina.startup.VersionLoggerListener.log Command line argument: -Dcatalina.home=D:\STUDY\Website-projects\Talksy-chat-app\Backend\apache-tomcat-10.1.52\apache-tomcat-10.1.52
13-Mar-2026 23:38:51.867 INFO [main] org.apache.catalina.startup.VersionLoggerListener.log Command line argument: -Djava.io.tmpdir=D:\STUDY\Website-projects\Talksy-chat-app\Backend\apache-tomcat-10.1.52\apache-tomcat-10.1.52\temp
13-Mar-2026 23:38:51.874 INFO [main] org.apache.catalina.core.AprLifecycleListener.lifecycleEvent The Apache Tomcat Native library which allows using OpenSSL was not found on the java.library.path: [C:\Program Files\Java\jdk-25.0.2\bin;C:\WINDOWS\Sun\Java\bin;C:\WINDOWS\system32;C:\WINDOWS;C:\Program Files\Common Files\Oracle\Java\javapath;C:\WINDOWS\system32;C:\WINDOWS;C:\WINDOWS\System32\Wbem;C:\WINDOWS\System32\WindowsPowerShell\v1.0\;C:\WINDOWS\System32\OpenSSH\;C:\ProgramData\chocolatey\bin;C:\Program Files (x86)\Microsoft SQL Server\100\Tools\Binn\;C:\Program Files\Microsoft SQL Server\100\Tools\Binn\;C:\Program Files\Microsoft SQL Server\100\DTS\Binn\;C:\Program Files\nodejs\;C:\Program Files\Java\jdk-25.0.2\bin;C:\Program Files\MySQL\MySQL Shell 8.0\bin\;C:\Users\HP\AppData\Local\Microsoft\WindowsApps;C:\Users\HP\AppData\Local\Programs\Microsoft VS Code\bin;C:\Users\HP\AppData\Local\Programs\Antigravity\bin;C:\Users\HP\AppData\Roaming\npm;.]
13-Mar-2026 23:38:52.139 INFO [main] org.apache.coyote.AbstractProtocol.init Initializing ProtocolHandler ["http-nio-8080"]
13-Mar-2026 23:38:52.163 INFO [main] org.apache.catalina.startup.Catalina.load Server initialization in [480] milliseconds
13-Mar-2026 23:38:52.214 INFO [main] org.apache.catalina.core.StandardService.startInternal Starting service [Catalina]
13-Mar-2026 23:38:52.215 INFO [main] org.apache.catalina.core.StandardEngine.startInternal Starting Servlet engine: [Apache Tomcat/10.1.52]
13-Mar-2026 23:38:52.226 INFO [main] org.apache.catalina.startup.HostConfig.deployDirectory Deploying web application directory [D:\STUDY\Website-projects\Talksy-chat-app\Backend\apache-tomcat-10.1.52\apache-tomcat-10.1.52\webapps\chatapp]
13-Mar-2026 23:38:52.765 INFO [main] org.apache.jasper.servlet.TldScanner.scanJars At least one JAR was scanned for TLDs yet contained no TLDs. Enable debug logging for this logger for a complete list of JARs that were scanned but no TLDs were found in them. Skipping unneeded JARs during scanning can improve startup time and JSP compilation time.
13-Mar-2026 23:38:52.843 INFO [main] org.apache.catalina.startup.HostConfig.deployDirectory Deployment of web application directory [D:\STUDY\Website-projects\Talksy-chat-app\Backend\apache-tomcat-10.1.52\apache-tomcat-10.1.52\webapps\chatapp] has finished in [613] ms
13-Mar-2026 23:38:52.844 INFO [main] org.apache.catalina.startup.HostConfig.deployDirectory Deploying web application directory [D:\STUDY\Website-projects\Talksy-chat-app\Backend\apache-tomcat-10.1.52\apache-tomcat-10.1.52\webapps\docs]
13-Mar-2026 23:38:53.093 INFO [main] org.apache.jasper.servlet.TldScanner.scanJars At least one JAR was scanned for TLDs yet contained no TLDs. Enable debug logging for this logger for a complete list of JARs that were scanned but no TLDs were found in them. Skipping unneeded JARs during scanning can improve startup time and JSP compilation time.
13-Mar-2026 23:38:53.104 INFO [main] org.apache.catalina.startup.HostConfig.deployDirectory Deployment of web application directory [D:\STUDY\Website-projects\Talksy-chat-app\Backend\apache-tomcat-10.1.52\apache-tomcat-10.1.52\webapps\docs] has finished in [260] ms
13-Mar-2026 23:38:53.105 INFO [main] org.apache.catalina.startup.HostConfig.deployDirectory Deploying web application directory [D:\STUDY\Website-projects\Talksy-chat-app\Backend\apache-tomcat-10.1.52\apache-tomcat-10.1.52\webapps\examples]
13-Mar-2026 23:38:53.625 INFO [main] org.apache.jasper.servlet.TldScanner.scanJars At least one JAR was scanned for TLDs yet contained no TLDs. Enable debug logging for this logger for a complete list of JARs that were scanned but no TLDs were found in them. Skipping unneeded JARs during scanning can improve startup time and JSP compilation time.
13-Mar-2026 23:38:53.684 INFO [main] org.apache.catalina.startup.HostConfig.deployDirectory Deployment of web application directory [D:\STUDY\Website-projects\Talksy-chat-app\Backend\apache-tomcat-10.1.52\apache-tomcat-10.1.52\webapps\examples] has finished in [579] ms
13-Mar-2026 23:38:53.685 INFO [main] org.apache.catalina.startup.HostConfig.deployDirectory Deploying web application directory [D:\STUDY\Website-projects\Talksy-chat-app\Backend\apache-tomcat-10.1.52\apache-tomcat-10.1.52\webapps\host-manager]
13-Mar-2026 23:38:53.943 INFO [main] org.apache.jasper.servlet.TldScanner.scanJars At least one JAR was scanned for TLDs yet contained no TLDs. Enable debug logging for this logger for a complete list of JARs that were scanned but no TLDs were found in them. Skipping unneeded JARs during scanning can improve startup time and JSP compilation time.
13-Mar-2026 23:38:53.956 INFO [main] org.apache.catalina.startup.HostConfig.deployDirectory Deployment of web application directory [D:\STUDY\Website-projects\Talksy-chat-app\Backend\apache-tomcat-10.1.52\apache-tomcat-10.1.52\webapps\host-manager] has finished in [271] ms
13-Mar-2026 23:38:53.957 INFO [main] org.apache.catalina.startup.HostConfig.deployDirectory Deploying web application directory [D:\STUDY\Website-projects\Talksy-chat-app\Backend\apache-tomcat-10.1.52\apache-tomcat-10.1.52\webapps\manager]
13-Mar-2026 23:38:54.186 INFO [main] org.apache.jasper.servlet.TldScanner.scanJars At least one JAR was scanned for TLDs yet contained no TLDs. Enable debug logging for this logger for a complete list of JARs that were scanned but no TLDs were found in them. Skipping unneeded JARs during scanning can improve startup time and JSP compilation time.
13-Mar-2026 23:38:54.192 INFO [main] org.apache.catalina.startup.HostConfig.deployDirectory Deployment of web application directory [D:\STUDY\Website-projects\Talksy-chat-app\Backend\apache-tomcat-10.1.52\apache-tomcat-10.1.52\webapps\manager] has finished in [234] ms
13-Mar-2026 23:38:54.192 INFO [main] org.apache.catalina.startup.HostConfig.deployDirectory Deploying web application directory [D:\STUDY\Website-projects\Talksy-chat-app\Backend\apache-tomcat-10.1.52\apache-tomcat-10.1.52\webapps\ROOT]
13-Mar-2026 23:38:54.418 INFO [main] org.apache.jasper.servlet.TldScanner.scanJars At least one JAR was scanned for TLDs yet contained no TLDs. Enable debug logging for this logger for a complete list of JARs that were scanned but no TLDs were found in them. Skipping unneeded JARs during scanning can improve startup time and JSP compilation time.
13-Mar-2026 23:38:54.422 INFO [main] org.apache.catalina.startup.HostConfig.deployDirectory Deployment of web application directory [D:\STUDY\Website-projects\Talksy-chat-app\Backend\apache-tomcat-10.1.52\apache-tomcat-10.1.52\webapps\ROOT] has finished in [230] ms
13-Mar-2026 23:38:54.427 INFO [main] org.apache.coyote.AbstractProtocol.start Starting ProtocolHandler ["http-nio-8080"]
13-Mar-2026 23:38:54.479 INFO [main] org.apache.catalina.startup.Catalina.start Server startup in [2311] milliseconds
