15-Mar-2026 00:26:12.959 INFO [main] org.apache.catalina.startup.VersionLoggerListener.log Server version name:   Apache Tomcat/10.1.52
15-Mar-2026 00:26:12.963 INFO [main] org.apache.catalina.startup.VersionLoggerListener.log Server built:          Jan 23 2026 19:29:07 UTC
15-Mar-2026 00:26:12.964 INFO [main] org.apache.catalina.startup.VersionLoggerListener.log Server version number: 10.1.52.0
15-Mar-2026 00:26:12.965 INFO [main] org.apache.catalina.startup.VersionLoggerListener.log OS Name:               Windows 11
15-Mar-2026 00:26:12.965 INFO [main] org.apache.catalina.startup.VersionLoggerListener.log OS Version:            10.0
15-Mar-2026 00:26:12.965 INFO [main] org.apache.catalina.startup.VersionLoggerListener.log Architecture:          amd64
15-Mar-2026 00:26:12.965 INFO [main] org.apache.catalina.startup.VersionLoggerListener.log Java Home:             C:\Program Files\Java\jdk-25.0.2
15-Mar-2026 00:26:12.965 INFO [main] org.apache.catalina.startup.VersionLoggerListener.log JVM Version:           25.0.2+10-LTS-69
15-Mar-2026 00:26:12.965 INFO [main] org.apache.catalina.startup.VersionLoggerListener.log JVM Vendor:            Oracle Corporation
15-Mar-2026 00:26:12.967 INFO [main] org.apache.catalina.startup.VersionLoggerListener.log CATALINA_BASE:         D:\STUDY\Website-projects\Talksy-chat-app\Backend\apache-tomcat-10.1.52\apache-tomcat-10.1.52
15-Mar-2026 00:26:12.967 INFO [main] org.apache.catalina.startup.VersionLoggerListener.log CATALINA_HOME:         D:\STUDY\Website-projects\Talksy-chat-app\Backend\apache-tomcat-10.1.52\apache-tomcat-10.1.52
15-Mar-2026 00:26:13.000 INFO [main] org.apache.catalina.startup.VersionLoggerListener.log Command line argument: -Djava.util.logging.config.file=D:\STUDY\Website-projects\Talksy-chat-app\Backend\apache-tomcat-10.1.52\apache-tomcat-10.1.52\conf\logging.properties
15-Mar-2026 00:26:13.000 INFO [main] org.apache.catalina.startup.VersionLoggerListener.log Command line argument: -Djava.util.logging.manager=org.apache.juli.ClassLoaderLogManager
15-Mar-2026 00:26:13.001 INFO [main] org.apache.catalina.startup.VersionLoggerListener.log Command line argument: -Djdk.tls.ephemeralDHKeySize=2048
15-Mar-2026 00:26:13.001 INFO [main] org.apache.catalina.startup.VersionLoggerListener.log Command line argument: -Djava.protocol.handler.pkgs=org.apache.catalina.webresources
15-Mar-2026 00:26:13.001 INFO [main] org.apache.catalina.startup.VersionLoggerListener.log Command line argument: -Dsun.io.useCanonCaches=false
15-Mar-2026 00:26:13.076 INFO [main] org.apache.catalina.startup.VersionLoggerListener.log Command line argument: --add-opens=java.base/java.lang=ALL-UNNAMED
15-Mar-2026 00:26:13.076 INFO [main] org.apache.catalina.startup.VersionLoggerListener.log Command line argument: --add-opens=java.base/java.lang.reflect=ALL-UNNAMED
15-Mar-2026 00:26:13.077 INFO [main] org.apache.catalina.startup.VersionLoggerListener.log Command line argument: --add-opens=java.base/java.io=ALL-UNNAMED
15-Mar-2026 00:26:13.078 INFO [main] org.apache.catalina.startup.VersionLoggerListener.log Command line argument: --add-opens=java.base/java.util=ALL-UNNAMED
15-Mar-2026 00:26:13.079 INFO [main] org.apache.catalina.startup.VersionLoggerListener.log Command line argument: --add-opens=java.base/java.util.concurrent=ALL-UNNAMED
15-Mar-2026 00:26:13.079 INFO [main] org.apache.catalina.startup.VersionLoggerListener.log Command line argument: --add-opens=java.rmi/sun.rmi.transport=ALL-UNNAMED
15-Mar-2026 00:26:13.080 INFO [main] org.apache.catalina.startup.VersionLoggerListener.log Command line argument: -Dcatalina.base=D:\STUDY\Website-projects\Talksy-chat-app\Backend\apache-tomcat-10.1.52\apache-tomcat-10.1.52
15-Mar-2026 00:26:13.080 INFO [main] org.apache.catalina.startup.VersionLoggerListener.log Command line argument: -Dcatalina.home=D:\STUDY\Website-projects\Talksy-chat-app\Backend\apache-tomcat-10.1.52\apache-tomcat-10.1.52
15-Mar-2026 00:26:13.081 INFO [main] org.apache.catalina.startup.VersionLoggerListener.log Command line argument: -Djava.io.tmpdir=D:\STUDY\Website-projects\Talksy-chat-app\Backend\apache-tomcat-10.1.52\apache-tomcat-10.1.52\temp
15-Mar-2026 00:26:15.068 INFO [main] org.apache.catalina.core.AprLifecycleListener.lifecycleEvent The Apache Tomcat Native library which allows using OpenSSL was not found on the java.library.path: [C:\Program Files\Java\jdk-25.0.2\bin;C:\WINDOWS\Sun\Java\bin;C:\WINDOWS\system32;C:\WINDOWS;C:\Program Files\Common Files\Oracle\Java\javapath;C:\WINDOWS\system32;C:\WINDOWS;C:\WINDOWS\System32\Wbem;C:\WINDOWS\System32\WindowsPowerShell\v1.0\;C:\WINDOWS\System32\OpenSSH\;C:\ProgramData\chocolatey\bin;C:\Program Files (x86)\Microsoft SQL Server\100\Tools\Binn\;C:\Program Files\Microsoft SQL Server\100\Tools\Binn\;C:\Program Files\Microsoft SQL Server\100\DTS\Binn\;C:\Program Files\nodejs\;C:\Program Files\Java\jdk-25.0.2\bin;C:\Program Files\MySQL\MySQL Shell 8.0\bin\;C:\Users\HP\AppData\Local\Microsoft\WindowsApps;C:\Users\HP\AppData\Local\Programs\Microsoft VS Code\bin;C:\Users\HP\AppData\Local\Programs\Antigravity\bin;C:\Users\HP\AppData\Roaming\npm;.]
15-Mar-2026 00:26:23.176 INFO [main] org.apache.catalina.startup.VersionLoggerListener.log Server version name:   Apache Tomcat/10.1.52
15-Mar-2026 00:26:23.179 INFO [main] org.apache.catalina.startup.VersionLoggerListener.log Server built:          Jan 23 2026 19:29:07 UTC
15-Mar-2026 00:26:23.180 INFO [main] org.apache.catalina.startup.VersionLoggerListener.log Server version number: 10.1.52.0
15-Mar-2026 00:26:23.181 INFO [main] org.apache.catalina.startup.VersionLoggerListener.log OS Name:               Windows 11
15-Mar-2026 00:26:23.182 INFO [main] org.apache.catalina.startup.VersionLoggerListener.log OS Version:            10.0
15-Mar-2026 00:26:23.182 INFO [main] org.apache.catalina.startup.VersionLoggerListener.log Architecture:          amd64
15-Mar-2026 00:26:23.182 INFO [main] org.apache.catalina.startup.VersionLoggerListener.log Java Home:             C:\Program Files\Java\jdk-25.0.2
15-Mar-2026 00:26:23.183 INFO [main] org.apache.catalina.startup.VersionLoggerListener.log JVM Version:           25.0.2+10-LTS-69
15-Mar-2026 00:26:23.183 INFO [main] org.apache.catalina.startup.VersionLoggerListener.log JVM Vendor:            Oracle Corporation
15-Mar-2026 00:26:23.184 INFO [main] org.apache.catalina.startup.VersionLoggerListener.log CATALINA_BASE:         D:\STUDY\Website-projects\Talksy-chat-app\Backend\apache-tomcat-10.1.52\apache-tomcat-10.1.52
15-Mar-2026 00:26:23.184 INFO [main] org.apache.catalina.startup.VersionLoggerListener.log CATALINA_HOME:         D:\STUDY\Website-projects\Talksy-chat-app\Backend\apache-tomcat-10.1.52\apache-tomcat-10.1.52
15-Mar-2026 00:26:23.194 INFO [main] org.apache.catalina.startup.VersionLoggerListener.log Command line argument: -Djava.util.logging.config.file=D:\STUDY\Website-projects\Talksy-chat-app\Backend\apache-tomcat-10.1.52\apache-tomcat-10.1.52\conf\logging.properties
15-Mar-2026 00:26:23.195 INFO [main] org.apache.catalina.startup.VersionLoggerListener.log Command line argument: -Djava.util.logging.manager=org.apache.juli.ClassLoaderLogManager
15-Mar-2026 00:26:23.195 INFO [main] org.apache.catalina.startup.VersionLoggerListener.log Command line argument: -Djdk.tls.ephemeralDHKeySize=2048
15-Mar-2026 00:26:23.195 INFO [main] org.apache.catalina.startup.VersionLoggerListener.log Command line argument: -Djava.protocol.handler.pkgs=org.apache.catalina.webresources
15-Mar-2026 00:26:23.196 INFO [main] org.apache.catalina.startup.VersionLoggerListener.log Command line argument: -Dsun.io.useCanonCaches=false
15-Mar-2026 00:26:23.196 INFO [main] org.apache.catalina.startup.VersionLoggerListener.log Command line argument: --add-opens=java.base/java.lang=ALL-UNNAMED
15-Mar-2026 00:26:23.196 INFO [main] org.apache.catalina.startup.VersionLoggerListener.log Command line argument: --add-opens=java.base/java.lang.reflect=ALL-UNNAMED
15-Mar-2026 00:26:23.196 INFO [main] org.apache.catalina.startup.VersionLoggerListener.log Command line argument: --add-opens=java.base/java.io=ALL-UNNAMED
15-Mar-2026 00:26:23.196 INFO [main] org.apache.catalina.startup.VersionLoggerListener.log Command line argument: --add-opens=java.base/java.util=ALL-UNNAMED
15-Mar-2026 00:26:23.197 INFO [main] org.apache.catalina.startup.VersionLoggerListener.log Command line argument: --add-opens=java.base/java.util.concurrent=ALL-UNNAMED
15-Mar-2026 00:26:23.197 INFO [main] org.apache.catalina.startup.VersionLoggerListener.log Command line argument: --add-opens=java.rmi/sun.rmi.transport=ALL-UNNAMED
15-Mar-2026 00:26:23.197 INFO [main] org.apache.catalina.startup.VersionLoggerListener.log Command line argument: -Dcatalina.base=D:\STUDY\Website-projects\Talksy-chat-app\Backend\apache-tomcat-10.1.52\apache-tomcat-10.1.52
15-Mar-2026 00:26:23.197 INFO [main] org.apache.catalina.startup.VersionLoggerListener.log Command line argument: -Dcatalina.home=D:\STUDY\Website-projects\Talksy-chat-app\Backend\apache-tomcat-10.1.52\apache-tomcat-10.1.52
15-Mar-2026 00:26:23.197 INFO [main] org.apache.catalina.startup.VersionLoggerListener.log Command line argument: -Djava.io.tmpdir=D:\STUDY\Website-projects\Talksy-chat-app\Backend\apache-tomcat-10.1.52\apache-tomcat-10.1.52\temp
15-Mar-2026 00:26:23.208 INFO [main] org.apache.catalina.core.AprLifecycleListener.lifecycleEvent The Apache Tomcat Native library which allows using OpenSSL was not found on the java.library.path: [C:\Program Files\Java\jdk-25.0.2\bin;C:\WINDOWS\Sun\Java\bin;C:\WINDOWS\system32;C:\WINDOWS;C:\Program Files\Common Files\Oracle\Java\javapath;C:\WINDOWS\system32;C:\WINDOWS;C:\WINDOWS\System32\Wbem;C:\WINDOWS\System32\WindowsPowerShell\v1.0\;C:\WINDOWS\System32\OpenSSH\;C:\ProgramData\chocolatey\bin;C:\Program Files (x86)\Microsoft SQL Server\100\Tools\Binn\;C:\Program Files\Microsoft SQL Server\100\Tools\Binn\;C:\Program Files\Microsoft SQL Server\100\DTS\Binn\;C:\Program Files\nodejs\;C:\Program Files\Java\jdk-25.0.2\bin;C:\Program Files\MySQL\MySQL Shell 8.0\bin\;C:\Users\HP\AppData\Local\Microsoft\WindowsApps;C:\Users\HP\AppData\Local\Programs\Microsoft VS Code\bin;C:\Users\HP\AppData\Local\Programs\Antigravity\bin;C:\Users\HP\AppData\Roaming\npm;.]
15-Mar-2026 00:26:23.585 INFO [main] org.apache.coyote.AbstractProtocol.init Initializing ProtocolHandler ["http-nio-8080"]
15-Mar-2026 00:26:23.634 INFO [main] org.apache.catalina.startup.Catalina.load Server initialization in [639] milliseconds
15-Mar-2026 00:26:23.849 INFO [main] org.apache.catalina.core.StandardService.startInternal Starting service [Catalina]
15-Mar-2026 00:26:23.850 INFO [main] org.apache.catalina.core.StandardEngine.startInternal Starting Servlet engine: [Apache Tomcat/10.1.52]
15-Mar-2026 00:26:23.897 INFO [main] org.apache.catalina.startup.HostConfig.deployDirectory Deploying web application directory [D:\STUDY\Website-projects\Talksy-chat-app\Backend\apache-tomcat-10.1.52\apache-tomcat-10.1.52\webapps\chatapp]
15-Mar-2026 00:26:28.449 INFO [main] org.apache.jasper.servlet.TldScanner.scanJars At least one JAR was scanned for TLDs yet contained no TLDs. Enable debug logging for this logger for a complete list of JARs that were scanned but no TLDs were found in them. Skipping unneeded JARs during scanning can improve startup time and JSP compilation time.
15-Mar-2026 00:26:28.580 INFO [main] org.apache.catalina.startup.HostConfig.deployDirectory Deployment of web application directory [D:\STUDY\Website-projects\Talksy-chat-app\Backend\apache-tomcat-10.1.52\apache-tomcat-10.1.52\webapps\chatapp] has finished in [4,679] ms
15-Mar-2026 00:26:28.581 INFO [main] org.apache.catalina.startup.HostConfig.deployDirectory Deploying web application directory [D:\STUDY\Website-projects\Talksy-chat-app\Backend\apache-tomcat-10.1.52\apache-tomcat-10.1.52\webapps\docs]
15-Mar-2026 00:26:28.823 INFO [main] org.apache.jasper.servlet.TldScanner.scanJars At least one JAR was scanned for TLDs yet contained no TLDs. Enable debug logging for this logger for a complete list of JARs that were scanned but no TLDs were found in them. Skipping unneeded JARs during scanning can improve startup time and JSP compilation time.
15-Mar-2026 00:26:28.828 INFO [main] org.apache.catalina.startup.HostConfig.deployDirectory Deployment of web application directory [D:\STUDY\Website-projects\Talksy-chat-app\Backend\apache-tomcat-10.1.52\apache-tomcat-10.1.52\webapps\docs] has finished in [248] ms
15-Mar-2026 00:26:28.829 INFO [main] org.apache.catalina.startup.HostConfig.deployDirectory Deploying web application directory [D:\STUDY\Website-projects\Talksy-chat-app\Backend\apache-tomcat-10.1.52\apache-tomcat-10.1.52\webapps\examples]
15-Mar-2026 00:26:29.477 INFO [main] org.apache.jasper.servlet.TldScanner.scanJars At least one JAR was scanned for TLDs yet contained no TLDs. Enable debug logging for this logger for a complete list of JARs that were scanned but no TLDs were found in them. Skipping unneeded JARs during scanning can improve startup time and JSP compilation time.
15-Mar-2026 00:26:29.527 INFO [main] org.apache.catalina.startup.HostConfig.deployDirectory Deployment of web application directory [D:\STUDY\Website-projects\Talksy-chat-app\Backend\apache-tomcat-10.1.52\apache-tomcat-10.1.52\webapps\examples] has finished in [698] ms
15-Mar-2026 00:26:29.528 INFO [main] org.apache.catalina.startup.HostConfig.deployDirectory Deploying web application directory [D:\STUDY\Website-projects\Talksy-chat-app\Backend\apache-tomcat-10.1.52\apache-tomcat-10.1.52\webapps\host-manager]
15-Mar-2026 00:26:29.803 INFO [main] org.apache.jasper.servlet.TldScanner.scanJars At least one JAR was scanned for TLDs yet contained no TLDs. Enable debug logging for this logger for a complete list of JARs that were scanned but no TLDs were found in them. Skipping unneeded JARs during scanning can improve startup time and JSP compilation time.
15-Mar-2026 00:26:29.820 INFO [main] org.apache.catalina.startup.HostConfig.deployDirectory Deployment of web application directory [D:\STUDY\Website-projects\Talksy-chat-app\Backend\apache-tomcat-10.1.52\apache-tomcat-10.1.52\webapps\host-manager] has finished in [292] ms
15-Mar-2026 00:26:29.821 INFO [main] org.apache.catalina.startup.HostConfig.deployDirectory Deploying web application directory [D:\STUDY\Website-projects\Talksy-chat-app\Backend\apache-tomcat-10.1.52\apache-tomcat-10.1.52\webapps\manager]
15-Mar-2026 00:26:30.066 INFO [main] org.apache.jasper.servlet.TldScanner.scanJars At least one JAR was scanned for TLDs yet contained no TLDs. Enable debug logging for this logger for a complete list of JARs that were scanned but no TLDs were found in them. Skipping unneeded JARs during scanning can improve startup time and JSP compilation time.
15-Mar-2026 00:26:30.071 INFO [main] org.apache.catalina.startup.HostConfig.deployDirectory Deployment of web application directory [D:\STUDY\Website-projects\Talksy-chat-app\Backend\apache-tomcat-10.1.52\apache-tomcat-10.1.52\webapps\manager] has finished in [250] ms
15-Mar-2026 00:26:30.072 INFO [main] org.apache.catalina.startup.HostConfig.deployDirectory Deploying web application directory [D:\STUDY\Website-projects\Talksy-chat-app\Backend\apache-tomcat-10.1.52\apache-tomcat-10.1.52\webapps\ROOT]
15-Mar-2026 00:26:30.294 INFO [main] org.apache.jasper.servlet.TldScanner.scanJars At least one JAR was scanned for TLDs yet contained no TLDs. Enable debug logging for this logger for a complete list of JARs that were scanned but no TLDs were found in them. Skipping unneeded JARs during scanning can improve startup time and JSP compilation time.
15-Mar-2026 00:26:30.297 INFO [main] org.apache.catalina.startup.HostConfig.deployDirectory Deployment of web application directory [D:\STUDY\Website-projects\Talksy-chat-app\Backend\apache-tomcat-10.1.52\apache-tomcat-10.1.52\webapps\ROOT] has finished in [226] ms
15-Mar-2026 00:26:30.302 INFO [main] org.apache.coyote.AbstractProtocol.start Starting ProtocolHandler ["http-nio-8080"]
15-Mar-2026 00:26:30.354 INFO [main] org.apache.catalina.startup.Catalina.start Server startup in [6715] milliseconds
15-Mar-2026 00:30:56.986 INFO [main] org.apache.catalina.startup.VersionLoggerListener.log Server version name:   Apache Tomcat/10.1.52
15-Mar-2026 00:30:56.991 INFO [main] org.apache.catalina.startup.VersionLoggerListener.log Server built:          Jan 23 2026 19:29:07 UTC
15-Mar-2026 00:30:56.993 INFO [main] org.apache.catalina.startup.VersionLoggerListener.log Server version number: 10.1.52.0
15-Mar-2026 00:30:56.993 INFO [main] org.apache.catalina.startup.VersionLoggerListener.log OS Name:               Windows 11
15-Mar-2026 00:30:56.993 INFO [main] org.apache.catalina.startup.VersionLoggerListener.log OS Version:            10.0
15-Mar-2026 00:30:56.993 INFO [main] org.apache.catalina.startup.VersionLoggerListener.log Architecture:          amd64
15-Mar-2026 00:30:56.993 INFO [main] org.apache.catalina.startup.VersionLoggerListener.log Java Home:             C:\Program Files\Java\jdk-25.0.2
15-Mar-2026 00:30:56.993 INFO [main] org.apache.catalina.startup.VersionLoggerListener.log JVM Version:           25.0.2+10-LTS-69
15-Mar-2026 00:30:56.994 INFO [main] org.apache.catalina.startup.VersionLoggerListener.log JVM Vendor:            Oracle Corporation
15-Mar-2026 00:30:56.994 INFO [main] org.apache.catalina.startup.VersionLoggerListener.log CATALINA_BASE:         D:\STUDY\Website-projects\Talksy-chat-app\Backend\apache-tomcat-10.1.52\apache-tomcat-10.1.52
15-Mar-2026 00:30:56.995 INFO [main] org.apache.catalina.startup.VersionLoggerListener.log CATALINA_HOME:         D:\STUDY\Website-projects\Talksy-chat-app\Backend\apache-tomcat-10.1.52\apache-tomcat-10.1.52
15-Mar-2026 00:30:57.020 INFO [main] org.apache.catalina.startup.VersionLoggerListener.log Command line argument: -Djava.util.logging.config.file=D:\STUDY\Website-projects\Talksy-chat-app\Backend\apache-tomcat-10.1.52\apache-tomcat-10.1.52\conf\logging.properties
15-Mar-2026 00:30:57.020 INFO [main] org.apache.catalina.startup.VersionLoggerListener.log Command line argument: -Djava.util.logging.manager=org.apache.juli.ClassLoaderLogManager
15-Mar-2026 00:30:57.021 INFO [main] org.apache.catalina.startup.VersionLoggerListener.log Command line argument: -Djdk.tls.ephemeralDHKeySize=2048
15-Mar-2026 00:30:57.021 INFO [main] org.apache.catalina.startup.VersionLoggerListener.log Command line argument: -Djava.protocol.handler.pkgs=org.apache.catalina.webresources
15-Mar-2026 00:30:57.021 INFO [main] org.apache.catalina.startup.VersionLoggerListener.log Command line argument: -Dsun.io.useCanonCaches=false
15-Mar-2026 00:30:57.022 INFO [main] org.apache.catalina.startup.VersionLoggerListener.log Command line argument: --add-opens=java.base/java.lang=ALL-UNNAMED
15-Mar-2026 00:30:57.022 INFO [main] org.apache.catalina.startup.VersionLoggerListener.log Command line argument: --add-opens=java.base/java.lang.reflect=ALL-UNNAMED
15-Mar-2026 00:30:57.022 INFO [main] org.apache.catalina.startup.VersionLoggerListener.log Command line argument: --add-opens=java.base/java.io=ALL-UNNAMED
15-Mar-2026 00:30:57.024 INFO [main] org.apache.catalina.startup.VersionLoggerListener.log Command line argument: --add-opens=java.base/java.util=ALL-UNNAMED
15-Mar-2026 00:30:57.024 INFO [main] org.apache.catalina.startup.VersionLoggerListener.log Command line argument: --add-opens=java.base/java.util.concurrent=ALL-UNNAMED
15-Mar-2026 00:30:57.024 INFO [main] org.apache.catalina.startup.VersionLoggerListener.log Command line argument: --add-opens=java.rmi/sun.rmi.transport=ALL-UNNAMED
15-Mar-2026 00:30:57.025 INFO [main] org.apache.catalina.startup.VersionLoggerListener.log Command line argument: -Dcatalina.base=D:\STUDY\Website-projects\Talksy-chat-app\Backend\apache-tomcat-10.1.52\apache-tomcat-10.1.52
15-Mar-2026 00:30:57.025 INFO [main] org.apache.catalina.startup.VersionLoggerListener.log Command line argument: -Dcatalina.home=D:\STUDY\Website-projects\Talksy-chat-app\Backend\apache-tomcat-10.1.52\apache-tomcat-10.1.52
15-Mar-2026 00:30:57.025 INFO [main] org.apache.catalina.startup.VersionLoggerListener.log Command line argument: -Djava.io.tmpdir=D:\STUDY\Website-projects\Talksy-chat-app\Backend\apache-tomcat-10.1.52\apache-tomcat-10.1.52\temp
15-Mar-2026 00:30:57.036 INFO [main] org.apache.catalina.core.AprLifecycleListener.lifecycleEvent The Apache Tomcat Native library which allows using OpenSSL was not found on the java.library.path: [C:\Program Files\Java\jdk-25.0.2\bin;C:\WINDOWS\Sun\Java\bin;C:\WINDOWS\system32;C:\WINDOWS;C:\Program Files\Common Files\Oracle\Java\javapath;C:\WINDOWS\system32;C:\WINDOWS;C:\WINDOWS\System32\Wbem;C:\WINDOWS\System32\WindowsPowerShell\v1.0\;C:\WINDOWS\System32\OpenSSH\;C:\ProgramData\chocolatey\bin;C:\Program Files (x86)\Microsoft SQL Server\100\Tools\Binn\;C:\Program Files\Microsoft SQL Server\100\Tools\Binn\;C:\Program Files\Microsoft SQL Server\100\DTS\Binn\;C:\Program Files\nodejs\;C:\Program Files\Java\jdk-25.0.2\bin;C:\Program Files\MySQL\MySQL Shell 8.0\bin\;C:\Users\HP\AppData\Local\Microsoft\WindowsApps;C:\Users\HP\AppData\Local\Programs\Microsoft VS Code\bin;C:\Users\HP\AppData\Local\Programs\Antigravity\bin;C:\Users\HP\AppData\Roaming\npm;.]
15-Mar-2026 00:30:57.358 INFO [main] org.apache.coyote.AbstractProtocol.init Initializing ProtocolHandler ["http-nio-8080"]
15-Mar-2026 00:30:57.409 INFO [main] org.apache.catalina.startup.Catalina.load Server initialization in [631] milliseconds
15-Mar-2026 00:30:57.460 INFO [main] org.apache.catalina.core.StandardService.startInternal Starting service [Catalina]
15-Mar-2026 00:30:57.460 INFO [main] org.apache.catalina.core.StandardEngine.startInternal Starting Servlet engine: [Apache Tomcat/10.1.52]
15-Mar-2026 00:30:57.473 INFO [main] org.apache.catalina.startup.HostConfig.deployDirectory Deploying web application directory [D:\STUDY\Website-projects\Talksy-chat-app\Backend\apache-tomcat-10.1.52\apache-tomcat-10.1.52\webapps\chatapp]
15-Mar-2026 00:30:58.138 INFO [main] org.apache.jasper.servlet.TldScanner.scanJars At least one JAR was scanned for TLDs yet contained no TLDs. Enable debug logging for this logger for a complete list of JARs that were scanned but no TLDs were found in them. Skipping unneeded JARs during scanning can improve startup time and JSP compilation time.
15-Mar-2026 00:30:58.211 INFO [main] org.apache.catalina.startup.HostConfig.deployDirectory Deployment of web application directory [D:\STUDY\Website-projects\Talksy-chat-app\Backend\apache-tomcat-10.1.52\apache-tomcat-10.1.52\webapps\chatapp] has finished in [735] ms
15-Mar-2026 00:30:58.211 INFO [main] org.apache.catalina.startup.HostConfig.deployDirectory Deploying web application directory [D:\STUDY\Website-projects\Talksy-chat-app\Backend\apache-tomcat-10.1.52\apache-tomcat-10.1.52\webapps\docs]
15-Mar-2026 00:30:58.484 INFO [main] org.apache.jasper.servlet.TldScanner.scanJars At least one JAR was scanned for TLDs yet contained no TLDs. Enable debug logging for this logger for a complete list of JARs that were scanned but no TLDs were found in them. Skipping unneeded JARs during scanning can improve startup time and JSP compilation time.
15-Mar-2026 00:30:58.491 INFO [main] org.apache.catalina.startup.HostConfig.deployDirectory Deployment of web application directory [D:\STUDY\Website-projects\Talksy-chat-app\Backend\apache-tomcat-10.1.52\apache-tomcat-10.1.52\webapps\docs] has finished in [280] ms
15-Mar-2026 00:30:58.492 INFO [main] org.apache.catalina.startup.HostConfig.deployDirectory Deploying web application directory [D:\STUDY\Website-projects\Talksy-chat-app\Backend\apache-tomcat-10.1.52\apache-tomcat-10.1.52\webapps\examples]
15-Mar-2026 00:30:59.079 INFO [main] org.apache.jasper.servlet.TldScanner.scanJars At least one JAR was scanned for TLDs yet contained no TLDs. Enable debug logging for this logger for a complete list of JARs that were scanned but no TLDs were found in them. Skipping unneeded JARs during scanning can improve startup time and JSP compilation time.
15-Mar-2026 00:30:59.145 INFO [main] org.apache.catalina.startup.HostConfig.deployDirectory Deployment of web application directory [D:\STUDY\Website-projects\Talksy-chat-app\Backend\apache-tomcat-10.1.52\apache-tomcat-10.1.52\webapps\examples] has finished in [653] ms
15-Mar-2026 00:30:59.145 INFO [main] org.apache.catalina.startup.HostConfig.deployDirectory Deploying web application directory [D:\STUDY\Website-projects\Talksy-chat-app\Backend\apache-tomcat-10.1.52\apache-tomcat-10.1.52\webapps\host-manager]
15-Mar-2026 00:30:59.436 INFO [main] org.apache.jasper.servlet.TldScanner.scanJars At least one JAR was scanned for TLDs yet contained no TLDs. Enable debug logging for this logger for a complete list of JARs that were scanned but no TLDs were found in them. Skipping unneeded JARs during scanning can improve startup time and JSP compilation time.
15-Mar-2026 00:30:59.462 INFO [main] org.apache.catalina.startup.HostConfig.deployDirectory Deployment of web application directory [D:\STUDY\Website-projects\Talksy-chat-app\Backend\apache-tomcat-10.1.52\apache-tomcat-10.1.52\webapps\host-manager] has finished in [317] ms
15-Mar-2026 00:30:59.463 INFO [main] org.apache.catalina.startup.HostConfig.deployDirectory Deploying web application directory [D:\STUDY\Website-projects\Talksy-chat-app\Backend\apache-tomcat-10.1.52\apache-tomcat-10.1.52\webapps\manager]
15-Mar-2026 00:30:59.702 INFO [main] org.apache.jasper.servlet.TldScanner.scanJars At least one JAR was scanned for TLDs yet contained no TLDs. Enable debug logging for this logger for a complete list of JARs that were scanned but no TLDs were found in them. Skipping unneeded JARs during scanning can improve startup time and JSP compilation time.
15-Mar-2026 00:30:59.707 INFO [main] org.apache.catalina.startup.HostConfig.deployDirectory Deployment of web application directory [D:\STUDY\Website-projects\Talksy-chat-app\Backend\apache-tomcat-10.1.52\apache-tomcat-10.1.52\webapps\manager] has finished in [244] ms
15-Mar-2026 00:30:59.708 INFO [main] org.apache.catalina.startup.HostConfig.deployDirectory Deploying web application directory [D:\STUDY\Website-projects\Talksy-chat-app\Backend\apache-tomcat-10.1.52\apache-tomcat-10.1.52\webapps\ROOT]
15-Mar-2026 00:30:59.961 INFO [main] org.apache.jasper.servlet.TldScanner.scanJars At least one JAR was scanned for TLDs yet contained no TLDs. Enable debug logging for this logger for a complete list of JARs that were scanned but no TLDs were found in them. Skipping unneeded JARs during scanning can improve startup time and JSP compilation time.
15-Mar-2026 00:30:59.966 INFO [main] org.apache.catalina.startup.HostConfig.deployDirectory Deployment of web application directory [D:\STUDY\Website-projects\Talksy-chat-app\Backend\apache-tomcat-10.1.52\apache-tomcat-10.1.52\webapps\ROOT] has finished in [258] ms
15-Mar-2026 00:30:59.969 INFO [main] org.apache.coyote.AbstractProtocol.start Starting ProtocolHandler ["http-nio-8080"]
15-Mar-2026 00:31:00.010 INFO [main] org.apache.catalina.startup.Catalina.start Server startup in [2597] milliseconds
15-Mar-2026 12:15:57.326 INFO [main] org.apache.catalina.startup.VersionLoggerListener.log Server version name:   Apache Tomcat/10.1.52
15-Mar-2026 12:15:57.330 INFO [main] org.apache.catalina.startup.VersionLoggerListener.log Server built:          Jan 23 2026 19:29:07 UTC
15-Mar-2026 12:15:57.330 INFO [main] org.apache.catalina.startup.VersionLoggerListener.log Server version number: 10.1.52.0
15-Mar-2026 12:15:57.331 INFO [main] org.apache.catalina.startup.VersionLoggerListener.log OS Name:               Windows 11
15-Mar-2026 12:15:57.331 INFO [main] org.apache.catalina.startup.VersionLoggerListener.log OS Version:            10.0
15-Mar-2026 12:15:57.331 INFO [main] org.apache.catalina.startup.VersionLoggerListener.log Architecture:          amd64
15-Mar-2026 12:15:57.332 INFO [main] org.apache.catalina.startup.VersionLoggerListener.log Java Home:             C:\Program Files\Java\jdk-25.0.2
15-Mar-2026 12:15:57.332 INFO [main] org.apache.catalina.startup.VersionLoggerListener.log JVM Version:           25.0.2+10-LTS-69
15-Mar-2026 12:15:57.332 INFO [main] org.apache.catalina.startup.VersionLoggerListener.log JVM Vendor:            Oracle Corporation
15-Mar-2026 12:15:57.332 INFO [main] org.apache.catalina.startup.VersionLoggerListener.log CATALINA_BASE:         D:\STUDY\Website-projects\Talksy-chat-app\Backend\apache-tomcat-10.1.52\apache-tomcat-10.1.52
15-Mar-2026 12:15:57.333 INFO [main] org.apache.catalina.startup.VersionLoggerListener.log CATALINA_HOME:         D:\STUDY\Website-projects\Talksy-chat-app\Backend\apache-tomcat-10.1.52\apache-tomcat-10.1.52
15-Mar-2026 12:15:57.354 INFO [main] org.apache.catalina.startup.VersionLoggerListener.log Command line argument: -Djava.util.logging.config.file=D:\STUDY\Website-projects\Talksy-chat-app\Backend\apache-tomcat-10.1.52\apache-tomcat-10.1.52\conf\logging.properties
15-Mar-2026 12:15:57.355 INFO [main] org.apache.catalina.startup.VersionLoggerListener.log Command line argument: -Djava.util.logging.manager=org.apache.juli.ClassLoaderLogManager
15-Mar-2026 12:15:57.355 INFO [main] org.apache.catalina.startup.VersionLoggerListener.log Command line argument: -Djdk.tls.ephemeralDHKeySize=2048
15-Mar-2026 12:15:57.355 INFO [main] org.apache.catalina.startup.VersionLoggerListener.log Command line argument: -Djava.protocol.handler.pkgs=org.apache.catalina.webresources
15-Mar-2026 12:15:57.356 INFO [main] org.apache.catalina.startup.VersionLoggerListener.log Command line argument: -Dsun.io.useCanonCaches=false
15-Mar-2026 12:15:57.356 INFO [main] org.apache.catalina.startup.VersionLoggerListener.log Command line argument: --add-opens=java.base/java.lang=ALL-UNNAMED
15-Mar-2026 12:15:57.356 INFO [main] org.apache.catalina.startup.VersionLoggerListener.log Command line argument: --add-opens=java.base/java.lang.reflect=ALL-UNNAMED
15-Mar-2026 12:15:57.356 INFO [main] org.apache.catalina.startup.VersionLoggerListener.log Command line argument: --add-opens=java.base/java.io=ALL-UNNAMED
15-Mar-2026 12:15:57.357 INFO [main] org.apache.catalina.startup.VersionLoggerListener.log Command line argument: --add-opens=java.base/java.util=ALL-UNNAMED
15-Mar-2026 12:15:57.357 INFO [main] org.apache.catalina.startup.VersionLoggerListener.log Command line argument: --add-opens=java.base/java.util.concurrent=ALL-UNNAMED
15-Mar-2026 12:15:57.357 INFO [main] org.apache.catalina.startup.VersionLoggerListener.log Command line argument: --add-opens=java.rmi/sun.rmi.transport=ALL-UNNAMED
15-Mar-2026 12:15:57.358 INFO [main] org.apache.catalina.startup.VersionLoggerListener.log Command line argument: -Dcatalina.base=D:\STUDY\Website-projects\Talksy-chat-app\Backend\apache-tomcat-10.1.52\apache-tomcat-10.1.52
15-Mar-2026 12:15:57.358 INFO [main] org.apache.catalina.startup.VersionLoggerListener.log Command line argument: -Dcatalina.home=D:\STUDY\Website-projects\Talksy-chat-app\Backend\apache-tomcat-10.1.52\apache-tomcat-10.1.52
15-Mar-2026 12:15:57.358 INFO [main] org.apache.catalina.startup.VersionLoggerListener.log Command line argument: -Djava.io.tmpdir=D:\STUDY\Website-projects\Talksy-chat-app\Backend\apache-tomcat-10.1.52\apache-tomcat-10.1.52\temp
15-Mar-2026 12:15:57.368 INFO [main] org.apache.catalina.core.AprLifecycleListener.lifecycleEvent The Apache Tomcat Native library which allows using OpenSSL was not found on the java.library.path: [C:\Program Files\Java\jdk-25.0.2\bin;C:\WINDOWS\Sun\Java\bin;C:\WINDOWS\system32;C:\WINDOWS;C:\Program Files\Common Files\Oracle\Java\javapath;C:\WINDOWS\system32;C:\WINDOWS;C:\WINDOWS\System32\Wbem;C:\WINDOWS\System32\WindowsPowerShell\v1.0\;C:\WINDOWS\System32\OpenSSH\;C:\ProgramData\chocolatey\bin;C:\Program Files (x86)\Microsoft SQL Server\100\Tools\Binn\;C:\Program Files\Microsoft SQL Server\100\Tools\Binn\;C:\Program Files\Microsoft SQL Server\100\DTS\Binn\;C:\Program Files\nodejs\;C:\Program Files\Java\jdk-25.0.2\bin;C:\Program Files\MySQL\MySQL Shell 8.0\bin\;C:\Users\HP\AppData\Local\Microsoft\WindowsApps;C:\Users\HP\AppData\Local\Programs\Microsoft VS Code\bin;C:\Users\HP\AppData\Local\Programs\Antigravity\bin;C:\Users\HP\AppData\Roaming\npm;.]
15-Mar-2026 12:15:57.847 INFO [main] org.apache.coyote.AbstractProtocol.init Initializing ProtocolHandler ["http-nio-8080"]
15-Mar-2026 12:15:57.897 INFO [main] org.apache.catalina.startup.Catalina.load Server initialization in [798] milliseconds
15-Mar-2026 12:15:57.981 INFO [main] org.apache.catalina.core.StandardService.startInternal Starting service [Catalina]
15-Mar-2026 12:15:57.982 INFO [main] org.apache.catalina.core.StandardEngine.startInternal Starting Servlet engine: [Apache Tomcat/10.1.52]
15-Mar-2026 12:15:58.000 INFO [main] org.apache.catalina.startup.HostConfig.deployDirectory Deploying web application directory [D:\STUDY\Website-projects\Talksy-chat-app\Backend\apache-tomcat-10.1.52\apache-tomcat-10.1.52\webapps\chatapp]
15-Mar-2026 12:15:58.910 INFO [main] org.apache.jasper.servlet.TldScanner.scanJars At least one JAR was scanned for TLDs yet contained no TLDs. Enable debug logging for this logger for a complete list of JARs that were scanned but no TLDs were found in them. Skipping unneeded JARs during scanning can improve startup time and JSP compilation time.
15-Mar-2026 12:15:58.978 INFO [main] org.apache.catalina.startup.HostConfig.deployDirectory Deployment of web application directory [D:\STUDY\Website-projects\Talksy-chat-app\Backend\apache-tomcat-10.1.52\apache-tomcat-10.1.52\webapps\chatapp] has finished in [975] ms
15-Mar-2026 12:15:58.979 INFO [main] org.apache.catalina.startup.HostConfig.deployDirectory Deploying web application directory [D:\STUDY\Website-projects\Talksy-chat-app\Backend\apache-tomcat-10.1.52\apache-tomcat-10.1.52\webapps\docs]
15-Mar-2026 12:15:59.227 INFO [main] org.apache.jasper.servlet.TldScanner.scanJars At least one JAR was scanned for TLDs yet contained no TLDs. Enable debug logging for this logger for a complete list of JARs that were scanned but no TLDs were found in them. Skipping unneeded JARs during scanning can improve startup time and JSP compilation time.
15-Mar-2026 12:15:59.234 INFO [main] org.apache.catalina.startup.HostConfig.deployDirectory Deployment of web application directory [D:\STUDY\Website-projects\Talksy-chat-app\Backend\apache-tomcat-10.1.52\apache-tomcat-10.1.52\webapps\docs] has finished in [256] ms
15-Mar-2026 12:15:59.235 INFO [main] org.apache.catalina.startup.HostConfig.deployDirectory Deploying web application directory [D:\STUDY\Website-projects\Talksy-chat-app\Backend\apache-tomcat-10.1.52\apache-tomcat-10.1.52\webapps\examples]
15-Mar-2026 12:15:59.882 INFO [main] org.apache.jasper.servlet.TldScanner.scanJars At least one JAR was scanned for TLDs yet contained no TLDs. Enable debug logging for this logger for a complete list of JARs that were scanned but no TLDs were found in them. Skipping unneeded JARs during scanning can improve startup time and JSP compilation time.
15-Mar-2026 12:15:59.917 INFO [main] org.apache.catalina.startup.HostConfig.deployDirectory Deployment of web application directory [D:\STUDY\Website-projects\Talksy-chat-app\Backend\apache-tomcat-10.1.52\apache-tomcat-10.1.52\webapps\examples] has finished in [682] ms
15-Mar-2026 12:15:59.918 INFO [main] org.apache.catalina.startup.HostConfig.deployDirectory Deploying web application directory [D:\STUDY\Website-projects\Talksy-chat-app\Backend\apache-tomcat-10.1.52\apache-tomcat-10.1.52\webapps\host-manager]
15-Mar-2026 12:16:00.176 INFO [main] org.apache.jasper.servlet.TldScanner.scanJars At least one JAR was scanned for TLDs yet contained no TLDs. Enable debug logging for this logger for a complete list of JARs that were scanned but no TLDs were found in them. Skipping unneeded JARs during scanning can improve startup time and JSP compilation time.
15-Mar-2026 12:16:00.198 INFO [main] org.apache.catalina.startup.HostConfig.deployDirectory Deployment of web application directory [D:\STUDY\Website-projects\Talksy-chat-app\Backend\apache-tomcat-10.1.52\apache-tomcat-10.1.52\webapps\host-manager] has finished in [280] ms
15-Mar-2026 12:16:00.198 INFO [main] org.apache.catalina.startup.HostConfig.deployDirectory Deploying web application directory [D:\STUDY\Website-projects\Talksy-chat-app\Backend\apache-tomcat-10.1.52\apache-tomcat-10.1.52\webapps\manager]
15-Mar-2026 12:16:00.458 INFO [main] org.apache.jasper.servlet.TldScanner.scanJars At least one JAR was scanned for TLDs yet contained no TLDs. Enable debug logging for this logger for a complete list of JARs that were scanned but no TLDs were found in them. Skipping unneeded JARs during scanning can improve startup time and JSP compilation time.
15-Mar-2026 12:16:00.461 INFO [main] org.apache.catalina.startup.HostConfig.deployDirectory Deployment of web application directory [D:\STUDY\Website-projects\Talksy-chat-app\Backend\apache-tomcat-10.1.52\apache-tomcat-10.1.52\webapps\manager] has finished in [263] ms
15-Mar-2026 12:16:00.461 INFO [main] org.apache.catalina.startup.HostConfig.deployDirectory Deploying web application directory [D:\STUDY\Website-projects\Talksy-chat-app\Backend\apache-tomcat-10.1.52\apache-tomcat-10.1.52\webapps\ROOT]
15-Mar-2026 12:16:00.666 INFO [main] org.apache.jasper.servlet.TldScanner.scanJars At least one JAR was scanned for TLDs yet contained no TLDs. Enable debug logging for this logger for a complete list of JARs that were scanned but no TLDs were found in them. Skipping unneeded JARs during scanning can improve startup time and JSP compilation time.
15-Mar-2026 12:16:00.669 INFO [main] org.apache.catalina.startup.HostConfig.deployDirectory Deployment of web application directory [D:\STUDY\Website-projects\Talksy-chat-app\Backend\apache-tomcat-10.1.52\apache-tomcat-10.1.52\webapps\ROOT] has finished in [208] ms
15-Mar-2026 12:16:00.672 INFO [main] org.apache.coyote.AbstractProtocol.start Starting ProtocolHandler ["http-nio-8080"]
15-Mar-2026 12:16:00.908 INFO [main] org.apache.catalina.startup.Catalina.start Server startup in [3007] milliseconds
15-Mar-2026 12:29:31.314 INFO [main] org.apache.catalina.startup.VersionLoggerListener.log Server version name:   Apache Tomcat/10.1.52
15-Mar-2026 12:29:31.317 INFO [main] org.apache.catalina.startup.VersionLoggerListener.log Server built:          Jan 23 2026 19:29:07 UTC
15-Mar-2026 12:29:31.318 INFO [main] org.apache.catalina.startup.VersionLoggerListener.log Server version number: 10.1.52.0
15-Mar-2026 12:29:31.318 INFO [main] org.apache.catalina.startup.VersionLoggerListener.log OS Name:               Windows 11
15-Mar-2026 12:29:31.318 INFO [main] org.apache.catalina.startup.VersionLoggerListener.log OS Version:            10.0
15-Mar-2026 12:29:31.319 INFO [main] org.apache.catalina.startup.VersionLoggerListener.log Architecture:          amd64
15-Mar-2026 12:29:31.319 INFO [main] org.apache.catalina.startup.VersionLoggerListener.log Java Home:             C:\Program Files\Java\jdk-25.0.2
15-Mar-2026 12:29:31.319 INFO [main] org.apache.catalina.startup.VersionLoggerListener.log JVM Version:           25.0.2+10-LTS-69
15-Mar-2026 12:29:31.319 INFO [main] org.apache.catalina.startup.VersionLoggerListener.log JVM Vendor:            Oracle Corporation
15-Mar-2026 12:29:31.320 INFO [main] org.apache.catalina.startup.VersionLoggerListener.log CATALINA_BASE:         D:\STUDY\Website-projects\Talksy-chat-app\Backend\apache-tomcat-10.1.52\apache-tomcat-10.1.52
15-Mar-2026 12:29:31.320 INFO [main] org.apache.catalina.startup.VersionLoggerListener.log CATALINA_HOME:         D:\STUDY\Website-projects\Talksy-chat-app\Backend\apache-tomcat-10.1.52\apache-tomcat-10.1.52
15-Mar-2026 12:29:31.331 INFO [main] org.apache.catalina.startup.VersionLoggerListener.log Command line argument: -Djava.util.logging.config.file=D:\STUDY\Website-projects\Talksy-chat-app\Backend\apache-tomcat-10.1.52\apache-tomcat-10.1.52\conf\logging.properties
15-Mar-2026 12:29:31.332 INFO [main] org.apache.catalina.startup.VersionLoggerListener.log Command line argument: -Djava.util.logging.manager=org.apache.juli.ClassLoaderLogManager
15-Mar-2026 12:29:31.333 INFO [main] org.apache.catalina.startup.VersionLoggerListener.log Command line argument: -Djdk.tls.ephemeralDHKeySize=2048
15-Mar-2026 12:29:31.333 INFO [main] org.apache.catalina.startup.VersionLoggerListener.log Command line argument: -Djava.protocol.handler.pkgs=org.apache.catalina.webresources
15-Mar-2026 12:29:31.333 INFO [main] org.apache.catalina.startup.VersionLoggerListener.log Command line argument: -Dsun.io.useCanonCaches=false
15-Mar-2026 12:29:31.333 INFO [main] org.apache.catalina.startup.VersionLoggerListener.log Command line argument: --add-opens=java.base/java.lang=ALL-UNNAMED
15-Mar-2026 12:29:31.333 INFO [main] org.apache.catalina.startup.VersionLoggerListener.log Command line argument: --add-opens=java.base/java.lang.reflect=ALL-UNNAMED
15-Mar-2026 12:29:31.333 INFO [main] org.apache.catalina.startup.VersionLoggerListener.log Command line argument: --add-opens=java.base/java.io=ALL-UNNAMED
15-Mar-2026 12:29:31.334 INFO [main] org.apache.catalina.startup.VersionLoggerListener.log Command line argument: --add-opens=java.base/java.util=ALL-UNNAMED
15-Mar-2026 12:29:31.334 INFO [main] org.apache.catalina.startup.VersionLoggerListener.log Command line argument: --add-opens=java.base/java.util.concurrent=ALL-UNNAMED
15-Mar-2026 12:29:31.334 INFO [main] org.apache.catalina.startup.VersionLoggerListener.log Command line argument: --add-opens=java.rmi/sun.rmi.transport=ALL-UNNAMED
15-Mar-2026 12:29:31.334 INFO [main] org.apache.catalina.startup.VersionLoggerListener.log Command line argument: -Dcatalina.base=D:\STUDY\Website-projects\Talksy-chat-app\Backend\apache-tomcat-10.1.52\apache-tomcat-10.1.52
15-Mar-2026 12:29:31.335 INFO [main] org.apache.catalina.startup.VersionLoggerListener.log Command line argument: -Dcatalina.home=D:\STUDY\Website-projects\Talksy-chat-app\Backend\apache-tomcat-10.1.52\apache-tomcat-10.1.52
15-Mar-2026 12:29:31.335 INFO [main] org.apache.catalina.startup.VersionLoggerListener.log Command line argument: -Djava.io.tmpdir=D:\STUDY\Website-projects\Talksy-chat-app\Backend\apache-tomcat-10.1.52\apache-tomcat-10.1.52\temp
15-Mar-2026 12:29:31.342 INFO [main] org.apache.catalina.core.AprLifecycleListener.lifecycleEvent The Apache Tomcat Native library which allows using OpenSSL was not found on the java.library.path: [C:\Program Files\Java\jdk-25.0.2\bin;C:\WINDOWS\Sun\Java\bin;C:\WINDOWS\system32;C:\WINDOWS;C:\Program Files\Common Files\Oracle\Java\javapath;C:\WINDOWS\system32;C:\WINDOWS;C:\WINDOWS\System32\Wbem;C:\WINDOWS\System32\WindowsPowerShell\v1.0\;C:\WINDOWS\System32\OpenSSH\;C:\ProgramData\chocolatey\bin;C:\Program Files (x86)\Microsoft SQL Server\100\Tools\Binn\;C:\Program Files\Microsoft SQL Server\100\Tools\Binn\;C:\Program Files\Microsoft SQL Server\100\DTS\Binn\;C:\Program Files\nodejs\;C:\Program Files\Java\jdk-25.0.2\bin;C:\Program Files\MySQL\MySQL Shell 8.0\bin\;C:\Users\HP\AppData\Local\Microsoft\WindowsApps;C:\Users\HP\AppData\Local\Programs\Microsoft VS Code\bin;C:\Users\HP\AppData\Local\Programs\Antigravity\bin;C:\Users\HP\AppData\Roaming\npm;.]
15-Mar-2026 12:29:31.669 INFO [main] org.apache.coyote.AbstractProtocol.init Initializing ProtocolHandler ["http-nio-8080"]
15-Mar-2026 12:29:31.707 INFO [main] org.apache.catalina.startup.Catalina.load Server initialization in [1156] milliseconds
15-Mar-2026 12:29:31.752 INFO [main] org.apache.catalina.core.StandardService.startInternal Starting service [Catalina]
15-Mar-2026 12:29:31.753 INFO [main] org.apache.catalina.core.StandardEngine.startInternal Starting Servlet engine: [Apache Tomcat/10.1.52]
15-Mar-2026 12:29:31.762 INFO [main] org.apache.catalina.startup.HostConfig.deployDirectory Deploying web application directory [D:\STUDY\Website-projects\Talksy-chat-app\Backend\apache-tomcat-10.1.52\apache-tomcat-10.1.52\webapps\chatapp]
15-Mar-2026 12:29:32.349 INFO [main] org.apache.jasper.servlet.TldScanner.scanJars At least one JAR was scanned for TLDs yet contained no TLDs. Enable debug logging for this logger for a complete list of JARs that were scanned but no TLDs were found in them. Skipping unneeded JARs during scanning can improve startup time and JSP compilation time.
15-Mar-2026 12:29:32.501 INFO [main] org.apache.catalina.startup.HostConfig.deployDirectory Deployment of web application directory [D:\STUDY\Website-projects\Talksy-chat-app\Backend\apache-tomcat-10.1.52\apache-tomcat-10.1.52\webapps\chatapp] has finished in [730] ms
15-Mar-2026 12:29:32.502 INFO [main] org.apache.catalina.startup.HostConfig.deployDirectory Deploying web application directory [D:\STUDY\Website-projects\Talksy-chat-app\Backend\apache-tomcat-10.1.52\apache-tomcat-10.1.52\webapps\docs]
15-Mar-2026 12:29:32.783 INFO [main] org.apache.jasper.servlet.TldScanner.scanJars At least one JAR was scanned for TLDs yet contained no TLDs. Enable debug logging for this logger for a complete list of JARs that were scanned but no TLDs were found in them. Skipping unneeded JARs during scanning can improve startup time and JSP compilation time.
15-Mar-2026 12:29:32.789 INFO [main] org.apache.catalina.startup.HostConfig.deployDirectory Deployment of web application directory [D:\STUDY\Website-projects\Talksy-chat-app\Backend\apache-tomcat-10.1.52\apache-tomcat-10.1.52\webapps\docs] has finished in [287] ms
15-Mar-2026 12:29:32.789 INFO [main] org.apache.catalina.startup.HostConfig.deployDirectory Deploying web application directory [D:\STUDY\Website-projects\Talksy-chat-app\Backend\apache-tomcat-10.1.52\apache-tomcat-10.1.52\webapps\examples]
15-Mar-2026 12:29:33.245 INFO [main] org.apache.jasper.servlet.TldScanner.scanJars At least one JAR was scanned for TLDs yet contained no TLDs. Enable debug logging for this logger for a complete list of JARs that were scanned but no TLDs were found in them. Skipping unneeded JARs during scanning can improve startup time and JSP compilation time.
15-Mar-2026 12:29:33.290 INFO [main] org.apache.catalina.startup.HostConfig.deployDirectory Deployment of web application directory [D:\STUDY\Website-projects\Talksy-chat-app\Backend\apache-tomcat-10.1.52\apache-tomcat-10.1.52\webapps\examples] has finished in [501] ms
15-Mar-2026 12:29:33.291 INFO [main] org.apache.catalina.startup.HostConfig.deployDirectory Deploying web application directory [D:\STUDY\Website-projects\Talksy-chat-app\Backend\apache-tomcat-10.1.52\apache-tomcat-10.1.52\webapps\host-manager]
15-Mar-2026 12:29:33.495 INFO [main] org.apache.jasper.servlet.TldScanner.scanJars At least one JAR was scanned for TLDs yet contained no TLDs. Enable debug logging for this logger for a complete list of JARs that were scanned but no TLDs were found in them. Skipping unneeded JARs during scanning can improve startup time and JSP compilation time.
15-Mar-2026 12:29:33.506 INFO [main] org.apache.catalina.startup.HostConfig.deployDirectory Deployment of web application directory [D:\STUDY\Website-projects\Talksy-chat-app\Backend\apache-tomcat-10.1.52\apache-tomcat-10.1.52\webapps\host-manager] has finished in [215] ms
15-Mar-2026 12:29:33.506 INFO [main] org.apache.catalina.startup.HostConfig.deployDirectory Deploying web application directory [D:\STUDY\Website-projects\Talksy-chat-app\Backend\apache-tomcat-10.1.52\apache-tomcat-10.1.52\webapps\manager]
15-Mar-2026 12:29:33.717 INFO [main] org.apache.jasper.servlet.TldScanner.scanJars At least one JAR was scanned for TLDs yet contained no TLDs. Enable debug logging for this logger for a complete list of JARs that were scanned but no TLDs were found in them. Skipping unneeded JARs during scanning can improve startup time and JSP compilation time.
15-Mar-2026 12:29:33.722 INFO [main] org.apache.catalina.startup.HostConfig.deployDirectory Deployment of web application directory [D:\STUDY\Website-projects\Talksy-chat-app\Backend\apache-tomcat-10.1.52\apache-tomcat-10.1.52\webapps\manager] has finished in [215] ms
15-Mar-2026 12:29:33.722 INFO [main] org.apache.catalina.startup.HostConfig.deployDirectory Deploying web application directory [D:\STUDY\Website-projects\Talksy-chat-app\Backend\apache-tomcat-10.1.52\apache-tomcat-10.1.52\webapps\ROOT]
15-Mar-2026 12:29:33.917 INFO [main] org.apache.jasper.servlet.TldScanner.scanJars At least one JAR was scanned for TLDs yet contained no TLDs. Enable debug logging for this logger for a complete list of JARs that were scanned but no TLDs were found in them. Skipping unneeded JARs during scanning can improve startup time and JSP compilation time.
15-Mar-2026 12:29:33.923 INFO [main] org.apache.catalina.startup.HostConfig.deployDirectory Deployment of web application directory [D:\STUDY\Website-projects\Talksy-chat-app\Backend\apache-tomcat-10.1.52\apache-tomcat-10.1.52\webapps\ROOT] has finished in [201] ms
15-Mar-2026 12:29:33.926 INFO [main] org.apache.coyote.AbstractProtocol.start Starting ProtocolHandler ["http-nio-8080"]
15-Mar-2026 12:29:33.956 INFO [main] org.apache.catalina.startup.Catalina.start Server startup in [2247] milliseconds
15-Mar-2026 12:31:09.403 INFO [main] org.apache.catalina.startup.VersionLoggerListener.log Server version name:   Apache Tomcat/10.1.52
15-Mar-2026 12:31:09.408 INFO [main] org.apache.catalina.startup.VersionLoggerListener.log Server built:          Jan 23 2026 19:29:07 UTC
15-Mar-2026 12:31:09.409 INFO [main] org.apache.catalina.startup.VersionLoggerListener.log Server version number: 10.1.52.0
15-Mar-2026 12:31:09.409 INFO [main] org.apache.catalina.startup.VersionLoggerListener.log OS Name:               Windows 11
15-Mar-2026 12:31:09.409 INFO [main] org.apache.catalina.startup.VersionLoggerListener.log OS Version:            10.0
15-Mar-2026 12:31:09.410 INFO [main] org.apache.catalina.startup.VersionLoggerListener.log Architecture:          amd64
15-Mar-2026 12:31:09.410 INFO [main] org.apache.catalina.startup.VersionLoggerListener.log Java Home:             C:\Program Files\Java\jdk-25.0.2
15-Mar-2026 12:31:09.410 INFO [main] org.apache.catalina.startup.VersionLoggerListener.log JVM Version:           25.0.2+10-LTS-69
15-Mar-2026 12:31:09.411 INFO [main] org.apache.catalina.startup.VersionLoggerListener.log JVM Vendor:            Oracle Corporation
15-Mar-2026 12:31:09.411 INFO [main] org.apache.catalina.startup.VersionLoggerListener.log CATALINA_BASE:         D:\STUDY\Website-projects\Talksy-chat-app\Backend\apache-tomcat-10.1.52\apache-tomcat-10.1.52
15-Mar-2026 12:31:09.411 INFO [main] org.apache.catalina.startup.VersionLoggerListener.log CATALINA_HOME:         D:\STUDY\Website-projects\Talksy-chat-app\Backend\apache-tomcat-10.1.52\apache-tomcat-10.1.52
15-Mar-2026 12:31:09.427 INFO [main] org.apache.catalina.startup.VersionLoggerListener.log Command line argument: -Djava.util.logging.config.file=D:\STUDY\Website-projects\Talksy-chat-app\Backend\apache-tomcat-10.1.52\apache-tomcat-10.1.52\conf\logging.properties
15-Mar-2026 12:31:09.427 INFO [main] org.apache.catalina.startup.VersionLoggerListener.log Command line argument: -Djava.util.logging.manager=org.apache.juli.ClassLoaderLogManager
15-Mar-2026 12:31:09.427 INFO [main] org.apache.catalina.startup.VersionLoggerListener.log Command line argument: -Djdk.tls.ephemeralDHKeySize=2048
15-Mar-2026 12:31:09.428 INFO [main] org.apache.catalina.startup.VersionLoggerListener.log Command line argument: -Djava.protocol.handler.pkgs=org.apache.catalina.webresources
15-Mar-2026 12:31:09.428 INFO [main] org.apache.catalina.startup.VersionLoggerListener.log Command line argument: -Dsun.io.useCanonCaches=false
15-Mar-2026 12:31:09.428 INFO [main] org.apache.catalina.startup.VersionLoggerListener.log Command line argument: --add-opens=java.base/java.lang=ALL-UNNAMED
15-Mar-2026 12:31:09.428 INFO [main] org.apache.catalina.startup.VersionLoggerListener.log Command line argument: --add-opens=java.base/java.lang.reflect=ALL-UNNAMED
15-Mar-2026 12:31:09.428 INFO [main] org.apache.catalina.startup.VersionLoggerListener.log Command line argument: --add-opens=java.base/java.io=ALL-UNNAMED
15-Mar-2026 12:31:09.429 INFO [main] org.apache.catalina.startup.VersionLoggerListener.log Command line argument: --add-opens=java.base/java.util=ALL-UNNAMED
15-Mar-2026 12:31:09.429 INFO [main] org.apache.catalina.startup.VersionLoggerListener.log Command line argument: --add-opens=java.base/java.util.concurrent=ALL-UNNAMED
15-Mar-2026 12:31:09.429 INFO [main] org.apache.catalina.startup.VersionLoggerListener.log Command line argument: --add-opens=java.rmi/sun.rmi.transport=ALL-UNNAMED
15-Mar-2026 12:31:09.429 INFO [main] org.apache.catalina.startup.VersionLoggerListener.log Command line argument: -Dcatalina.base=D:\STUDY\Website-projects\Talksy-chat-app\Backend\apache-tomcat-10.1.52\apache-tomcat-10.1.52
15-Mar-2026 12:31:09.430 INFO [main] org.apache.catalina.startup.VersionLoggerListener.log Command line argument: -Dcatalina.home=D:\STUDY\Website-projects\Talksy-chat-app\Backend\apache-tomcat-10.1.52\apache-tomcat-10.1.52
15-Mar-2026 12:31:09.430 INFO [main] org.apache.catalina.startup.VersionLoggerListener.log Command line argument: -Djava.io.tmpdir=D:\STUDY\Website-projects\Talksy-chat-app\Backend\apache-tomcat-10.1.52\apache-tomcat-10.1.52\temp
15-Mar-2026 12:31:09.437 INFO [main] org.apache.catalina.core.AprLifecycleListener.lifecycleEvent The Apache Tomcat Native library which allows using OpenSSL was not found on the java.library.path: [C:\Program Files\Java\jdk-25.0.2\bin;C:\WINDOWS\Sun\Java\bin;C:\WINDOWS\system32;C:\WINDOWS;C:\Program Files\Common Files\Oracle\Java\javapath;C:\WINDOWS\system32;C:\WINDOWS;C:\WINDOWS\System32\Wbem;C:\WINDOWS\System32\WindowsPowerShell\v1.0\;C:\WINDOWS\System32\OpenSSH\;C:\ProgramData\chocolatey\bin;C:\Program Files (x86)\Microsoft SQL Server\100\Tools\Binn\;C:\Program Files\Microsoft SQL Server\100\Tools\Binn\;C:\Program Files\Microsoft SQL Server\100\DTS\Binn\;C:\Program Files\nodejs\;C:\Program Files\Java\jdk-25.0.2\bin;C:\Program Files\MySQL\MySQL Shell 8.0\bin\;C:\Users\HP\AppData\Local\Microsoft\WindowsApps;C:\Users\HP\AppData\Local\Programs\Microsoft VS Code\bin;C:\Users\HP\AppData\Local\Programs\Antigravity\bin;C:\Users\HP\AppData\Roaming\npm;.]
15-Mar-2026 12:31:09.718 INFO [main] org.apache.coyote.AbstractProtocol.init Initializing ProtocolHandler ["http-nio-8080"]
15-Mar-2026 12:31:09.750 INFO [main] org.apache.catalina.startup.Catalina.load Server initialization in [545] milliseconds
15-Mar-2026 12:31:09.797 INFO [main] org.apache.catalina.core.StandardService.startInternal Starting service [Catalina]
15-Mar-2026 12:31:09.798 INFO [main] org.apache.catalina.core.StandardEngine.startInternal Starting Servlet engine: [Apache Tomcat/10.1.52]
15-Mar-2026 12:31:09.805 INFO [main] org.apache.catalina.startup.HostConfig.deployDirectory Deploying web application directory [D:\STUDY\Website-projects\Talksy-chat-app\Backend\apache-tomcat-10.1.52\apache-tomcat-10.1.52\webapps\chatapp]
15-Mar-2026 12:31:10.334 INFO [main] org.apache.jasper.servlet.TldScanner.scanJars At least one JAR was scanned for TLDs yet contained no TLDs. Enable debug logging for this logger for a complete list of JARs that were scanned but no TLDs were found in them. Skipping unneeded JARs during scanning can improve startup time and JSP compilation time.
15-Mar-2026 12:31:10.391 INFO [main] org.apache.catalina.startup.HostConfig.deployDirectory Deployment of web application directory [D:\STUDY\Website-projects\Talksy-chat-app\Backend\apache-tomcat-10.1.52\apache-tomcat-10.1.52\webapps\chatapp] has finished in [583] ms
15-Mar-2026 12:31:10.392 INFO [main] org.apache.catalina.startup.HostConfig.deployDirectory Deploying web application directory [D:\STUDY\Website-projects\Talksy-chat-app\Backend\apache-tomcat-10.1.52\apache-tomcat-10.1.52\webapps\docs]
15-Mar-2026 12:31:10.606 INFO [main] org.apache.jasper.servlet.TldScanner.scanJars At least one JAR was scanned for TLDs yet contained no TLDs. Enable debug logging for this logger for a complete list of JARs that were scanned but no TLDs were found in them. Skipping unneeded JARs during scanning can improve startup time and JSP compilation time.
15-Mar-2026 12:31:10.612 INFO [main] org.apache.catalina.startup.HostConfig.deployDirectory Deployment of web application directory [D:\STUDY\Website-projects\Talksy-chat-app\Backend\apache-tomcat-10.1.52\apache-tomcat-10.1.52\webapps\docs] has finished in [220] ms
15-Mar-2026 12:31:10.613 INFO [main] org.apache.catalina.startup.HostConfig.deployDirectory Deploying web application directory [D:\STUDY\Website-projects\Talksy-chat-app\Backend\apache-tomcat-10.1.52\apache-tomcat-10.1.52\webapps\examples]
15-Mar-2026 12:31:11.086 INFO [main] org.apache.jasper.servlet.TldScanner.scanJars At least one JAR was scanned for TLDs yet contained no TLDs. Enable debug logging for this logger for a complete list of JARs that were scanned but no TLDs were found in them. Skipping unneeded JARs during scanning can improve startup time and JSP compilation time.
15-Mar-2026 12:31:11.120 INFO [main] org.apache.catalina.startup.HostConfig.deployDirectory Deployment of web application directory [D:\STUDY\Website-projects\Talksy-chat-app\Backend\apache-tomcat-10.1.52\apache-tomcat-10.1.52\webapps\examples] has finished in [507] ms
15-Mar-2026 12:31:11.121 INFO [main] org.apache.catalina.startup.HostConfig.deployDirectory Deploying web application directory [D:\STUDY\Website-projects\Talksy-chat-app\Backend\apache-tomcat-10.1.52\apache-tomcat-10.1.52\webapps\host-manager]
15-Mar-2026 12:31:11.339 INFO [main] org.apache.jasper.servlet.TldScanner.scanJars At least one JAR was scanned for TLDs yet contained no TLDs. Enable debug logging for this logger for a complete list of JARs that were scanned but no TLDs were found in them. Skipping unneeded JARs during scanning can improve startup time and JSP compilation time.
15-Mar-2026 12:31:11.353 INFO [main] org.apache.catalina.startup.HostConfig.deployDirectory Deployment of web application directory [D:\STUDY\Website-projects\Talksy-chat-app\Backend\apache-tomcat-10.1.52\apache-tomcat-10.1.52\webapps\host-manager] has finished in [232] ms
15-Mar-2026 12:31:11.354 INFO [main] org.apache.catalina.startup.HostConfig.deployDirectory Deploying web application directory [D:\STUDY\Website-projects\Talksy-chat-app\Backend\apache-tomcat-10.1.52\apache-tomcat-10.1.52\webapps\manager]
15-Mar-2026 12:31:11.544 INFO [main] org.apache.jasper.servlet.TldScanner.scanJars At least one JAR was scanned for TLDs yet contained no TLDs. Enable debug logging for this logger for a complete list of JARs that were scanned but no TLDs were found in them. Skipping unneeded JARs during scanning can improve startup time and JSP compilation time.
15-Mar-2026 12:31:11.549 INFO [main] org.apache.catalina.startup.HostConfig.deployDirectory Deployment of web application directory [D:\STUDY\Website-projects\Talksy-chat-app\Backend\apache-tomcat-10.1.52\apache-tomcat-10.1.52\webapps\manager] has finished in [195] ms
15-Mar-2026 12:31:11.550 INFO [main] org.apache.catalina.startup.HostConfig.deployDirectory Deploying web application directory [D:\STUDY\Website-projects\Talksy-chat-app\Backend\apache-tomcat-10.1.52\apache-tomcat-10.1.52\webapps\ROOT]
15-Mar-2026 12:31:11.725 INFO [main] org.apache.jasper.servlet.TldScanner.scanJars At least one JAR was scanned for TLDs yet contained no TLDs. Enable debug logging for this logger for a complete list of JARs that were scanned but no TLDs were found in them. Skipping unneeded JARs during scanning can improve startup time and JSP compilation time.
15-Mar-2026 12:31:11.729 INFO [main] org.apache.catalina.startup.HostConfig.deployDirectory Deployment of web application directory [D:\STUDY\Website-projects\Talksy-chat-app\Backend\apache-tomcat-10.1.52\apache-tomcat-10.1.52\webapps\ROOT] has finished in [179] ms
15-Mar-2026 12:31:11.731 INFO [main] org.apache.coyote.AbstractProtocol.start Starting ProtocolHandler ["http-nio-8080"]
15-Mar-2026 12:31:11.756 INFO [main] org.apache.catalina.startup.Catalina.start Server startup in [2003] milliseconds
15-Mar-2026 12:53:01.541 INFO [main] org.apache.catalina.startup.VersionLoggerListener.log Server version name:   Apache Tomcat/10.1.52
15-Mar-2026 12:53:01.545 INFO [main] org.apache.catalina.startup.VersionLoggerListener.log Server built:          Jan 23 2026 19:29:07 UTC
15-Mar-2026 12:53:01.546 INFO [main] org.apache.catalina.startup.VersionLoggerListener.log Server version number: 10.1.52.0
15-Mar-2026 12:53:01.546 INFO [main] org.apache.catalina.startup.VersionLoggerListener.log OS Name:               Windows 11
15-Mar-2026 12:53:01.546 INFO [main] org.apache.catalina.startup.VersionLoggerListener.log OS Version:            10.0
15-Mar-2026 12:53:01.546 INFO [main] org.apache.catalina.startup.VersionLoggerListener.log Architecture:          amd64
15-Mar-2026 12:53:01.547 INFO [main] org.apache.catalina.startup.VersionLoggerListener.log Java Home:             C:\Program Files\Java\jdk-25.0.2
15-Mar-2026 12:53:01.547 INFO [main] org.apache.catalina.startup.VersionLoggerListener.log JVM Version:           25.0.2+10-LTS-69
15-Mar-2026 12:53:01.548 INFO [main] org.apache.catalina.startup.VersionLoggerListener.log JVM Vendor:            Oracle Corporation
15-Mar-2026 12:53:01.548 INFO [main] org.apache.catalina.startup.VersionLoggerListener.log CATALINA_BASE:         D:\STUDY\Website-projects\Talksy-chat-app\Backend\apache-tomcat-10.1.52\apache-tomcat-10.1.52
15-Mar-2026 12:53:01.548 INFO [main] org.apache.catalina.startup.VersionLoggerListener.log CATALINA_HOME:         D:\STUDY\Website-projects\Talksy-chat-app\Backend\apache-tomcat-10.1.52\apache-tomcat-10.1.52
15-Mar-2026 12:53:01.559 INFO [main] org.apache.catalina.startup.VersionLoggerListener.log Command line argument: -Djava.util.logging.config.file=D:\STUDY\Website-projects\Talksy-chat-app\Backend\apache-tomcat-10.1.52\apache-tomcat-10.1.52\conf\logging.properties
15-Mar-2026 12:53:01.560 INFO [main] org.apache.catalina.startup.VersionLoggerListener.log Command line argument: -Djava.util.logging.manager=org.apache.juli.ClassLoaderLogManager
15-Mar-2026 12:53:01.560 INFO [main] org.apache.catalina.startup.VersionLoggerListener.log Command line argument: -Djdk.tls.ephemeralDHKeySize=2048
15-Mar-2026 12:53:01.560 INFO [main] org.apache.catalina.startup.VersionLoggerListener.log Command line argument: -Djava.protocol.handler.pkgs=org.apache.catalina.webresources
15-Mar-2026 12:53:01.561 INFO [main] org.apache.catalina.startup.VersionLoggerListener.log Command line argument: -Dsun.io.useCanonCaches=false
15-Mar-2026 12:53:01.561 INFO [main] org.apache.catalina.startup.VersionLoggerListener.log Command line argument: --add-opens=java.base/java.lang=ALL-UNNAMED
15-Mar-2026 12:53:01.561 INFO [main] org.apache.catalina.startup.VersionLoggerListener.log Command line argument: --add-opens=java.base/java.lang.reflect=ALL-UNNAMED
15-Mar-2026 12:53:01.562 INFO [main] org.apache.catalina.startup.VersionLoggerListener.log Command line argument: --add-opens=java.base/java.io=ALL-UNNAMED
15-Mar-2026 12:53:01.562 INFO [main] org.apache.catalina.startup.VersionLoggerListener.log Command line argument: --add-opens=java.base/java.util=ALL-UNNAMED
15-Mar-2026 12:53:01.562 INFO [main] org.apache.catalina.startup.VersionLoggerListener.log Command line argument: --add-opens=java.base/java.util.concurrent=ALL-UNNAMED
15-Mar-2026 12:53:01.562 INFO [main] org.apache.catalina.startup.VersionLoggerListener.log Command line argument: --add-opens=java.rmi/sun.rmi.transport=ALL-UNNAMED
15-Mar-2026 12:53:01.563 INFO [main] org.apache.catalina.startup.VersionLoggerListener.log Command line argument: -Dcatalina.base=D:\STUDY\Website-projects\Talksy-chat-app\Backend\apache-tomcat-10.1.52\apache-tomcat-10.1.52
15-Mar-2026 12:53:01.563 INFO [main] org.apache.catalina.startup.VersionLoggerListener.log Command line argument: -Dcatalina.home=D:\STUDY\Website-projects\Talksy-chat-app\Backend\apache-tomcat-10.1.52\apache-tomcat-10.1.52
15-Mar-2026 12:53:01.563 INFO [main] org.apache.catalina.startup.VersionLoggerListener.log Command line argument: -Djava.io.tmpdir=D:\STUDY\Website-projects\Talksy-chat-app\Backend\apache-tomcat-10.1.52\apache-tomcat-10.1.52\temp
15-Mar-2026 12:53:01.575 INFO [main] org.apache.catalina.core.AprLifecycleListener.lifecycleEvent The Apache Tomcat Native library which allows using OpenSSL was not found on the java.library.path: [C:\Program Files\Java\jdk-25.0.2\bin;C:\WINDOWS\Sun\Java\bin;C:\WINDOWS\system32;C:\WINDOWS;C:\Program Files\Common Files\Oracle\Java\javapath;C:\WINDOWS\system32;C:\WINDOWS;C:\WINDOWS\System32\Wbem;C:\WINDOWS\System32\WindowsPowerShell\v1.0\;C:\WINDOWS\System32\OpenSSH\;C:\ProgramData\chocolatey\bin;C:\Program Files (x86)\Microsoft SQL Server\100\Tools\Binn\;C:\Program Files\Microsoft SQL Server\100\Tools\Binn\;C:\Program Files\Microsoft SQL Server\100\DTS\Binn\;C:\Program Files\nodejs\;C:\Program Files\Java\jdk-25.0.2\bin;C:\Program Files\MySQL\MySQL Shell 8.0\bin\;C:\Users\HP\AppData\Local\Microsoft\WindowsApps;C:\Users\HP\AppData\Local\Programs\Microsoft VS Code\bin;C:\Users\HP\AppData\Local\Programs\Antigravity\bin;C:\Users\HP\AppData\Roaming\npm;.]
15-Mar-2026 12:53:01.941 INFO [main] org.apache.coyote.AbstractProtocol.init Initializing ProtocolHandler ["http-nio-8080"]
15-Mar-2026 12:53:01.975 INFO [main] org.apache.catalina.startup.Catalina.load Server initialization in [571] milliseconds
15-Mar-2026 12:53:02.025 INFO [main] org.apache.catalina.core.StandardService.startInternal Starting service [Catalina]
15-Mar-2026 12:53:02.025 INFO [main] org.apache.catalina.core.StandardEngine.startInternal Starting Servlet engine: [Apache Tomcat/10.1.52]
15-Mar-2026 12:53:02.040 INFO [main] org.apache.catalina.startup.HostConfig.deployDirectory Deploying web application directory [D:\STUDY\Website-projects\Talksy-chat-app\Backend\apache-tomcat-10.1.52\apache-tomcat-10.1.52\webapps\chatapp]
15-Mar-2026 12:53:02.718 INFO [main] org.apache.jasper.servlet.TldScanner.scanJars At least one JAR was scanned for TLDs yet contained no TLDs. Enable debug logging for this logger for a complete list of JARs that were scanned but no TLDs were found in them. Skipping unneeded JARs during scanning can improve startup time and JSP compilation time.
15-Mar-2026 12:53:02.786 INFO [main] org.apache.catalina.startup.HostConfig.deployDirectory Deployment of web application directory [D:\STUDY\Website-projects\Talksy-chat-app\Backend\apache-tomcat-10.1.52\apache-tomcat-10.1.52\webapps\chatapp] has finished in [745] ms
15-Mar-2026 12:53:02.787 INFO [main] org.apache.catalina.startup.HostConfig.deployDirectory Deploying web application directory [D:\STUDY\Website-projects\Talksy-chat-app\Backend\apache-tomcat-10.1.52\apache-tomcat-10.1.52\webapps\docs]
15-Mar-2026 12:53:03.026 INFO [main] org.apache.jasper.servlet.TldScanner.scanJars At least one JAR was scanned for TLDs yet contained no TLDs. Enable debug logging for this logger for a complete list of JARs that were scanned but no TLDs were found in them. Skipping unneeded JARs during scanning can improve startup time and JSP compilation time.
15-Mar-2026 12:53:03.036 INFO [main] org.apache.catalina.startup.HostConfig.deployDirectory Deployment of web application directory [D:\STUDY\Website-projects\Talksy-chat-app\Backend\apache-tomcat-10.1.52\apache-tomcat-10.1.52\webapps\docs] has finished in [250] ms
15-Mar-2026 12:53:03.037 INFO [main] org.apache.catalina.startup.HostConfig.deployDirectory Deploying web application directory [D:\STUDY\Website-projects\Talksy-chat-app\Backend\apache-tomcat-10.1.52\apache-tomcat-10.1.52\webapps\examples]
15-Mar-2026 12:53:03.537 INFO [main] org.apache.jasper.servlet.TldScanner.scanJars At least one JAR was scanned for TLDs yet contained no TLDs. Enable debug logging for this logger for a complete list of JARs that were scanned but no TLDs were found in them. Skipping unneeded JARs during scanning can improve startup time and JSP compilation time.
15-Mar-2026 12:53:03.570 INFO [main] org.apache.catalina.startup.HostConfig.deployDirectory Deployment of web application directory [D:\STUDY\Website-projects\Talksy-chat-app\Backend\apache-tomcat-10.1.52\apache-tomcat-10.1.52\webapps\examples] has finished in [532] ms
15-Mar-2026 12:53:03.570 INFO [main] org.apache.catalina.startup.HostConfig.deployDirectory Deploying web application directory [D:\STUDY\Website-projects\Talksy-chat-app\Backend\apache-tomcat-10.1.52\apache-tomcat-10.1.52\webapps\host-manager]
15-Mar-2026 12:53:03.824 INFO [main] org.apache.jasper.servlet.TldScanner.scanJars At least one JAR was scanned for TLDs yet contained no TLDs. Enable debug logging for this logger for a complete list of JARs that were scanned but no TLDs were found in them. Skipping unneeded JARs during scanning can improve startup time and JSP compilation time.
15-Mar-2026 12:53:03.834 INFO [main] org.apache.catalina.startup.HostConfig.deployDirectory Deployment of web application directory [D:\STUDY\Website-projects\Talksy-chat-app\Backend\apache-tomcat-10.1.52\apache-tomcat-10.1.52\webapps\host-manager] has finished in [263] ms
15-Mar-2026 12:53:03.834 INFO [main] org.apache.catalina.startup.HostConfig.deployDirectory Deploying web application directory [D:\STUDY\Website-projects\Talksy-chat-app\Backend\apache-tomcat-10.1.52\apache-tomcat-10.1.52\webapps\manager]
15-Mar-2026 12:53:04.061 INFO [main] org.apache.jasper.servlet.TldScanner.scanJars At least one JAR was scanned for TLDs yet contained no TLDs. Enable debug logging for this logger for a complete list of JARs that were scanned but no TLDs were found in them. Skipping unneeded JARs during scanning can improve startup time and JSP compilation time.
15-Mar-2026 12:53:04.064 INFO [main] org.apache.catalina.startup.HostConfig.deployDirectory Deployment of web application directory [D:\STUDY\Website-projects\Talksy-chat-app\Backend\apache-tomcat-10.1.52\apache-tomcat-10.1.52\webapps\manager] has finished in [230] ms
15-Mar-2026 12:53:04.065 INFO [main] org.apache.catalina.startup.HostConfig.deployDirectory Deploying web application directory [D:\STUDY\Website-projects\Talksy-chat-app\Backend\apache-tomcat-10.1.52\apache-tomcat-10.1.52\webapps\ROOT]
15-Mar-2026 12:53:04.246 INFO [main] org.apache.jasper.servlet.TldScanner.scanJars At least one JAR was scanned for TLDs yet contained no TLDs. Enable debug logging for this logger for a complete list of JARs that were scanned but no TLDs were found in them. Skipping unneeded JARs during scanning can improve startup time and JSP compilation time.
15-Mar-2026 12:53:04.250 INFO [main] org.apache.catalina.startup.HostConfig.deployDirectory Deployment of web application directory [D:\STUDY\Website-projects\Talksy-chat-app\Backend\apache-tomcat-10.1.52\apache-tomcat-10.1.52\webapps\ROOT] has finished in [185] ms
15-Mar-2026 12:53:04.253 INFO [main] org.apache.coyote.AbstractProtocol.start Starting ProtocolHandler ["http-nio-8080"]
15-Mar-2026 12:53:04.282 INFO [main] org.apache.catalina.startup.Catalina.start Server startup in [2305] milliseconds
15-Mar-2026 13:19:45.312 INFO [main] org.apache.catalina.startup.VersionLoggerListener.log Server version name:   Apache Tomcat/10.1.52
15-Mar-2026 13:19:45.317 INFO [main] org.apache.catalina.startup.VersionLoggerListener.log Server built:          Jan 23 2026 19:29:07 UTC
15-Mar-2026 13:19:45.319 INFO [main] org.apache.catalina.startup.VersionLoggerListener.log Server version number: 10.1.52.0
15-Mar-2026 13:19:45.319 INFO [main] org.apache.catalina.startup.VersionLoggerListener.log OS Name:               Windows 11
15-Mar-2026 13:19:45.320 INFO [main] org.apache.catalina.startup.VersionLoggerListener.log OS Version:            10.0
15-Mar-2026 13:19:45.321 INFO [main] org.apache.catalina.startup.VersionLoggerListener.log Architecture:          amd64
15-Mar-2026 13:19:45.321 INFO [main] org.apache.catalina.startup.VersionLoggerListener.log Java Home:             C:\Program Files\Java\jdk-25.0.2
15-Mar-2026 13:19:45.322 INFO [main] org.apache.catalina.startup.VersionLoggerListener.log JVM Version:           25.0.2+10-LTS-69
15-Mar-2026 13:19:45.322 INFO [main] org.apache.catalina.startup.VersionLoggerListener.log JVM Vendor:            Oracle Corporation
15-Mar-2026 13:19:45.324 INFO [main] org.apache.catalina.startup.VersionLoggerListener.log CATALINA_BASE:         D:\STUDY\Website-projects\Talksy-chat-app\Backend\apache-tomcat-10.1.52\apache-tomcat-10.1.52
15-Mar-2026 13:19:45.324 INFO [main] org.apache.catalina.startup.VersionLoggerListener.log CATALINA_HOME:         D:\STUDY\Website-projects\Talksy-chat-app\Backend\apache-tomcat-10.1.52\apache-tomcat-10.1.52
15-Mar-2026 13:19:45.355 INFO [main] org.apache.catalina.startup.VersionLoggerListener.log Command line argument: -Djava.util.logging.config.file=D:\STUDY\Website-projects\Talksy-chat-app\Backend\apache-tomcat-10.1.52\apache-tomcat-10.1.52\conf\logging.properties
15-Mar-2026 13:19:45.356 INFO [main] org.apache.catalina.startup.VersionLoggerListener.log Command line argument: -Djava.util.logging.manager=org.apache.juli.ClassLoaderLogManager
15-Mar-2026 13:19:45.356 INFO [main] org.apache.catalina.startup.VersionLoggerListener.log Command line argument: -Djdk.tls.ephemeralDHKeySize=2048
15-Mar-2026 13:19:45.357 INFO [main] org.apache.catalina.startup.VersionLoggerListener.log Command line argument: -Djava.protocol.handler.pkgs=org.apache.catalina.webresources
15-Mar-2026 13:19:45.357 INFO [main] org.apache.catalina.startup.VersionLoggerListener.log Command line argument: -Dsun.io.useCanonCaches=false
15-Mar-2026 13:19:45.359 INFO [main] org.apache.catalina.startup.VersionLoggerListener.log Command line argument: --add-opens=java.base/java.lang=ALL-UNNAMED
15-Mar-2026 13:19:45.359 INFO [main] org.apache.catalina.startup.VersionLoggerListener.log Command line argument: --add-opens=java.base/java.lang.reflect=ALL-UNNAMED
15-Mar-2026 13:19:45.359 INFO [main] org.apache.catalina.startup.VersionLoggerListener.log Command line argument: --add-opens=java.base/java.io=ALL-UNNAMED
15-Mar-2026 13:19:45.360 INFO [main] org.apache.catalina.startup.VersionLoggerListener.log Command line argument: --add-opens=java.base/java.util=ALL-UNNAMED
15-Mar-2026 13:19:45.360 INFO [main] org.apache.catalina.startup.VersionLoggerListener.log Command line argument: --add-opens=java.base/java.util.concurrent=ALL-UNNAMED
15-Mar-2026 13:19:45.361 INFO [main] org.apache.catalina.startup.VersionLoggerListener.log Command line argument: --add-opens=java.rmi/sun.rmi.transport=ALL-UNNAMED
15-Mar-2026 13:19:45.362 INFO [main] org.apache.catalina.startup.VersionLoggerListener.log Command line argument: -Dcatalina.base=D:\STUDY\Website-projects\Talksy-chat-app\Backend\apache-tomcat-10.1.52\apache-tomcat-10.1.52
15-Mar-2026 13:19:45.362 INFO [main] org.apache.catalina.startup.VersionLoggerListener.log Command line argument: -Dcatalina.home=D:\STUDY\Website-projects\Talksy-chat-app\Backend\apache-tomcat-10.1.52\apache-tomcat-10.1.52
15-Mar-2026 13:19:45.363 INFO [main] org.apache.catalina.startup.VersionLoggerListener.log Command line argument: -Djava.io.tmpdir=D:\STUDY\Website-projects\Talksy-chat-app\Backend\apache-tomcat-10.1.52\apache-tomcat-10.1.52\temp
15-Mar-2026 13:19:45.377 INFO [main] org.apache.catalina.core.AprLifecycleListener.lifecycleEvent The Apache Tomcat Native library which allows using OpenSSL was not found on the java.library.path: [C:\Program Files\Java\jdk-25.0.2\bin;C:\WINDOWS\Sun\Java\bin;C:\WINDOWS\system32;C:\WINDOWS;C:\Program Files\Common Files\Oracle\Java\javapath;C:\WINDOWS\system32;C:\WINDOWS;C:\WINDOWS\System32\Wbem;C:\WINDOWS\System32\WindowsPowerShell\v1.0\;C:\WINDOWS\System32\OpenSSH\;C:\ProgramData\chocolatey\bin;C:\Program Files (x86)\Microsoft SQL Server\100\Tools\Binn\;C:\Program Files\Microsoft SQL Server\100\Tools\Binn\;C:\Program Files\Microsoft SQL Server\100\DTS\Binn\;C:\Program Files\nodejs\;C:\Program Files\Java\jdk-25.0.2\bin;C:\Program Files\MySQL\MySQL Shell 8.0\bin\;C:\Users\HP\AppData\Local\Microsoft\WindowsApps;C:\Users\HP\AppData\Local\Programs\Microsoft VS Code\bin;C:\Users\HP\AppData\Local\Programs\Antigravity\bin;C:\Users\HP\AppData\Roaming\npm;.]
15-Mar-2026 13:19:45.842 INFO [main] org.apache.coyote.AbstractProtocol.init Initializing ProtocolHandler ["http-nio-8080"]
15-Mar-2026 13:19:45.898 INFO [main] org.apache.catalina.startup.Catalina.load Server initialization in [846] milliseconds
15-Mar-2026 13:19:45.982 INFO [main] org.apache.catalina.core.StandardService.startInternal Starting service [Catalina]
15-Mar-2026 13:19:45.983 INFO [main] org.apache.catalina.core.StandardEngine.startInternal Starting Servlet engine: [Apache Tomcat/10.1.52]
15-Mar-2026 13:19:45.998 INFO [main] org.apache.catalina.startup.HostConfig.deployDirectory Deploying web application directory [D:\STUDY\Website-projects\Talksy-chat-app\Backend\apache-tomcat-10.1.52\apache-tomcat-10.1.52\webapps\chatapp]
15-Mar-2026 13:19:46.926 INFO [main] org.apache.jasper.servlet.TldScanner.scanJars At least one JAR was scanned for TLDs yet contained no TLDs. Enable debug logging for this logger for a complete list of JARs that were scanned but no TLDs were found in them. Skipping unneeded JARs during scanning can improve startup time and JSP compilation time.
15-Mar-2026 13:19:47.039 INFO [main] org.apache.catalina.startup.HostConfig.deployDirectory Deployment of web application directory [D:\STUDY\Website-projects\Talksy-chat-app\Backend\apache-tomcat-10.1.52\apache-tomcat-10.1.52\webapps\chatapp] has finished in [1,039] ms
15-Mar-2026 13:19:47.040 INFO [main] org.apache.catalina.startup.HostConfig.deployDirectory Deploying web application directory [D:\STUDY\Website-projects\Talksy-chat-app\Backend\apache-tomcat-10.1.52\apache-tomcat-10.1.52\webapps\docs]
15-Mar-2026 13:19:47.343 INFO [main] org.apache.jasper.servlet.TldScanner.scanJars At least one JAR was scanned for TLDs yet contained no TLDs. Enable debug logging for this logger for a complete list of JARs that were scanned but no TLDs were found in them. Skipping unneeded JARs during scanning can improve startup time and JSP compilation time.
15-Mar-2026 13:19:47.352 INFO [main] org.apache.catalina.startup.HostConfig.deployDirectory Deployment of web application directory [D:\STUDY\Website-projects\Talksy-chat-app\Backend\apache-tomcat-10.1.52\apache-tomcat-10.1.52\webapps\docs] has finished in [311] ms
15-Mar-2026 13:19:47.353 INFO [main] org.apache.catalina.startup.HostConfig.deployDirectory Deploying web application directory [D:\STUDY\Website-projects\Talksy-chat-app\Backend\apache-tomcat-10.1.52\apache-tomcat-10.1.52\webapps\examples]
15-Mar-2026 13:19:47.996 INFO [main] org.apache.jasper.servlet.TldScanner.scanJars At least one JAR was scanned for TLDs yet contained no TLDs. Enable debug logging for this logger for a complete list of JARs that were scanned but no TLDs were found in them. Skipping unneeded JARs during scanning can improve startup time and JSP compilation time.
15-Mar-2026 13:19:48.051 INFO [main] org.apache.catalina.startup.HostConfig.deployDirectory Deployment of web application directory [D:\STUDY\Website-projects\Talksy-chat-app\Backend\apache-tomcat-10.1.52\apache-tomcat-10.1.52\webapps\examples] has finished in [699] ms
15-Mar-2026 13:19:48.052 INFO [main] org.apache.catalina.startup.HostConfig.deployDirectory Deploying web application directory [D:\STUDY\Website-projects\Talksy-chat-app\Backend\apache-tomcat-10.1.52\apache-tomcat-10.1.52\webapps\host-manager]
15-Mar-2026 13:19:48.305 INFO [main] org.apache.jasper.servlet.TldScanner.scanJars At least one JAR was scanned for TLDs yet contained no TLDs. Enable debug logging for this logger for a complete list of JARs that were scanned but no TLDs were found in them. Skipping unneeded JARs during scanning can improve startup time and JSP compilation time.
15-Mar-2026 13:19:48.322 INFO [main] org.apache.catalina.startup.HostConfig.deployDirectory Deployment of web application directory [D:\STUDY\Website-projects\Talksy-chat-app\Backend\apache-tomcat-10.1.52\apache-tomcat-10.1.52\webapps\host-manager] has finished in [269] ms
15-Mar-2026 13:19:48.323 INFO [main] org.apache.catalina.startup.HostConfig.deployDirectory Deploying web application directory [D:\STUDY\Website-projects\Talksy-chat-app\Backend\apache-tomcat-10.1.52\apache-tomcat-10.1.52\webapps\manager]
15-Mar-2026 13:19:48.575 INFO [main] org.apache.jasper.servlet.TldScanner.scanJars At least one JAR was scanned for TLDs yet contained no TLDs. Enable debug logging for this logger for a complete list of JARs that were scanned but no TLDs were found in them. Skipping unneeded JARs during scanning can improve startup time and JSP compilation time.
15-Mar-2026 13:19:48.580 INFO [main] org.apache.catalina.startup.HostConfig.deployDirectory Deployment of web application directory [D:\STUDY\Website-projects\Talksy-chat-app\Backend\apache-tomcat-10.1.52\apache-tomcat-10.1.52\webapps\manager] has finished in [258] ms
15-Mar-2026 13:19:48.580 INFO [main] org.apache.catalina.startup.HostConfig.deployDirectory Deploying web application directory [D:\STUDY\Website-projects\Talksy-chat-app\Backend\apache-tomcat-10.1.52\apache-tomcat-10.1.52\webapps\ROOT]
15-Mar-2026 13:19:48.834 INFO [main] org.apache.jasper.servlet.TldScanner.scanJars At least one JAR was scanned for TLDs yet contained no TLDs. Enable debug logging for this logger for a complete list of JARs that were scanned but no TLDs were found in them. Skipping unneeded JARs during scanning can improve startup time and JSP compilation time.
15-Mar-2026 13:19:48.842 INFO [main] org.apache.catalina.startup.HostConfig.deployDirectory Deployment of web application directory [D:\STUDY\Website-projects\Talksy-chat-app\Backend\apache-tomcat-10.1.52\apache-tomcat-10.1.52\webapps\ROOT] has finished in [262] ms
15-Mar-2026 13:19:48.848 INFO [main] org.apache.coyote.AbstractProtocol.start Starting ProtocolHandler ["http-nio-8080"]
15-Mar-2026 13:19:48.914 INFO [main] org.apache.catalina.startup.Catalina.start Server startup in [3011] milliseconds
15-Mar-2026 13:35:41.571 INFO [main] org.apache.catalina.startup.VersionLoggerListener.log Server version name:   Apache Tomcat/10.1.52
15-Mar-2026 13:35:41.577 INFO [main] org.apache.catalina.startup.VersionLoggerListener.log Server built:          Jan 23 2026 19:29:07 UTC
15-Mar-2026 13:35:41.577 INFO [main] org.apache.catalina.startup.VersionLoggerListener.log Server version number: 10.1.52.0
15-Mar-2026 13:35:41.578 INFO [main] org.apache.catalina.startup.VersionLoggerListener.log OS Name:               Windows 11
15-Mar-2026 13:35:41.578 INFO [main] org.apache.catalina.startup.VersionLoggerListener.log OS Version:            10.0
15-Mar-2026 13:35:41.579 INFO [main] org.apache.catalina.startup.VersionLoggerListener.log Architecture:          amd64
15-Mar-2026 13:35:41.579 INFO [main] org.apache.catalina.startup.VersionLoggerListener.log Java Home:             C:\Program Files\Java\jdk-25.0.2
15-Mar-2026 13:35:41.580 INFO [main] org.apache.catalina.startup.VersionLoggerListener.log JVM Version:           25.0.2+10-LTS-69
15-Mar-2026 13:35:41.580 INFO [main] org.apache.catalina.startup.VersionLoggerListener.log JVM Vendor:            Oracle Corporation
15-Mar-2026 13:35:41.581 INFO [main] org.apache.catalina.startup.VersionLoggerListener.log CATALINA_BASE:         D:\STUDY\Website-projects\Talksy-chat-app\Backend\apache-tomcat-10.1.52\apache-tomcat-10.1.52
15-Mar-2026 13:35:41.581 INFO [main] org.apache.catalina.startup.VersionLoggerListener.log CATALINA_HOME:         D:\STUDY\Website-projects\Talksy-chat-app\Backend\apache-tomcat-10.1.52\apache-tomcat-10.1.52
15-Mar-2026 13:35:41.593 INFO [main] org.apache.catalina.startup.VersionLoggerListener.log Command line argument: -Djava.util.logging.config.file=D:\STUDY\Website-projects\Talksy-chat-app\Backend\apache-tomcat-10.1.52\apache-tomcat-10.1.52\conf\logging.properties
15-Mar-2026 13:35:41.593 INFO [main] org.apache.catalina.startup.VersionLoggerListener.log Command line argument: -Djava.util.logging.manager=org.apache.juli.ClassLoaderLogManager
15-Mar-2026 13:35:41.594 INFO [main] org.apache.catalina.startup.VersionLoggerListener.log Command line argument: -Djdk.tls.ephemeralDHKeySize=2048
15-Mar-2026 13:35:41.594 INFO [main] org.apache.catalina.startup.VersionLoggerListener.log Command line argument: -Djava.protocol.handler.pkgs=org.apache.catalina.webresources
15-Mar-2026 13:35:41.595 INFO [main] org.apache.catalina.startup.VersionLoggerListener.log Command line argument: -Dsun.io.useCanonCaches=false
15-Mar-2026 13:35:41.595 INFO [main] org.apache.catalina.startup.VersionLoggerListener.log Command line argument: --add-opens=java.base/java.lang=ALL-UNNAMED
15-Mar-2026 13:35:41.595 INFO [main] org.apache.catalina.startup.VersionLoggerListener.log Command line argument: --add-opens=java.base/java.lang.reflect=ALL-UNNAMED
15-Mar-2026 13:35:41.596 INFO [main] org.apache.catalina.startup.VersionLoggerListener.log Command line argument: --add-opens=java.base/java.io=ALL-UNNAMED
15-Mar-2026 13:35:41.596 INFO [main] org.apache.catalina.startup.VersionLoggerListener.log Command line argument: --add-opens=java.base/java.util=ALL-UNNAMED
15-Mar-2026 13:35:41.597 INFO [main] org.apache.catalina.startup.VersionLoggerListener.log Command line argument: --add-opens=java.base/java.util.concurrent=ALL-UNNAMED
15-Mar-2026 13:35:41.597 INFO [main] org.apache.catalina.startup.VersionLoggerListener.log Command line argument: --add-opens=java.rmi/sun.rmi.transport=ALL-UNNAMED
15-Mar-2026 13:35:41.597 INFO [main] org.apache.catalina.startup.VersionLoggerListener.log Command line argument: -Dcatalina.base=D:\STUDY\Website-projects\Talksy-chat-app\Backend\apache-tomcat-10.1.52\apache-tomcat-10.1.52
15-Mar-2026 13:35:41.598 INFO [main] org.apache.catalina.startup.VersionLoggerListener.log Command line argument: -Dcatalina.home=D:\STUDY\Website-projects\Talksy-chat-app\Backend\apache-tomcat-10.1.52\apache-tomcat-10.1.52
15-Mar-2026 13:35:41.598 INFO [main] org.apache.catalina.startup.VersionLoggerListener.log Command line argument: -Djava.io.tmpdir=D:\STUDY\Website-projects\Talksy-chat-app\Backend\apache-tomcat-10.1.52\apache-tomcat-10.1.52\temp
15-Mar-2026 13:35:41.614 INFO [main] org.apache.catalina.core.AprLifecycleListener.lifecycleEvent The Apache Tomcat Native library which allows using OpenSSL was not found on the java.library.path: [C:\Program Files\Java\jdk-25.0.2\bin;C:\WINDOWS\Sun\Java\bin;C:\WINDOWS\system32;C:\WINDOWS;C:\Program Files\Common Files\Oracle\Java\javapath;C:\WINDOWS\system32;C:\WINDOWS;C:\WINDOWS\System32\Wbem;C:\WINDOWS\System32\WindowsPowerShell\v1.0\;C:\WINDOWS\System32\OpenSSH\;C:\ProgramData\chocolatey\bin;C:\Program Files (x86)\Microsoft SQL Server\100\Tools\Binn\;C:\Program Files\Microsoft SQL Server\100\Tools\Binn\;C:\Program Files\Microsoft SQL Server\100\DTS\Binn\;C:\Program Files\nodejs\;C:\Program Files\Java\jdk-25.0.2\bin;C:\Program Files\MySQL\MySQL Shell 8.0\bin\;C:\Users\HP\AppData\Local\Microsoft\WindowsApps;C:\Users\HP\AppData\Local\Programs\Microsoft VS Code\bin;C:\Users\HP\AppData\Local\Programs\Antigravity\bin;C:\Users\HP\AppData\Roaming\npm;.]
15-Mar-2026 13:35:42.019 INFO [main] org.apache.coyote.AbstractProtocol.init Initializing ProtocolHandler ["http-nio-8080"]
15-Mar-2026 13:35:42.064 INFO [main] org.apache.catalina.startup.Catalina.load Server initialization in [674] milliseconds
15-Mar-2026 13:35:42.123 INFO [main] org.apache.catalina.core.StandardService.startInternal Starting service [Catalina]
15-Mar-2026 13:35:42.123 INFO [main] org.apache.catalina.core.StandardEngine.startInternal Starting Servlet engine: [Apache Tomcat/10.1.52]
15-Mar-2026 13:35:42.134 INFO [main] org.apache.catalina.startup.HostConfig.deployDirectory Deploying web application directory [D:\STUDY\Website-projects\Talksy-chat-app\Backend\apache-tomcat-10.1.52\apache-tomcat-10.1.52\webapps\chatapp]
15-Mar-2026 13:35:42.940 INFO [main] org.apache.jasper.servlet.TldScanner.scanJars At least one JAR was scanned for TLDs yet contained no TLDs. Enable debug logging for this logger for a complete list of JARs that were scanned but no TLDs were found in them. Skipping unneeded JARs during scanning can improve startup time and JSP compilation time.
15-Mar-2026 13:35:43.024 INFO [main] org.apache.catalina.startup.HostConfig.deployDirectory Deployment of web application directory [D:\STUDY\Website-projects\Talksy-chat-app\Backend\apache-tomcat-10.1.52\apache-tomcat-10.1.52\webapps\chatapp] has finished in [887] ms
15-Mar-2026 13:35:43.025 INFO [main] org.apache.catalina.startup.HostConfig.deployDirectory Deploying web application directory [D:\STUDY\Website-projects\Talksy-chat-app\Backend\apache-tomcat-10.1.52\apache-tomcat-10.1.52\webapps\docs]
15-Mar-2026 13:35:43.301 INFO [main] org.apache.jasper.servlet.TldScanner.scanJars At least one JAR was scanned for TLDs yet contained no TLDs. Enable debug logging for this logger for a complete list of JARs that were scanned but no TLDs were found in them. Skipping unneeded JARs during scanning can improve startup time and JSP compilation time.
15-Mar-2026 13:35:43.308 INFO [main] org.apache.catalina.startup.HostConfig.deployDirectory Deployment of web application directory [D:\STUDY\Website-projects\Talksy-chat-app\Backend\apache-tomcat-10.1.52\apache-tomcat-10.1.52\webapps\docs] has finished in [284] ms
15-Mar-2026 13:35:43.309 INFO [main] org.apache.catalina.startup.HostConfig.deployDirectory Deploying web application directory [D:\STUDY\Website-projects\Talksy-chat-app\Backend\apache-tomcat-10.1.52\apache-tomcat-10.1.52\webapps\examples]
15-Mar-2026 13:35:43.882 INFO [main] org.apache.jasper.servlet.TldScanner.scanJars At least one JAR was scanned for TLDs yet contained no TLDs. Enable debug logging for this logger for a complete list of JARs that were scanned but no TLDs were found in them. Skipping unneeded JARs during scanning can improve startup time and JSP compilation time.
15-Mar-2026 13:35:43.930 INFO [main] org.apache.catalina.startup.HostConfig.deployDirectory Deployment of web application directory [D:\STUDY\Website-projects\Talksy-chat-app\Backend\apache-tomcat-10.1.52\apache-tomcat-10.1.52\webapps\examples] has finished in [621] ms
15-Mar-2026 13:35:43.931 INFO [main] org.apache.catalina.startup.HostConfig.deployDirectory Deploying web application directory [D:\STUDY\Website-projects\Talksy-chat-app\Backend\apache-tomcat-10.1.52\apache-tomcat-10.1.52\webapps\host-manager]
15-Mar-2026 13:35:44.182 INFO [main] org.apache.jasper.servlet.TldScanner.scanJars At least one JAR was scanned for TLDs yet contained no TLDs. Enable debug logging for this logger for a complete list of JARs that were scanned but no TLDs were found in them. Skipping unneeded JARs during scanning can improve startup time and JSP compilation time.
15-Mar-2026 13:35:44.198 INFO [main] org.apache.catalina.startup.HostConfig.deployDirectory Deployment of web application directory [D:\STUDY\Website-projects\Talksy-chat-app\Backend\apache-tomcat-10.1.52\apache-tomcat-10.1.52\webapps\host-manager] has finished in [268] ms
15-Mar-2026 13:35:44.199 INFO [main] org.apache.catalina.startup.HostConfig.deployDirectory Deploying web application directory [D:\STUDY\Website-projects\Talksy-chat-app\Backend\apache-tomcat-10.1.52\apache-tomcat-10.1.52\webapps\manager]
15-Mar-2026 13:35:44.461 INFO [main] org.apache.jasper.servlet.TldScanner.scanJars At least one JAR was scanned for TLDs yet contained no TLDs. Enable debug logging for this logger for a complete list of JARs that were scanned but no TLDs were found in them. Skipping unneeded JARs during scanning can improve startup time and JSP compilation time.
15-Mar-2026 13:35:44.465 INFO [main] org.apache.catalina.startup.HostConfig.deployDirectory Deployment of web application directory [D:\STUDY\Website-projects\Talksy-chat-app\Backend\apache-tomcat-10.1.52\apache-tomcat-10.1.52\webapps\manager] has finished in [266] ms
15-Mar-2026 13:35:44.466 INFO [main] org.apache.catalina.startup.HostConfig.deployDirectory Deploying web application directory [D:\STUDY\Website-projects\Talksy-chat-app\Backend\apache-tomcat-10.1.52\apache-tomcat-10.1.52\webapps\ROOT]
15-Mar-2026 13:35:44.682 INFO [main] org.apache.jasper.servlet.TldScanner.scanJars At least one JAR was scanned for TLDs yet contained no TLDs. Enable debug logging for this logger for a complete list of JARs that were scanned but no TLDs were found in them. Skipping unneeded JARs during scanning can improve startup time and JSP compilation time.
15-Mar-2026 13:35:44.687 INFO [main] org.apache.catalina.startup.HostConfig.deployDirectory Deployment of web application directory [D:\STUDY\Website-projects\Talksy-chat-app\Backend\apache-tomcat-10.1.52\apache-tomcat-10.1.52\webapps\ROOT] has finished in [221] ms
15-Mar-2026 13:35:44.691 INFO [main] org.apache.coyote.AbstractProtocol.start Starting ProtocolHandler ["http-nio-8080"]
15-Mar-2026 13:35:44.757 INFO [main] org.apache.catalina.startup.Catalina.start Server startup in [2689] milliseconds
15-Mar-2026 15:28:04.523 INFO [main] org.apache.catalina.startup.VersionLoggerListener.log Server version name:   Apache Tomcat/10.1.52
15-Mar-2026 15:28:04.527 INFO [main] org.apache.catalina.startup.VersionLoggerListener.log Server built:          Jan 23 2026 19:29:07 UTC
15-Mar-2026 15:28:04.529 INFO [main] org.apache.catalina.startup.VersionLoggerListener.log Server version number: 10.1.52.0
15-Mar-2026 15:28:04.529 INFO [main] org.apache.catalina.startup.VersionLoggerListener.log OS Name:               Windows 11
15-Mar-2026 15:28:04.530 INFO [main] org.apache.catalina.startup.VersionLoggerListener.log OS Version:            10.0
15-Mar-2026 15:28:04.530 INFO [main] org.apache.catalina.startup.VersionLoggerListener.log Architecture:          amd64
15-Mar-2026 15:28:04.530 INFO [main] org.apache.catalina.startup.VersionLoggerListener.log Java Home:             C:\Program Files\Java\jdk-25.0.2
15-Mar-2026 15:28:04.530 INFO [main] org.apache.catalina.startup.VersionLoggerListener.log JVM Version:           25.0.2+10-LTS-69
15-Mar-2026 15:28:04.531 INFO [main] org.apache.catalina.startup.VersionLoggerListener.log JVM Vendor:            Oracle Corporation
15-Mar-2026 15:28:04.531 INFO [main] org.apache.catalina.startup.VersionLoggerListener.log CATALINA_BASE:         D:\STUDY\Website-projects\Talksy-chat-app\Backend\apache-tomcat-10.1.52\apache-tomcat-10.1.52
15-Mar-2026 15:28:04.531 INFO [main] org.apache.catalina.startup.VersionLoggerListener.log CATALINA_HOME:         D:\STUDY\Website-projects\Talksy-chat-app\Backend\apache-tomcat-10.1.52\apache-tomcat-10.1.52
15-Mar-2026 15:28:04.539 INFO [main] org.apache.catalina.startup.VersionLoggerListener.log Command line argument: -Djava.util.logging.config.file=D:\STUDY\Website-projects\Talksy-chat-app\Backend\apache-tomcat-10.1.52\apache-tomcat-10.1.52\conf\logging.properties
15-Mar-2026 15:28:04.539 INFO [main] org.apache.catalina.startup.VersionLoggerListener.log Command line argument: -Djava.util.logging.manager=org.apache.juli.ClassLoaderLogManager
15-Mar-2026 15:28:04.540 INFO [main] org.apache.catalina.startup.VersionLoggerListener.log Command line argument: -Djdk.tls.ephemeralDHKeySize=2048
15-Mar-2026 15:28:04.540 INFO [main] org.apache.catalina.startup.VersionLoggerListener.log Command line argument: -Djava.protocol.handler.pkgs=org.apache.catalina.webresources
15-Mar-2026 15:28:04.540 INFO [main] org.apache.catalina.startup.VersionLoggerListener.log Command line argument: -Dsun.io.useCanonCaches=false
15-Mar-2026 15:28:04.541 INFO [main] org.apache.catalina.startup.VersionLoggerListener.log Command line argument: --add-opens=java.base/java.lang=ALL-UNNAMED
15-Mar-2026 15:28:04.541 INFO [main] org.apache.catalina.startup.VersionLoggerListener.log Command line argument: --add-opens=java.base/java.lang.reflect=ALL-UNNAMED
15-Mar-2026 15:28:04.541 INFO [main] org.apache.catalina.startup.VersionLoggerListener.log Command line argument: --add-opens=java.base/java.io=ALL-UNNAMED
15-Mar-2026 15:28:04.542 INFO [main] org.apache.catalina.startup.VersionLoggerListener.log Command line argument: --add-opens=java.base/java.util=ALL-UNNAMED
15-Mar-2026 15:28:04.542 INFO [main] org.apache.catalina.startup.VersionLoggerListener.log Command line argument: --add-opens=java.base/java.util.concurrent=ALL-UNNAMED
15-Mar-2026 15:28:04.542 INFO [main] org.apache.catalina.startup.VersionLoggerListener.log Command line argument: --add-opens=java.rmi/sun.rmi.transport=ALL-UNNAMED
15-Mar-2026 15:28:04.542 INFO [main] org.apache.catalina.startup.VersionLoggerListener.log Command line argument: -Dcatalina.base=D:\STUDY\Website-projects\Talksy-chat-app\Backend\apache-tomcat-10.1.52\apache-tomcat-10.1.52
15-Mar-2026 15:28:04.542 INFO [main] org.apache.catalina.startup.VersionLoggerListener.log Command line argument: -Dcatalina.home=D:\STUDY\Website-projects\Talksy-chat-app\Backend\apache-tomcat-10.1.52\apache-tomcat-10.1.52
15-Mar-2026 15:28:04.543 INFO [main] org.apache.catalina.startup.VersionLoggerListener.log Command line argument: -Djava.io.tmpdir=D:\STUDY\Website-projects\Talksy-chat-app\Backend\apache-tomcat-10.1.52\apache-tomcat-10.1.52\temp
15-Mar-2026 15:28:04.551 INFO [main] org.apache.catalina.core.AprLifecycleListener.lifecycleEvent The Apache Tomcat Native library which allows using OpenSSL was not found on the java.library.path: [C:\Program Files\Java\jdk-25.0.2\bin;C:\WINDOWS\Sun\Java\bin;C:\WINDOWS\system32;C:\WINDOWS;C:\Program Files\Common Files\Oracle\Java\javapath;C:\WINDOWS\system32;C:\WINDOWS;C:\WINDOWS\System32\Wbem;C:\WINDOWS\System32\WindowsPowerShell\v1.0\;C:\WINDOWS\System32\OpenSSH\;C:\ProgramData\chocolatey\bin;C:\Program Files (x86)\Microsoft SQL Server\100\Tools\Binn\;C:\Program Files\Microsoft SQL Server\100\Tools\Binn\;C:\Program Files\Microsoft SQL Server\100\DTS\Binn\;C:\Program Files\nodejs\;C:\Program Files\Java\jdk-25.0.2\bin;C:\Program Files\MySQL\MySQL Shell 8.0\bin\;C:\Users\HP\AppData\Local\Microsoft\WindowsApps;C:\Users\HP\AppData\Local\Programs\Microsoft VS Code\bin;C:\Users\HP\AppData\Local\Programs\Antigravity\bin;C:\Users\HP\AppData\Roaming\npm;.]
15-Mar-2026 15:28:04.846 INFO [main] org.apache.coyote.AbstractProtocol.init Initializing ProtocolHandler ["http-nio-8080"]
15-Mar-2026 15:28:04.878 INFO [main] org.apache.catalina.startup.Catalina.load Server initialization in [489] milliseconds
15-Mar-2026 15:28:04.943 INFO [main] org.apache.catalina.core.StandardService.startInternal Starting service [Catalina]
15-Mar-2026 15:28:04.943 INFO [main] org.apache.catalina.core.StandardEngine.startInternal Starting Servlet engine: [Apache Tomcat/10.1.52]
15-Mar-2026 15:28:04.953 INFO [main] org.apache.catalina.startup.HostConfig.deployDirectory Deploying web application directory [D:\STUDY\Website-projects\Talksy-chat-app\Backend\apache-tomcat-10.1.52\apache-tomcat-10.1.52\webapps\chatapp]
15-Mar-2026 15:28:05.579 INFO [main] org.apache.jasper.servlet.TldScanner.scanJars At least one JAR was scanned for TLDs yet contained no TLDs. Enable debug logging for this logger for a complete list of JARs that were scanned but no TLDs were found in them. Skipping unneeded JARs during scanning can improve startup time and JSP compilation time.
15-Mar-2026 15:28:05.658 INFO [main] org.apache.catalina.startup.HostConfig.deployDirectory Deployment of web application directory [D:\STUDY\Website-projects\Talksy-chat-app\Backend\apache-tomcat-10.1.52\apache-tomcat-10.1.52\webapps\chatapp] has finished in [694] ms
15-Mar-2026 15:28:05.659 INFO [main] org.apache.catalina.startup.HostConfig.deployDirectory Deploying web application directory [D:\STUDY\Website-projects\Talksy-chat-app\Backend\apache-tomcat-10.1.52\apache-tomcat-10.1.52\webapps\docs]
15-Mar-2026 15:28:05.891 INFO [main] org.apache.jasper.servlet.TldScanner.scanJars At least one JAR was scanned for TLDs yet contained no TLDs. Enable debug logging for this logger for a complete list of JARs that were scanned but no TLDs were found in them. Skipping unneeded JARs during scanning can improve startup time and JSP compilation time.
15-Mar-2026 15:28:05.896 INFO [main] org.apache.catalina.startup.HostConfig.deployDirectory Deployment of web application directory [D:\STUDY\Website-projects\Talksy-chat-app\Backend\apache-tomcat-10.1.52\apache-tomcat-10.1.52\webapps\docs] has finished in [237] ms
15-Mar-2026 15:28:05.896 INFO [main] org.apache.catalina.startup.HostConfig.deployDirectory Deploying web application directory [D:\STUDY\Website-projects\Talksy-chat-app\Backend\apache-tomcat-10.1.52\apache-tomcat-10.1.52\webapps\examples]
15-Mar-2026 15:28:06.420 INFO [main] org.apache.jasper.servlet.TldScanner.scanJars At least one JAR was scanned for TLDs yet contained no TLDs. Enable debug logging for this logger for a complete list of JARs that were scanned but no TLDs were found in them. Skipping unneeded JARs during scanning can improve startup time and JSP compilation time.
15-Mar-2026 15:28:06.451 INFO [main] org.apache.catalina.startup.HostConfig.deployDirectory Deployment of web application directory [D:\STUDY\Website-projects\Talksy-chat-app\Backend\apache-tomcat-10.1.52\apache-tomcat-10.1.52\webapps\examples] has finished in [555] ms
15-Mar-2026 15:28:06.452 INFO [main] org.apache.catalina.startup.HostConfig.deployDirectory Deploying web application directory [D:\STUDY\Website-projects\Talksy-chat-app\Backend\apache-tomcat-10.1.52\apache-tomcat-10.1.52\webapps\host-manager]
15-Mar-2026 15:28:06.680 INFO [main] org.apache.jasper.servlet.TldScanner.scanJars At least one JAR was scanned for TLDs yet contained no TLDs. Enable debug logging for this logger for a complete list of JARs that were scanned but no TLDs were found in them. Skipping unneeded JARs during scanning can improve startup time and JSP compilation time.
15-Mar-2026 15:28:06.695 INFO [main] org.apache.catalina.startup.HostConfig.deployDirectory Deployment of web application directory [D:\STUDY\Website-projects\Talksy-chat-app\Backend\apache-tomcat-10.1.52\apache-tomcat-10.1.52\webapps\host-manager] has finished in [242] ms
15-Mar-2026 15:28:06.695 INFO [main] org.apache.catalina.startup.HostConfig.deployDirectory Deploying web application directory [D:\STUDY\Website-projects\Talksy-chat-app\Backend\apache-tomcat-10.1.52\apache-tomcat-10.1.52\webapps\manager]
15-Mar-2026 15:28:06.923 INFO [main] org.apache.jasper.servlet.TldScanner.scanJars At least one JAR was scanned for TLDs yet contained no TLDs. Enable debug logging for this logger for a complete list of JARs that were scanned but no TLDs were found in them. Skipping unneeded JARs during scanning can improve startup time and JSP compilation time.
15-Mar-2026 15:28:06.927 INFO [main] org.apache.catalina.startup.HostConfig.deployDirectory Deployment of web application directory [D:\STUDY\Website-projects\Talksy-chat-app\Backend\apache-tomcat-10.1.52\apache-tomcat-10.1.52\webapps\manager] has finished in [232] ms
15-Mar-2026 15:28:06.928 INFO [main] org.apache.catalina.startup.HostConfig.deployDirectory Deploying web application directory [D:\STUDY\Website-projects\Talksy-chat-app\Backend\apache-tomcat-10.1.52\apache-tomcat-10.1.52\webapps\ROOT]
15-Mar-2026 15:28:07.109 INFO [main] org.apache.jasper.servlet.TldScanner.scanJars At least one JAR was scanned for TLDs yet contained no TLDs. Enable debug logging for this logger for a complete list of JARs that were scanned but no TLDs were found in them. Skipping unneeded JARs during scanning can improve startup time and JSP compilation time.
15-Mar-2026 15:28:07.113 INFO [main] org.apache.catalina.startup.HostConfig.deployDirectory Deployment of web application directory [D:\STUDY\Website-projects\Talksy-chat-app\Backend\apache-tomcat-10.1.52\apache-tomcat-10.1.52\webapps\ROOT] has finished in [185] ms
15-Mar-2026 15:28:07.117 INFO [main] org.apache.coyote.AbstractProtocol.start Starting ProtocolHandler ["http-nio-8080"]
15-Mar-2026 15:28:07.148 INFO [main] org.apache.catalina.startup.Catalina.start Server startup in [2268] milliseconds
15-Mar-2026 15:30:35.920 SEVERE [http-nio-8080-exec-8] org.apache.tomcat.websocket.pojo.PojoEndpointBase.onError No error handling configured for [ChatServer] and the following error occurred
	java.lang.NullPointerException: Cannot invoke "String.split(String)" because the return value of "jakarta.websocket.Session.getQueryString()" is null
		at ChatServer.onOpen(ChatServer.java:55)
		at java.base/jdk.internal.reflect.DirectMethodHandleAccessor.invoke(DirectMethodHandleAccessor.java:104)
		at java.base/java.lang.reflect.Method.invoke(Method.java:565)
		at org.apache.tomcat.websocket.pojo.PojoEndpointBase.doOnOpen(PojoEndpointBase.java:67)
		at org.apache.tomcat.websocket.pojo.PojoEndpointServer.onOpen(PojoEndpointServer.java:46)
		at org.apache.tomcat.websocket.server.WsHttpUpgradeHandler.init(WsHttpUpgradeHandler.java:131)
		at org.apache.coyote.AbstractProtocol$ConnectionHandler.process(AbstractProtocol.java:945)
		at org.apache.tomcat.util.net.NioEndpoint$SocketProcessor.doRun(NioEndpoint.java:1775)
		at org.apache.tomcat.util.net.SocketProcessorBase.run(SocketProcessorBase.java:52)
		at org.apache.tomcat.util.threads.ThreadPoolExecutor.runWorker(ThreadPoolExecutor.java:973)
		at org.apache.tomcat.util.threads.ThreadPoolExecutor$Worker.run(ThreadPoolExecutor.java:491)
		at org.apache.tomcat.util.threads.TaskThread$WrappingRunnable.run(TaskThread.java:63)
		at java.base/java.lang.Thread.run(Thread.java:1474)
15-Mar-2026 15:30:42.792 SEVERE [http-nio-8080-exec-4] org.apache.tomcat.websocket.pojo.PojoEndpointBase.onError No error handling configured for [ChatServer] and the following error occurred
	java.lang.NullPointerException: Cannot invoke "String.split(String)" because the return value of "jakarta.websocket.Session.getQueryString()" is null
		at ChatServer.onOpen(ChatServer.java:55)
		at java.base/jdk.internal.reflect.DirectMethodHandleAccessor.invoke(DirectMethodHandleAccessor.java:104)
		at java.base/java.lang.reflect.Method.invoke(Method.java:565)
		at org.apache.tomcat.websocket.pojo.PojoEndpointBase.doOnOpen(PojoEndpointBase.java:67)
		at org.apache.tomcat.websocket.pojo.PojoEndpointServer.onOpen(PojoEndpointServer.java:46)
		at org.apache.tomcat.websocket.server.WsHttpUpgradeHandler.init(WsHttpUpgradeHandler.java:131)
		at org.apache.coyote.AbstractProtocol$ConnectionHandler.process(AbstractProtocol.java:945)
		at org.apache.tomcat.util.net.NioEndpoint$SocketProcessor.doRun(NioEndpoint.java:1775)
		at org.apache.tomcat.util.net.SocketProcessorBase.run(SocketProcessorBase.java:52)
		at org.apache.tomcat.util.threads.ThreadPoolExecutor.runWorker(ThreadPoolExecutor.java:973)
		at org.apache.tomcat.util.threads.ThreadPoolExecutor$Worker.run(ThreadPoolExecutor.java:491)
		at org.apache.tomcat.util.threads.TaskThread$WrappingRunnable.run(TaskThread.java:63)
		at java.base/java.lang.Thread.run(Thread.java:1474)
15-Mar-2026 15:30:43.427 SEVERE [http-nio-8080-exec-8] org.apache.tomcat.websocket.pojo.PojoEndpointBase.onError No error handling configured for [ChatServer] and the following error occurred
	java.lang.NullPointerException: Cannot invoke "String.split(String)" because the return value of "jakarta.websocket.Session.getQueryString()" is null
		at ChatServer.onOpen(ChatServer.java:55)
		at java.base/jdk.internal.reflect.DirectMethodHandleAccessor.invoke(DirectMethodHandleAccessor.java:104)
		at java.base/java.lang.reflect.Method.invoke(Method.java:565)
		at org.apache.tomcat.websocket.pojo.PojoEndpointBase.doOnOpen(PojoEndpointBase.java:67)
		at org.apache.tomcat.websocket.pojo.PojoEndpointServer.onOpen(PojoEndpointServer.java:46)
		at org.apache.tomcat.websocket.server.WsHttpUpgradeHandler.init(WsHttpUpgradeHandler.java:131)
		at org.apache.coyote.AbstractProtocol$ConnectionHandler.process(AbstractProtocol.java:945)
		at org.apache.tomcat.util.net.NioEndpoint$SocketProcessor.doRun(NioEndpoint.java:1775)
		at org.apache.tomcat.util.net.SocketProcessorBase.run(SocketProcessorBase.java:52)
		at org.apache.tomcat.util.threads.ThreadPoolExecutor.runWorker(ThreadPoolExecutor.java:973)
		at org.apache.tomcat.util.threads.ThreadPoolExecutor$Worker.run(ThreadPoolExecutor.java:491)
		at org.apache.tomcat.util.threads.TaskThread$WrappingRunnable.run(TaskThread.java:63)
		at java.base/java.lang.Thread.run(Thread.java:1474)
15-Mar-2026 15:30:43.663 SEVERE [http-nio-8080-exec-9] org.apache.tomcat.websocket.pojo.PojoEndpointBase.onError No error handling configured for [ChatServer] and the following error occurred
	java.lang.NullPointerException: Cannot invoke "String.split(String)" because the return value of "jakarta.websocket.Session.getQueryString()" is null
		at ChatServer.onOpen(ChatServer.java:55)
		at java.base/jdk.internal.reflect.DirectMethodHandleAccessor.invoke(DirectMethodHandleAccessor.java:104)
		at java.base/java.lang.reflect.Method.invoke(Method.java:565)
		at org.apache.tomcat.websocket.pojo.PojoEndpointBase.doOnOpen(PojoEndpointBase.java:67)
		at org.apache.tomcat.websocket.pojo.PojoEndpointServer.onOpen(PojoEndpointServer.java:46)
		at org.apache.tomcat.websocket.server.WsHttpUpgradeHandler.init(WsHttpUpgradeHandler.java:131)
		at org.apache.coyote.AbstractProtocol$ConnectionHandler.process(AbstractProtocol.java:945)
		at org.apache.tomcat.util.net.NioEndpoint$SocketProcessor.doRun(NioEndpoint.java:1775)
		at org.apache.tomcat.util.net.SocketProcessorBase.run(SocketProcessorBase.java:52)
		at org.apache.tomcat.util.threads.ThreadPoolExecutor.runWorker(ThreadPoolExecutor.java:973)
		at org.apache.tomcat.util.threads.ThreadPoolExecutor$Worker.run(ThreadPoolExecutor.java:491)
		at org.apache.tomcat.util.threads.TaskThread$WrappingRunnable.run(TaskThread.java:63)
		at java.base/java.lang.Thread.run(Thread.java:1474)
15-Mar-2026 15:30:43.847 SEVERE [http-nio-8080-exec-5] org.apache.tomcat.websocket.pojo.PojoEndpointBase.onError No error handling configured for [ChatServer] and the following error occurred
	java.lang.NullPointerException: Cannot invoke "String.split(String)" because the return value of "jakarta.websocket.Session.getQueryString()" is null
		at ChatServer.onOpen(ChatServer.java:55)
		at java.base/jdk.internal.reflect.DirectMethodHandleAccessor.invoke(DirectMethodHandleAccessor.java:104)
		at java.base/java.lang.reflect.Method.invoke(Method.java:565)
		at org.apache.tomcat.websocket.pojo.PojoEndpointBase.doOnOpen(PojoEndpointBase.java:67)
		at org.apache.tomcat.websocket.pojo.PojoEndpointServer.onOpen(PojoEndpointServer.java:46)
		at org.apache.tomcat.websocket.server.WsHttpUpgradeHandler.init(WsHttpUpgradeHandler.java:131)
		at org.apache.coyote.AbstractProtocol$ConnectionHandler.process(AbstractProtocol.java:945)
		at org.apache.tomcat.util.net.NioEndpoint$SocketProcessor.doRun(NioEndpoint.java:1775)
		at org.apache.tomcat.util.net.SocketProcessorBase.run(SocketProcessorBase.java:52)
		at org.apache.tomcat.util.threads.ThreadPoolExecutor.runWorker(ThreadPoolExecutor.java:973)
		at org.apache.tomcat.util.threads.ThreadPoolExecutor$Worker.run(ThreadPoolExecutor.java:491)
		at org.apache.tomcat.util.threads.TaskThread$WrappingRunnable.run(TaskThread.java:63)
		at java.base/java.lang.Thread.run(Thread.java:1474)
15-Mar-2026 15:30:44.036 SEVERE [http-nio-8080-exec-7] org.apache.tomcat.websocket.pojo.PojoEndpointBase.onError No error handling configured for [ChatServer] and the following error occurred
	java.lang.NullPointerException: Cannot invoke "String.split(String)" because the return value of "jakarta.websocket.Session.getQueryString()" is null
		at ChatServer.onOpen(ChatServer.java:55)
		at java.base/jdk.internal.reflect.DirectMethodHandleAccessor.invoke(DirectMethodHandleAccessor.java:104)
		at java.base/java.lang.reflect.Method.invoke(Method.java:565)
		at org.apache.tomcat.websocket.pojo.PojoEndpointBase.doOnOpen(PojoEndpointBase.java:67)
		at org.apache.tomcat.websocket.pojo.PojoEndpointServer.onOpen(PojoEndpointServer.java:46)
		at org.apache.tomcat.websocket.server.WsHttpUpgradeHandler.init(WsHttpUpgradeHandler.java:131)
		at org.apache.coyote.AbstractProtocol$ConnectionHandler.process(AbstractProtocol.java:945)
		at org.apache.tomcat.util.net.NioEndpoint$SocketProcessor.doRun(NioEndpoint.java:1775)
		at org.apache.tomcat.util.net.SocketProcessorBase.run(SocketProcessorBase.java:52)
		at org.apache.tomcat.util.threads.ThreadPoolExecutor.runWorker(ThreadPoolExecutor.java:973)
		at org.apache.tomcat.util.threads.ThreadPoolExecutor$Worker.run(ThreadPoolExecutor.java:491)
		at org.apache.tomcat.util.threads.TaskThread$WrappingRunnable.run(TaskThread.java:63)
		at java.base/java.lang.Thread.run(Thread.java:1474)
15-Mar-2026 15:30:54.697 SEVERE [http-nio-8080-exec-9] org.apache.tomcat.websocket.pojo.PojoEndpointBase.onError No error handling configured for [ChatServer] and the following error occurred
	java.lang.NullPointerException: Cannot invoke "String.split(String)" because the return value of "jakarta.websocket.Session.getQueryString()" is null
		at ChatServer.onOpen(ChatServer.java:55)
		at java.base/jdk.internal.reflect.DirectMethodHandleAccessor.invoke(DirectMethodHandleAccessor.java:104)
		at java.base/java.lang.reflect.Method.invoke(Method.java:565)
		at org.apache.tomcat.websocket.pojo.PojoEndpointBase.doOnOpen(PojoEndpointBase.java:67)
		at org.apache.tomcat.websocket.pojo.PojoEndpointServer.onOpen(PojoEndpointServer.java:46)
		at org.apache.tomcat.websocket.server.WsHttpUpgradeHandler.init(WsHttpUpgradeHandler.java:131)
		at org.apache.coyote.AbstractProtocol$ConnectionHandler.process(AbstractProtocol.java:945)
		at org.apache.tomcat.util.net.NioEndpoint$SocketProcessor.doRun(NioEndpoint.java:1775)
		at org.apache.tomcat.util.net.SocketProcessorBase.run(SocketProcessorBase.java:52)
		at org.apache.tomcat.util.threads.ThreadPoolExecutor.runWorker(ThreadPoolExecutor.java:973)
		at org.apache.tomcat.util.threads.ThreadPoolExecutor$Worker.run(ThreadPoolExecutor.java:491)
		at org.apache.tomcat.util.threads.TaskThread$WrappingRunnable.run(TaskThread.java:63)
		at java.base/java.lang.Thread.run(Thread.java:1474)
15-Mar-2026 15:30:55.234 SEVERE [http-nio-8080-exec-4] org.apache.tomcat.websocket.pojo.PojoEndpointBase.onError No error handling configured for [ChatServer] and the following error occurred
	java.lang.NullPointerException: Cannot invoke "String.split(String)" because the return value of "jakarta.websocket.Session.getQueryString()" is null
		at ChatServer.onOpen(ChatServer.java:55)
		at java.base/jdk.internal.reflect.DirectMethodHandleAccessor.invoke(DirectMethodHandleAccessor.java:104)
		at java.base/java.lang.reflect.Method.invoke(Method.java:565)
		at org.apache.tomcat.websocket.pojo.PojoEndpointBase.doOnOpen(PojoEndpointBase.java:67)
		at org.apache.tomcat.websocket.pojo.PojoEndpointServer.onOpen(PojoEndpointServer.java:46)
		at org.apache.tomcat.websocket.server.WsHttpUpgradeHandler.init(WsHttpUpgradeHandler.java:131)
		at org.apache.coyote.AbstractProtocol$ConnectionHandler.process(AbstractProtocol.java:945)
		at org.apache.tomcat.util.net.NioEndpoint$SocketProcessor.doRun(NioEndpoint.java:1775)
		at org.apache.tomcat.util.net.SocketProcessorBase.run(SocketProcessorBase.java:52)
		at org.apache.tomcat.util.threads.ThreadPoolExecutor.runWorker(ThreadPoolExecutor.java:973)
		at org.apache.tomcat.util.threads.ThreadPoolExecutor$Worker.run(ThreadPoolExecutor.java:491)
		at org.apache.tomcat.util.threads.TaskThread$WrappingRunnable.run(TaskThread.java:63)
		at java.base/java.lang.Thread.run(Thread.java:1474)
15-Mar-2026 15:31:02.757 SEVERE [http-nio-8080-exec-10] org.apache.tomcat.websocket.pojo.PojoEndpointBase.onError No error handling configured for [ChatServer] and the following error occurred
	java.lang.NullPointerException: Cannot invoke "String.split(String)" because the return value of "jakarta.websocket.Session.getQueryString()" is null
		at ChatServer.onOpen(ChatServer.java:55)
		at java.base/jdk.internal.reflect.DirectMethodHandleAccessor.invoke(DirectMethodHandleAccessor.java:104)
		at java.base/java.lang.reflect.Method.invoke(Method.java:565)
		at org.apache.tomcat.websocket.pojo.PojoEndpointBase.doOnOpen(PojoEndpointBase.java:67)
		at org.apache.tomcat.websocket.pojo.PojoEndpointServer.onOpen(PojoEndpointServer.java:46)
		at org.apache.tomcat.websocket.server.WsHttpUpgradeHandler.init(WsHttpUpgradeHandler.java:131)
		at org.apache.coyote.AbstractProtocol$ConnectionHandler.process(AbstractProtocol.java:945)
		at org.apache.tomcat.util.net.NioEndpoint$SocketProcessor.doRun(NioEndpoint.java:1775)
		at org.apache.tomcat.util.net.SocketProcessorBase.run(SocketProcessorBase.java:52)
		at org.apache.tomcat.util.threads.ThreadPoolExecutor.runWorker(ThreadPoolExecutor.java:973)
		at org.apache.tomcat.util.threads.ThreadPoolExecutor$Worker.run(ThreadPoolExecutor.java:491)
		at org.apache.tomcat.util.threads.TaskThread$WrappingRunnable.run(TaskThread.java:63)
		at java.base/java.lang.Thread.run(Thread.java:1474)
15-Mar-2026 15:31:04.258 SEVERE [http-nio-8080-exec-8] org.apache.tomcat.websocket.pojo.PojoEndpointBase.onError No error handling configured for [ChatServer] and the following error occurred
	java.lang.NullPointerException: Cannot invoke "String.split(String)" because the return value of "jakarta.websocket.Session.getQueryString()" is null
		at ChatServer.onOpen(ChatServer.java:55)
		at java.base/jdk.internal.reflect.DirectMethodHandleAccessor.invoke(DirectMethodHandleAccessor.java:104)
		at java.base/java.lang.reflect.Method.invoke(Method.java:565)
		at org.apache.tomcat.websocket.pojo.PojoEndpointBase.doOnOpen(PojoEndpointBase.java:67)
		at org.apache.tomcat.websocket.pojo.PojoEndpointServer.onOpen(PojoEndpointServer.java:46)
		at org.apache.tomcat.websocket.server.WsHttpUpgradeHandler.init(WsHttpUpgradeHandler.java:131)
		at org.apache.coyote.AbstractProtocol$ConnectionHandler.process(AbstractProtocol.java:945)
		at org.apache.tomcat.util.net.NioEndpoint$SocketProcessor.doRun(NioEndpoint.java:1775)
		at org.apache.tomcat.util.net.SocketProcessorBase.run(SocketProcessorBase.java:52)
		at org.apache.tomcat.util.threads.ThreadPoolExecutor.runWorker(ThreadPoolExecutor.java:973)
		at org.apache.tomcat.util.threads.ThreadPoolExecutor$Worker.run(ThreadPoolExecutor.java:491)
		at org.apache.tomcat.util.threads.TaskThread$WrappingRunnable.run(TaskThread.java:63)
		at java.base/java.lang.Thread.run(Thread.java:1474)
15-Mar-2026 15:31:04.574 SEVERE [http-nio-8080-exec-9] org.apache.tomcat.websocket.pojo.PojoEndpointBase.onError No error handling configured for [ChatServer] and the following error occurred
	java.lang.NullPointerException: Cannot invoke "String.split(String)" because the return value of "jakarta.websocket.Session.getQueryString()" is null
		at ChatServer.onOpen(ChatServer.java:55)
		at java.base/jdk.internal.reflect.DirectMethodHandleAccessor.invoke(DirectMethodHandleAccessor.java:104)
		at java.base/java.lang.reflect.Method.invoke(Method.java:565)
		at org.apache.tomcat.websocket.pojo.PojoEndpointBase.doOnOpen(PojoEndpointBase.java:67)
		at org.apache.tomcat.websocket.pojo.PojoEndpointServer.onOpen(PojoEndpointServer.java:46)
		at org.apache.tomcat.websocket.server.WsHttpUpgradeHandler.init(WsHttpUpgradeHandler.java:131)
		at org.apache.coyote.AbstractProtocol$ConnectionHandler.process(AbstractProtocol.java:945)
		at org.apache.tomcat.util.net.NioEndpoint$SocketProcessor.doRun(NioEndpoint.java:1775)
		at org.apache.tomcat.util.net.SocketProcessorBase.run(SocketProcessorBase.java:52)
		at org.apache.tomcat.util.threads.ThreadPoolExecutor.runWorker(ThreadPoolExecutor.java:973)
		at org.apache.tomcat.util.threads.ThreadPoolExecutor$Worker.run(ThreadPoolExecutor.java:491)
		at org.apache.tomcat.util.threads.TaskThread$WrappingRunnable.run(TaskThread.java:63)
		at java.base/java.lang.Thread.run(Thread.java:1474)
15-Mar-2026 15:31:04.720 SEVERE [http-nio-8080-exec-7] org.apache.tomcat.websocket.pojo.PojoEndpointBase.onError No error handling configured for [ChatServer] and the following error occurred
	java.lang.NullPointerException: Cannot invoke "String.split(String)" because the return value of "jakarta.websocket.Session.getQueryString()" is null
		at ChatServer.onOpen(ChatServer.java:55)
		at java.base/jdk.internal.reflect.DirectMethodHandleAccessor.invoke(DirectMethodHandleAccessor.java:104)
		at java.base/java.lang.reflect.Method.invoke(Method.java:565)
		at org.apache.tomcat.websocket.pojo.PojoEndpointBase.doOnOpen(PojoEndpointBase.java:67)
		at org.apache.tomcat.websocket.pojo.PojoEndpointServer.onOpen(PojoEndpointServer.java:46)
		at org.apache.tomcat.websocket.server.WsHttpUpgradeHandler.init(WsHttpUpgradeHandler.java:131)
		at org.apache.coyote.AbstractProtocol$ConnectionHandler.process(AbstractProtocol.java:945)
		at org.apache.tomcat.util.net.NioEndpoint$SocketProcessor.doRun(NioEndpoint.java:1775)
		at org.apache.tomcat.util.net.SocketProcessorBase.run(SocketProcessorBase.java:52)
		at org.apache.tomcat.util.threads.ThreadPoolExecutor.runWorker(ThreadPoolExecutor.java:973)
		at org.apache.tomcat.util.threads.ThreadPoolExecutor$Worker.run(ThreadPoolExecutor.java:491)
		at org.apache.tomcat.util.threads.TaskThread$WrappingRunnable.run(TaskThread.java:63)
		at java.base/java.lang.Thread.run(Thread.java:1474)
15-Mar-2026 15:31:05.000 SEVERE [http-nio-8080-exec-10] org.apache.tomcat.websocket.pojo.PojoEndpointBase.onError No error handling configured for [ChatServer] and the following error occurred
	java.lang.NullPointerException: Cannot invoke "String.split(String)" because the return value of "jakarta.websocket.Session.getQueryString()" is null
		at ChatServer.onOpen(ChatServer.java:55)
		at java.base/jdk.internal.reflect.DirectMethodHandleAccessor.invoke(DirectMethodHandleAccessor.java:104)
		at java.base/java.lang.reflect.Method.invoke(Method.java:565)
		at org.apache.tomcat.websocket.pojo.PojoEndpointBase.doOnOpen(PojoEndpointBase.java:67)
		at org.apache.tomcat.websocket.pojo.PojoEndpointServer.onOpen(PojoEndpointServer.java:46)
		at org.apache.tomcat.websocket.server.WsHttpUpgradeHandler.init(WsHttpUpgradeHandler.java:131)
		at org.apache.coyote.AbstractProtocol$ConnectionHandler.process(AbstractProtocol.java:945)
		at org.apache.tomcat.util.net.NioEndpoint$SocketProcessor.doRun(NioEndpoint.java:1775)
		at org.apache.tomcat.util.net.SocketProcessorBase.run(SocketProcessorBase.java:52)
		at org.apache.tomcat.util.threads.ThreadPoolExecutor.runWorker(ThreadPoolExecutor.java:973)
		at org.apache.tomcat.util.threads.ThreadPoolExecutor$Worker.run(ThreadPoolExecutor.java:491)
		at org.apache.tomcat.util.threads.TaskThread$WrappingRunnable.run(TaskThread.java:63)
		at java.base/java.lang.Thread.run(Thread.java:1474)
15-Mar-2026 15:31:08.479 SEVERE [http-nio-8080-exec-4] org.apache.tomcat.websocket.pojo.PojoEndpointBase.onError No error handling configured for [ChatServer] and the following error occurred
	java.lang.NullPointerException: Cannot invoke "String.split(String)" because the return value of "jakarta.websocket.Session.getQueryString()" is null
		at ChatServer.onOpen(ChatServer.java:55)
		at java.base/jdk.internal.reflect.DirectMethodHandleAccessor.invoke(DirectMethodHandleAccessor.java:104)
		at java.base/java.lang.reflect.Method.invoke(Method.java:565)
		at org.apache.tomcat.websocket.pojo.PojoEndpointBase.doOnOpen(PojoEndpointBase.java:67)
		at org.apache.tomcat.websocket.pojo.PojoEndpointServer.onOpen(PojoEndpointServer.java:46)
		at org.apache.tomcat.websocket.server.WsHttpUpgradeHandler.init(WsHttpUpgradeHandler.java:131)
		at org.apache.coyote.AbstractProtocol$ConnectionHandler.process(AbstractProtocol.java:945)
		at org.apache.tomcat.util.net.NioEndpoint$SocketProcessor.doRun(NioEndpoint.java:1775)
		at org.apache.tomcat.util.net.SocketProcessorBase.run(SocketProcessorBase.java:52)
		at org.apache.tomcat.util.threads.ThreadPoolExecutor.runWorker(ThreadPoolExecutor.java:973)
		at org.apache.tomcat.util.threads.ThreadPoolExecutor$Worker.run(ThreadPoolExecutor.java:491)
		at org.apache.tomcat.util.threads.TaskThread$WrappingRunnable.run(TaskThread.java:63)
		at java.base/java.lang.Thread.run(Thread.java:1474)
15-Mar-2026 15:31:09.262 SEVERE [http-nio-8080-exec-7] org.apache.tomcat.websocket.pojo.PojoEndpointBase.onError No error handling configured for [ChatServer] and the following error occurred
	java.lang.NullPointerException: Cannot invoke "String.split(String)" because the return value of "jakarta.websocket.Session.getQueryString()" is null
		at ChatServer.onOpen(ChatServer.java:55)
		at java.base/jdk.internal.reflect.DirectMethodHandleAccessor.invoke(DirectMethodHandleAccessor.java:104)
		at java.base/java.lang.reflect.Method.invoke(Method.java:565)
		at org.apache.tomcat.websocket.pojo.PojoEndpointBase.doOnOpen(PojoEndpointBase.java:67)
		at org.apache.tomcat.websocket.pojo.PojoEndpointServer.onOpen(PojoEndpointServer.java:46)
		at org.apache.tomcat.websocket.server.WsHttpUpgradeHandler.init(WsHttpUpgradeHandler.java:131)
		at org.apache.coyote.AbstractProtocol$ConnectionHandler.process(AbstractProtocol.java:945)
		at org.apache.tomcat.util.net.NioEndpoint$SocketProcessor.doRun(NioEndpoint.java:1775)
		at org.apache.tomcat.util.net.SocketProcessorBase.run(SocketProcessorBase.java:52)
		at org.apache.tomcat.util.threads.ThreadPoolExecutor.runWorker(ThreadPoolExecutor.java:973)
		at org.apache.tomcat.util.threads.ThreadPoolExecutor$Worker.run(ThreadPoolExecutor.java:491)
		at org.apache.tomcat.util.threads.TaskThread$WrappingRunnable.run(TaskThread.java:63)
		at java.base/java.lang.Thread.run(Thread.java:1474)
15-Mar-2026 15:31:11.209 SEVERE [http-nio-8080-exec-2] org.apache.tomcat.websocket.pojo.PojoEndpointBase.onError No error handling configured for [ChatServer] and the following error occurred
	java.lang.NullPointerException: Cannot invoke "String.split(String)" because the return value of "jakarta.websocket.Session.getQueryString()" is null
		at ChatServer.onOpen(ChatServer.java:55)
		at java.base/jdk.internal.reflect.DirectMethodHandleAccessor.invoke(DirectMethodHandleAccessor.java:104)
		at java.base/java.lang.reflect.Method.invoke(Method.java:565)
		at org.apache.tomcat.websocket.pojo.PojoEndpointBase.doOnOpen(PojoEndpointBase.java:67)
		at org.apache.tomcat.websocket.pojo.PojoEndpointServer.onOpen(PojoEndpointServer.java:46)
		at org.apache.tomcat.websocket.server.WsHttpUpgradeHandler.init(WsHttpUpgradeHandler.java:131)
		at org.apache.coyote.AbstractProtocol$ConnectionHandler.process(AbstractProtocol.java:945)
		at org.apache.tomcat.util.net.NioEndpoint$SocketProcessor.doRun(NioEndpoint.java:1775)
		at org.apache.tomcat.util.net.SocketProcessorBase.run(SocketProcessorBase.java:52)
		at org.apache.tomcat.util.threads.ThreadPoolExecutor.runWorker(ThreadPoolExecutor.java:973)
		at org.apache.tomcat.util.threads.ThreadPoolExecutor$Worker.run(ThreadPoolExecutor.java:491)
		at org.apache.tomcat.util.threads.TaskThread$WrappingRunnable.run(TaskThread.java:63)
		at java.base/java.lang.Thread.run(Thread.java:1474)
15-Mar-2026 15:31:11.839 SEVERE [http-nio-8080-exec-2] org.apache.tomcat.websocket.pojo.PojoEndpointBase.onError No error handling configured for [ChatServer] and the following error occurred
	java.lang.NullPointerException: Cannot invoke "String.split(String)" because the return value of "jakarta.websocket.Session.getQueryString()" is null
		at ChatServer.onOpen(ChatServer.java:55)
		at java.base/jdk.internal.reflect.DirectMethodHandleAccessor.invoke(DirectMethodHandleAccessor.java:104)
		at java.base/java.lang.reflect.Method.invoke(Method.java:565)
		at org.apache.tomcat.websocket.pojo.PojoEndpointBase.doOnOpen(PojoEndpointBase.java:67)
		at org.apache.tomcat.websocket.pojo.PojoEndpointServer.onOpen(PojoEndpointServer.java:46)
		at org.apache.tomcat.websocket.server.WsHttpUpgradeHandler.init(WsHttpUpgradeHandler.java:131)
		at org.apache.coyote.AbstractProtocol$ConnectionHandler.process(AbstractProtocol.java:945)
		at org.apache.tomcat.util.net.NioEndpoint$SocketProcessor.doRun(NioEndpoint.java:1775)
		at org.apache.tomcat.util.net.SocketProcessorBase.run(SocketProcessorBase.java:52)
		at org.apache.tomcat.util.threads.ThreadPoolExecutor.runWorker(ThreadPoolExecutor.java:973)
		at org.apache.tomcat.util.threads.ThreadPoolExecutor$Worker.run(ThreadPoolExecutor.java:491)
		at org.apache.tomcat.util.threads.TaskThread$WrappingRunnable.run(TaskThread.java:63)
		at java.base/java.lang.Thread.run(Thread.java:1474)
15-Mar-2026 15:31:12.213 SEVERE [http-nio-8080-exec-8] org.apache.tomcat.websocket.pojo.PojoEndpointBase.onError No error handling configured for [ChatServer] and the following error occurred
	java.lang.NullPointerException: Cannot invoke "String.split(String)" because the return value of "jakarta.websocket.Session.getQueryString()" is null
		at ChatServer.onOpen(ChatServer.java:55)
		at java.base/jdk.internal.reflect.DirectMethodHandleAccessor.invoke(DirectMethodHandleAccessor.java:104)
		at java.base/java.lang.reflect.Method.invoke(Method.java:565)
		at org.apache.tomcat.websocket.pojo.PojoEndpointBase.doOnOpen(PojoEndpointBase.java:67)
		at org.apache.tomcat.websocket.pojo.PojoEndpointServer.onOpen(PojoEndpointServer.java:46)
		at org.apache.tomcat.websocket.server.WsHttpUpgradeHandler.init(WsHttpUpgradeHandler.java:131)
		at org.apache.coyote.AbstractProtocol$ConnectionHandler.process(AbstractProtocol.java:945)
		at org.apache.tomcat.util.net.NioEndpoint$SocketProcessor.doRun(NioEndpoint.java:1775)
		at org.apache.tomcat.util.net.SocketProcessorBase.run(SocketProcessorBase.java:52)
		at org.apache.tomcat.util.threads.ThreadPoolExecutor.runWorker(ThreadPoolExecutor.java:973)
		at org.apache.tomcat.util.threads.ThreadPoolExecutor$Worker.run(ThreadPoolExecutor.java:491)
		at org.apache.tomcat.util.threads.TaskThread$WrappingRunnable.run(TaskThread.java:63)
		at java.base/java.lang.Thread.run(Thread.java:1474)
15-Mar-2026 15:31:12.565 SEVERE [http-nio-8080-exec-6] org.apache.tomcat.websocket.pojo.PojoEndpointBase.onError No error handling configured for [ChatServer] and the following error occurred
	java.lang.NullPointerException: Cannot invoke "String.split(String)" because the return value of "jakarta.websocket.Session.getQueryString()" is null
		at ChatServer.onOpen(ChatServer.java:55)
		at java.base/jdk.internal.reflect.DirectMethodHandleAccessor.invoke(DirectMethodHandleAccessor.java:104)
		at java.base/java.lang.reflect.Method.invoke(Method.java:565)
		at org.apache.tomcat.websocket.pojo.PojoEndpointBase.doOnOpen(PojoEndpointBase.java:67)
		at org.apache.tomcat.websocket.pojo.PojoEndpointServer.onOpen(PojoEndpointServer.java:46)
		at org.apache.tomcat.websocket.server.WsHttpUpgradeHandler.init(WsHttpUpgradeHandler.java:131)
		at org.apache.coyote.AbstractProtocol$ConnectionHandler.process(AbstractProtocol.java:945)
		at org.apache.tomcat.util.net.NioEndpoint$SocketProcessor.doRun(NioEndpoint.java:1775)
		at org.apache.tomcat.util.net.SocketProcessorBase.run(SocketProcessorBase.java:52)
		at org.apache.tomcat.util.threads.ThreadPoolExecutor.runWorker(ThreadPoolExecutor.java:973)
		at org.apache.tomcat.util.threads.ThreadPoolExecutor$Worker.run(ThreadPoolExecutor.java:491)
		at org.apache.tomcat.util.threads.TaskThread$WrappingRunnable.run(TaskThread.java:63)
		at java.base/java.lang.Thread.run(Thread.java:1474)
15-Mar-2026 15:31:13.234 SEVERE [http-nio-8080-exec-6] org.apache.tomcat.websocket.pojo.PojoEndpointBase.onError No error handling configured for [ChatServer] and the following error occurred
	java.lang.NullPointerException: Cannot invoke "String.split(String)" because the return value of "jakarta.websocket.Session.getQueryString()" is null
		at ChatServer.onOpen(ChatServer.java:55)
		at java.base/jdk.internal.reflect.DirectMethodHandleAccessor.invoke(DirectMethodHandleAccessor.java:104)
		at java.base/java.lang.reflect.Method.invoke(Method.java:565)
		at org.apache.tomcat.websocket.pojo.PojoEndpointBase.doOnOpen(PojoEndpointBase.java:67)
		at org.apache.tomcat.websocket.pojo.PojoEndpointServer.onOpen(PojoEndpointServer.java:46)
		at org.apache.tomcat.websocket.server.WsHttpUpgradeHandler.init(WsHttpUpgradeHandler.java:131)
		at org.apache.coyote.AbstractProtocol$ConnectionHandler.process(AbstractProtocol.java:945)
		at org.apache.tomcat.util.net.NioEndpoint$SocketProcessor.doRun(NioEndpoint.java:1775)
		at org.apache.tomcat.util.net.SocketProcessorBase.run(SocketProcessorBase.java:52)
		at org.apache.tomcat.util.threads.ThreadPoolExecutor.runWorker(ThreadPoolExecutor.java:973)
		at org.apache.tomcat.util.threads.ThreadPoolExecutor$Worker.run(ThreadPoolExecutor.java:491)
		at org.apache.tomcat.util.threads.TaskThread$WrappingRunnable.run(TaskThread.java:63)
		at java.base/java.lang.Thread.run(Thread.java:1474)
15-Mar-2026 15:31:24.418 SEVERE [http-nio-8080-exec-8] org.apache.tomcat.websocket.pojo.PojoEndpointBase.onError No error handling configured for [ChatServer] and the following error occurred
	java.lang.NullPointerException: Cannot invoke "String.split(String)" because the return value of "jakarta.websocket.Session.getQueryString()" is null
		at ChatServer.onOpen(ChatServer.java:55)
		at java.base/jdk.internal.reflect.DirectMethodHandleAccessor.invoke(DirectMethodHandleAccessor.java:104)
		at java.base/java.lang.reflect.Method.invoke(Method.java:565)
		at org.apache.tomcat.websocket.pojo.PojoEndpointBase.doOnOpen(PojoEndpointBase.java:67)
		at org.apache.tomcat.websocket.pojo.PojoEndpointServer.onOpen(PojoEndpointServer.java:46)
		at org.apache.tomcat.websocket.server.WsHttpUpgradeHandler.init(WsHttpUpgradeHandler.java:131)
		at org.apache.coyote.AbstractProtocol$ConnectionHandler.process(AbstractProtocol.java:945)
		at org.apache.tomcat.util.net.NioEndpoint$SocketProcessor.doRun(NioEndpoint.java:1775)
		at org.apache.tomcat.util.net.SocketProcessorBase.run(SocketProcessorBase.java:52)
		at org.apache.tomcat.util.threads.ThreadPoolExecutor.runWorker(ThreadPoolExecutor.java:973)
		at org.apache.tomcat.util.threads.ThreadPoolExecutor$Worker.run(ThreadPoolExecutor.java:491)
		at org.apache.tomcat.util.threads.TaskThread$WrappingRunnable.run(TaskThread.java:63)
		at java.base/java.lang.Thread.run(Thread.java:1474)
15-Mar-2026 15:31:29.212 SEVERE [http-nio-8080-exec-10] org.apache.tomcat.websocket.pojo.PojoEndpointBase.onError No error handling configured for [ChatServer] and the following error occurred
	java.lang.NullPointerException: Cannot invoke "String.split(String)" because the return value of "jakarta.websocket.Session.getQueryString()" is null
		at ChatServer.onOpen(ChatServer.java:55)
		at java.base/jdk.internal.reflect.DirectMethodHandleAccessor.invoke(DirectMethodHandleAccessor.java:104)
		at java.base/java.lang.reflect.Method.invoke(Method.java:565)
		at org.apache.tomcat.websocket.pojo.PojoEndpointBase.doOnOpen(PojoEndpointBase.java:67)
		at org.apache.tomcat.websocket.pojo.PojoEndpointServer.onOpen(PojoEndpointServer.java:46)
		at org.apache.tomcat.websocket.server.WsHttpUpgradeHandler.init(WsHttpUpgradeHandler.java:131)
		at org.apache.coyote.AbstractProtocol$ConnectionHandler.process(AbstractProtocol.java:945)
		at org.apache.tomcat.util.net.NioEndpoint$SocketProcessor.doRun(NioEndpoint.java:1775)
		at org.apache.tomcat.util.net.SocketProcessorBase.run(SocketProcessorBase.java:52)
		at org.apache.tomcat.util.threads.ThreadPoolExecutor.runWorker(ThreadPoolExecutor.java:973)
		at org.apache.tomcat.util.threads.ThreadPoolExecutor$Worker.run(ThreadPoolExecutor.java:491)
		at org.apache.tomcat.util.threads.TaskThread$WrappingRunnable.run(TaskThread.java:63)
		at java.base/java.lang.Thread.run(Thread.java:1474)
15-Mar-2026 15:32:05.549 SEVERE [http-nio-8080-exec-3] org.apache.tomcat.websocket.pojo.PojoEndpointBase.onError No error handling configured for [ChatServer] and the following error occurred
	java.lang.NullPointerException: Cannot invoke "String.split(String)" because the return value of "jakarta.websocket.Session.getQueryString()" is null
		at ChatServer.onOpen(ChatServer.java:55)
		at java.base/jdk.internal.reflect.DirectMethodHandleAccessor.invoke(DirectMethodHandleAccessor.java:104)
		at java.base/java.lang.reflect.Method.invoke(Method.java:565)
		at org.apache.tomcat.websocket.pojo.PojoEndpointBase.doOnOpen(PojoEndpointBase.java:67)
		at org.apache.tomcat.websocket.pojo.PojoEndpointServer.onOpen(PojoEndpointServer.java:46)
		at org.apache.tomcat.websocket.server.WsHttpUpgradeHandler.init(WsHttpUpgradeHandler.java:131)
		at org.apache.coyote.AbstractProtocol$ConnectionHandler.process(AbstractProtocol.java:945)
		at org.apache.tomcat.util.net.NioEndpoint$SocketProcessor.doRun(NioEndpoint.java:1775)
		at org.apache.tomcat.util.net.SocketProcessorBase.run(SocketProcessorBase.java:52)
		at org.apache.tomcat.util.threads.ThreadPoolExecutor.runWorker(ThreadPoolExecutor.java:973)
		at org.apache.tomcat.util.threads.ThreadPoolExecutor$Worker.run(ThreadPoolExecutor.java:491)
		at org.apache.tomcat.util.threads.TaskThread$WrappingRunnable.run(TaskThread.java:63)
		at java.base/java.lang.Thread.run(Thread.java:1474)
15-Mar-2026 15:32:08.266 SEVERE [http-nio-8080-exec-5] org.apache.tomcat.websocket.pojo.PojoEndpointBase.onError No error handling configured for [ChatServer] and the following error occurred
	java.lang.NullPointerException: Cannot invoke "String.split(String)" because the return value of "jakarta.websocket.Session.getQueryString()" is null
		at ChatServer.onOpen(ChatServer.java:55)
		at java.base/jdk.internal.reflect.DirectMethodHandleAccessor.invoke(DirectMethodHandleAccessor.java:104)
		at java.base/java.lang.reflect.Method.invoke(Method.java:565)
		at org.apache.tomcat.websocket.pojo.PojoEndpointBase.doOnOpen(PojoEndpointBase.java:67)
		at org.apache.tomcat.websocket.pojo.PojoEndpointServer.onOpen(PojoEndpointServer.java:46)
		at org.apache.tomcat.websocket.server.WsHttpUpgradeHandler.init(WsHttpUpgradeHandler.java:131)
		at org.apache.coyote.AbstractProtocol$ConnectionHandler.process(AbstractProtocol.java:945)
		at org.apache.tomcat.util.net.NioEndpoint$SocketProcessor.doRun(NioEndpoint.java:1775)
		at org.apache.tomcat.util.net.SocketProcessorBase.run(SocketProcessorBase.java:52)
		at org.apache.tomcat.util.threads.ThreadPoolExecutor.runWorker(ThreadPoolExecutor.java:973)
		at org.apache.tomcat.util.threads.ThreadPoolExecutor$Worker.run(ThreadPoolExecutor.java:491)
		at org.apache.tomcat.util.threads.TaskThread$WrappingRunnable.run(TaskThread.java:63)
		at java.base/java.lang.Thread.run(Thread.java:1474)
15-Mar-2026 15:32:37.351 SEVERE [http-nio-8080-exec-9] org.apache.tomcat.websocket.pojo.PojoEndpointBase.onError No error handling configured for [ChatServer] and the following error occurred
	java.lang.NullPointerException: Cannot invoke "String.split(String)" because the return value of "jakarta.websocket.Session.getQueryString()" is null
		at ChatServer.onOpen(ChatServer.java:55)
		at java.base/jdk.internal.reflect.DirectMethodHandleAccessor.invoke(DirectMethodHandleAccessor.java:104)
		at java.base/java.lang.reflect.Method.invoke(Method.java:565)
		at org.apache.tomcat.websocket.pojo.PojoEndpointBase.doOnOpen(PojoEndpointBase.java:67)
		at org.apache.tomcat.websocket.pojo.PojoEndpointServer.onOpen(PojoEndpointServer.java:46)
		at org.apache.tomcat.websocket.server.WsHttpUpgradeHandler.init(WsHttpUpgradeHandler.java:131)
		at org.apache.coyote.AbstractProtocol$ConnectionHandler.process(AbstractProtocol.java:945)
		at org.apache.tomcat.util.net.NioEndpoint$SocketProcessor.doRun(NioEndpoint.java:1775)
		at org.apache.tomcat.util.net.SocketProcessorBase.run(SocketProcessorBase.java:52)
		at org.apache.tomcat.util.threads.ThreadPoolExecutor.runWorker(ThreadPoolExecutor.java:973)
		at org.apache.tomcat.util.threads.ThreadPoolExecutor$Worker.run(ThreadPoolExecutor.java:491)
		at org.apache.tomcat.util.threads.TaskThread$WrappingRunnable.run(TaskThread.java:63)
		at java.base/java.lang.Thread.run(Thread.java:1474)
15-Mar-2026 15:32:38.878 SEVERE [http-nio-8080-exec-5] org.apache.tomcat.websocket.pojo.PojoEndpointBase.onError No error handling configured for [ChatServer] and the following error occurred
	java.lang.NullPointerException: Cannot invoke "String.split(String)" because the return value of "jakarta.websocket.Session.getQueryString()" is null
		at ChatServer.onOpen(ChatServer.java:55)
		at java.base/jdk.internal.reflect.DirectMethodHandleAccessor.invoke(DirectMethodHandleAccessor.java:104)
		at java.base/java.lang.reflect.Method.invoke(Method.java:565)
		at org.apache.tomcat.websocket.pojo.PojoEndpointBase.doOnOpen(PojoEndpointBase.java:67)
		at org.apache.tomcat.websocket.pojo.PojoEndpointServer.onOpen(PojoEndpointServer.java:46)
		at org.apache.tomcat.websocket.server.WsHttpUpgradeHandler.init(WsHttpUpgradeHandler.java:131)
		at org.apache.coyote.AbstractProtocol$ConnectionHandler.process(AbstractProtocol.java:945)
		at org.apache.tomcat.util.net.NioEndpoint$SocketProcessor.doRun(NioEndpoint.java:1775)
		at org.apache.tomcat.util.net.SocketProcessorBase.run(SocketProcessorBase.java:52)
		at org.apache.tomcat.util.threads.ThreadPoolExecutor.runWorker(ThreadPoolExecutor.java:973)
		at org.apache.tomcat.util.threads.ThreadPoolExecutor$Worker.run(ThreadPoolExecutor.java:491)
		at org.apache.tomcat.util.threads.TaskThread$WrappingRunnable.run(TaskThread.java:63)
		at java.base/java.lang.Thread.run(Thread.java:1474)
15-Mar-2026 15:34:21.806 INFO [main] org.apache.catalina.startup.VersionLoggerListener.log Server version name:   Apache Tomcat/10.1.52
15-Mar-2026 15:34:21.810 INFO [main] org.apache.catalina.startup.VersionLoggerListener.log Server built:          Jan 23 2026 19:29:07 UTC
15-Mar-2026 15:34:21.811 INFO [main] org.apache.catalina.startup.VersionLoggerListener.log Server version number: 10.1.52.0
15-Mar-2026 15:34:21.811 INFO [main] org.apache.catalina.startup.VersionLoggerListener.log OS Name:               Windows 11
15-Mar-2026 15:34:21.811 INFO [main] org.apache.catalina.startup.VersionLoggerListener.log OS Version:            10.0
15-Mar-2026 15:34:21.812 INFO [main] org.apache.catalina.startup.VersionLoggerListener.log Architecture:          amd64
15-Mar-2026 15:34:21.812 INFO [main] org.apache.catalina.startup.VersionLoggerListener.log Java Home:             C:\Program Files\Java\jdk-25.0.2
15-Mar-2026 15:34:21.812 INFO [main] org.apache.catalina.startup.VersionLoggerListener.log JVM Version:           25.0.2+10-LTS-69
15-Mar-2026 15:34:21.812 INFO [main] org.apache.catalina.startup.VersionLoggerListener.log JVM Vendor:            Oracle Corporation
15-Mar-2026 15:34:21.813 INFO [main] org.apache.catalina.startup.VersionLoggerListener.log CATALINA_BASE:         D:\STUDY\Website-projects\Talksy-chat-app\Backend\apache-tomcat-10.1.52\apache-tomcat-10.1.52
15-Mar-2026 15:34:21.813 INFO [main] org.apache.catalina.startup.VersionLoggerListener.log CATALINA_HOME:         D:\STUDY\Website-projects\Talksy-chat-app\Backend\apache-tomcat-10.1.52\apache-tomcat-10.1.52
15-Mar-2026 15:34:21.821 INFO [main] org.apache.catalina.startup.VersionLoggerListener.log Command line argument: -Djava.util.logging.config.file=D:\STUDY\Website-projects\Talksy-chat-app\Backend\apache-tomcat-10.1.52\apache-tomcat-10.1.52\conf\logging.properties
15-Mar-2026 15:34:21.821 INFO [main] org.apache.catalina.startup.VersionLoggerListener.log Command line argument: -Djava.util.logging.manager=org.apache.juli.ClassLoaderLogManager
15-Mar-2026 15:34:21.821 INFO [main] org.apache.catalina.startup.VersionLoggerListener.log Command line argument: -Djdk.tls.ephemeralDHKeySize=2048
15-Mar-2026 15:34:21.821 INFO [main] org.apache.catalina.startup.VersionLoggerListener.log Command line argument: -Djava.protocol.handler.pkgs=org.apache.catalina.webresources
15-Mar-2026 15:34:21.822 INFO [main] org.apache.catalina.startup.VersionLoggerListener.log Command line argument: -Dsun.io.useCanonCaches=false
15-Mar-2026 15:34:21.822 INFO [main] org.apache.catalina.startup.VersionLoggerListener.log Command line argument: --add-opens=java.base/java.lang=ALL-UNNAMED
15-Mar-2026 15:34:21.822 INFO [main] org.apache.catalina.startup.VersionLoggerListener.log Command line argument: --add-opens=java.base/java.lang.reflect=ALL-UNNAMED
15-Mar-2026 15:34:21.823 INFO [main] org.apache.catalina.startup.VersionLoggerListener.log Command line argument: --add-opens=java.base/java.io=ALL-UNNAMED
15-Mar-2026 15:34:21.823 INFO [main] org.apache.catalina.startup.VersionLoggerListener.log Command line argument: --add-opens=java.base/java.util=ALL-UNNAMED
15-Mar-2026 15:34:21.823 INFO [main] org.apache.catalina.startup.VersionLoggerListener.log Command line argument: --add-opens=java.base/java.util.concurrent=ALL-UNNAMED
15-Mar-2026 15:34:21.823 INFO [main] org.apache.catalina.startup.VersionLoggerListener.log Command line argument: --add-opens=java.rmi/sun.rmi.transport=ALL-UNNAMED
15-Mar-2026 15:34:21.823 INFO [main] org.apache.catalina.startup.VersionLoggerListener.log Command line argument: -Dcatalina.base=D:\STUDY\Website-projects\Talksy-chat-app\Backend\apache-tomcat-10.1.52\apache-tomcat-10.1.52
15-Mar-2026 15:34:21.824 INFO [main] org.apache.catalina.startup.VersionLoggerListener.log Command line argument: -Dcatalina.home=D:\STUDY\Website-projects\Talksy-chat-app\Backend\apache-tomcat-10.1.52\apache-tomcat-10.1.52
15-Mar-2026 15:34:21.824 INFO [main] org.apache.catalina.startup.VersionLoggerListener.log Command line argument: -Djava.io.tmpdir=D:\STUDY\Website-projects\Talksy-chat-app\Backend\apache-tomcat-10.1.52\apache-tomcat-10.1.52\temp
15-Mar-2026 15:34:21.833 INFO [main] org.apache.catalina.core.AprLifecycleListener.lifecycleEvent The Apache Tomcat Native library which allows using OpenSSL was not found on the java.library.path: [C:\Program Files\Java\jdk-25.0.2\bin;C:\WINDOWS\Sun\Java\bin;C:\WINDOWS\system32;C:\WINDOWS;C:\Program Files\Common Files\Oracle\Java\javapath;C:\WINDOWS\system32;C:\WINDOWS;C:\WINDOWS\System32\Wbem;C:\WINDOWS\System32\WindowsPowerShell\v1.0\;C:\WINDOWS\System32\OpenSSH\;C:\ProgramData\chocolatey\bin;C:\Program Files (x86)\Microsoft SQL Server\100\Tools\Binn\;C:\Program Files\Microsoft SQL Server\100\Tools\Binn\;C:\Program Files\Microsoft SQL Server\100\DTS\Binn\;C:\Program Files\nodejs\;C:\Program Files\Java\jdk-25.0.2\bin;C:\Program Files\MySQL\MySQL Shell 8.0\bin\;C:\Users\HP\AppData\Local\Microsoft\WindowsApps;C:\Users\HP\AppData\Local\Programs\Microsoft VS Code\bin;C:\Users\HP\AppData\Local\Programs\Antigravity\bin;C:\Users\HP\AppData\Roaming\npm;.]
15-Mar-2026 15:34:22.107 INFO [main] org.apache.coyote.AbstractProtocol.init Initializing ProtocolHandler ["http-nio-8080"]
15-Mar-2026 15:34:22.132 INFO [main] org.apache.catalina.startup.Catalina.load Server initialization in [457] milliseconds
15-Mar-2026 15:34:22.175 INFO [main] org.apache.catalina.core.StandardService.startInternal Starting service [Catalina]
15-Mar-2026 15:34:22.175 INFO [main] org.apache.catalina.core.StandardEngine.startInternal Starting Servlet engine: [Apache Tomcat/10.1.52]
15-Mar-2026 15:34:22.183 INFO [main] org.apache.catalina.startup.HostConfig.deployDirectory Deploying web application directory [D:\STUDY\Website-projects\Talksy-chat-app\Backend\apache-tomcat-10.1.52\apache-tomcat-10.1.52\webapps\chatapp]
15-Mar-2026 15:34:22.767 INFO [main] org.apache.jasper.servlet.TldScanner.scanJars At least one JAR was scanned for TLDs yet contained no TLDs. Enable debug logging for this logger for a complete list of JARs that were scanned but no TLDs were found in them. Skipping unneeded JARs during scanning can improve startup time and JSP compilation time.
15-Mar-2026 15:34:22.835 INFO [main] org.apache.catalina.startup.HostConfig.deployDirectory Deployment of web application directory [D:\STUDY\Website-projects\Talksy-chat-app\Backend\apache-tomcat-10.1.52\apache-tomcat-10.1.52\webapps\chatapp] has finished in [649] ms
15-Mar-2026 15:34:22.835 INFO [main] org.apache.catalina.startup.HostConfig.deployDirectory Deploying web application directory [D:\STUDY\Website-projects\Talksy-chat-app\Backend\apache-tomcat-10.1.52\apache-tomcat-10.1.52\webapps\docs]
15-Mar-2026 15:34:23.055 INFO [main] org.apache.jasper.servlet.TldScanner.scanJars At least one JAR was scanned for TLDs yet contained no TLDs. Enable debug logging for this logger for a complete list of JARs that were scanned but no TLDs were found in them. Skipping unneeded JARs during scanning can improve startup time and JSP compilation time.
15-Mar-2026 15:34:23.061 INFO [main] org.apache.catalina.startup.HostConfig.deployDirectory Deployment of web application directory [D:\STUDY\Website-projects\Talksy-chat-app\Backend\apache-tomcat-10.1.52\apache-tomcat-10.1.52\webapps\docs] has finished in [226] ms
15-Mar-2026 15:34:23.062 INFO [main] org.apache.catalina.startup.HostConfig.deployDirectory Deploying web application directory [D:\STUDY\Website-projects\Talksy-chat-app\Backend\apache-tomcat-10.1.52\apache-tomcat-10.1.52\webapps\examples]
15-Mar-2026 15:34:23.488 INFO [main] org.apache.jasper.servlet.TldScanner.scanJars At least one JAR was scanned for TLDs yet contained no TLDs. Enable debug logging for this logger for a complete list of JARs that were scanned but no TLDs were found in them. Skipping unneeded JARs during scanning can improve startup time and JSP compilation time.
15-Mar-2026 15:34:23.533 INFO [main] org.apache.catalina.startup.HostConfig.deployDirectory Deployment of web application directory [D:\STUDY\Website-projects\Talksy-chat-app\Backend\apache-tomcat-10.1.52\apache-tomcat-10.1.52\webapps\examples] has finished in [471] ms
15-Mar-2026 15:34:23.533 INFO [main] org.apache.catalina.startup.HostConfig.deployDirectory Deploying web application directory [D:\STUDY\Website-projects\Talksy-chat-app\Backend\apache-tomcat-10.1.52\apache-tomcat-10.1.52\webapps\host-manager]
15-Mar-2026 15:34:23.776 INFO [main] org.apache.jasper.servlet.TldScanner.scanJars At least one JAR was scanned for TLDs yet contained no TLDs. Enable debug logging for this logger for a complete list of JARs that were scanned but no TLDs were found in them. Skipping unneeded JARs during scanning can improve startup time and JSP compilation time.
15-Mar-2026 15:34:23.790 INFO [main] org.apache.catalina.startup.HostConfig.deployDirectory Deployment of web application directory [D:\STUDY\Website-projects\Talksy-chat-app\Backend\apache-tomcat-10.1.52\apache-tomcat-10.1.52\webapps\host-manager] has finished in [257] ms
15-Mar-2026 15:34:23.790 INFO [main] org.apache.catalina.startup.HostConfig.deployDirectory Deploying web application directory [D:\STUDY\Website-projects\Talksy-chat-app\Backend\apache-tomcat-10.1.52\apache-tomcat-10.1.52\webapps\manager]
15-Mar-2026 15:34:24.002 INFO [main] org.apache.jasper.servlet.TldScanner.scanJars At least one JAR was scanned for TLDs yet contained no TLDs. Enable debug logging for this logger for a complete list of JARs that were scanned but no TLDs were found in them. Skipping unneeded JARs during scanning can improve startup time and JSP compilation time.
15-Mar-2026 15:34:24.005 INFO [main] org.apache.catalina.startup.HostConfig.deployDirectory Deployment of web application directory [D:\STUDY\Website-projects\Talksy-chat-app\Backend\apache-tomcat-10.1.52\apache-tomcat-10.1.52\webapps\manager] has finished in [214] ms
15-Mar-2026 15:34:24.005 INFO [main] org.apache.catalina.startup.HostConfig.deployDirectory Deploying web application directory [D:\STUDY\Website-projects\Talksy-chat-app\Backend\apache-tomcat-10.1.52\apache-tomcat-10.1.52\webapps\ROOT]
15-Mar-2026 15:34:24.186 INFO [main] org.apache.jasper.servlet.TldScanner.scanJars At least one JAR was scanned for TLDs yet contained no TLDs. Enable debug logging for this logger for a complete list of JARs that were scanned but no TLDs were found in them. Skipping unneeded JARs during scanning can improve startup time and JSP compilation time.
15-Mar-2026 15:34:24.190 INFO [main] org.apache.catalina.startup.HostConfig.deployDirectory Deployment of web application directory [D:\STUDY\Website-projects\Talksy-chat-app\Backend\apache-tomcat-10.1.52\apache-tomcat-10.1.52\webapps\ROOT] has finished in [185] ms
15-Mar-2026 15:34:24.193 INFO [main] org.apache.coyote.AbstractProtocol.start Starting ProtocolHandler ["http-nio-8080"]
15-Mar-2026 15:34:24.219 INFO [main] org.apache.catalina.startup.Catalina.start Server startup in [2084] milliseconds
15-Mar-2026 15:35:07.259 SEVERE [http-nio-8080-exec-1] org.apache.tomcat.websocket.pojo.PojoEndpointBase.onError No error handling configured for [ChatServer] and the following error occurred
	java.lang.NullPointerException: Cannot invoke "String.split(String)" because the return value of "jakarta.websocket.Session.getQueryString()" is null
		at ChatServer.onOpen(ChatServer.java:55)
		at java.base/jdk.internal.reflect.DirectMethodHandleAccessor.invoke(DirectMethodHandleAccessor.java:104)
		at java.base/java.lang.reflect.Method.invoke(Method.java:565)
		at org.apache.tomcat.websocket.pojo.PojoEndpointBase.doOnOpen(PojoEndpointBase.java:67)
		at org.apache.tomcat.websocket.pojo.PojoEndpointServer.onOpen(PojoEndpointServer.java:46)
		at org.apache.tomcat.websocket.server.WsHttpUpgradeHandler.init(WsHttpUpgradeHandler.java:131)
		at org.apache.coyote.AbstractProtocol$ConnectionHandler.process(AbstractProtocol.java:945)
		at org.apache.tomcat.util.net.NioEndpoint$SocketProcessor.doRun(NioEndpoint.java:1775)
		at org.apache.tomcat.util.net.SocketProcessorBase.run(SocketProcessorBase.java:52)
		at org.apache.tomcat.util.threads.ThreadPoolExecutor.runWorker(ThreadPoolExecutor.java:973)
		at org.apache.tomcat.util.threads.ThreadPoolExecutor$Worker.run(ThreadPoolExecutor.java:491)
		at org.apache.tomcat.util.threads.TaskThread$WrappingRunnable.run(TaskThread.java:63)
		at java.base/java.lang.Thread.run(Thread.java:1474)
15-Mar-2026 15:38:19.281 INFO [main] org.apache.catalina.startup.VersionLoggerListener.log Server version name:   Apache Tomcat/10.1.52
15-Mar-2026 15:38:19.284 INFO [main] org.apache.catalina.startup.VersionLoggerListener.log Server built:          Jan 23 2026 19:29:07 UTC
15-Mar-2026 15:38:19.285 INFO [main] org.apache.catalina.startup.VersionLoggerListener.log Server version number: 10.1.52.0
15-Mar-2026 15:38:19.285 INFO [main] org.apache.catalina.startup.VersionLoggerListener.log OS Name:               Windows 11
15-Mar-2026 15:38:19.285 INFO [main] org.apache.catalina.startup.VersionLoggerListener.log OS Version:            10.0
15-Mar-2026 15:38:19.286 INFO [main] org.apache.catalina.startup.VersionLoggerListener.log Architecture:          amd64
15-Mar-2026 15:38:19.286 INFO [main] org.apache.catalina.startup.VersionLoggerListener.log Java Home:             C:\Program Files\Java\jdk-25.0.2
15-Mar-2026 15:38:19.286 INFO [main] org.apache.catalina.startup.VersionLoggerListener.log JVM Version:           25.0.2+10-LTS-69
15-Mar-2026 15:38:19.287 INFO [main] org.apache.catalina.startup.VersionLoggerListener.log JVM Vendor:            Oracle Corporation
15-Mar-2026 15:38:19.287 INFO [main] org.apache.catalina.startup.VersionLoggerListener.log CATALINA_BASE:         D:\STUDY\Website-projects\Talksy-chat-app\Backend\apache-tomcat-10.1.52\apache-tomcat-10.1.52
15-Mar-2026 15:38:19.287 INFO [main] org.apache.catalina.startup.VersionLoggerListener.log CATALINA_HOME:         D:\STUDY\Website-projects\Talksy-chat-app\Backend\apache-tomcat-10.1.52\apache-tomcat-10.1.52
15-Mar-2026 15:38:19.296 INFO [main] org.apache.catalina.startup.VersionLoggerListener.log Command line argument: -Djava.util.logging.config.file=D:\STUDY\Website-projects\Talksy-chat-app\Backend\apache-tomcat-10.1.52\apache-tomcat-10.1.52\conf\logging.properties
15-Mar-2026 15:38:19.296 INFO [main] org.apache.catalina.startup.VersionLoggerListener.log Command line argument: -Djava.util.logging.manager=org.apache.juli.ClassLoaderLogManager
15-Mar-2026 15:38:19.296 INFO [main] org.apache.catalina.startup.VersionLoggerListener.log Command line argument: -Djdk.tls.ephemeralDHKeySize=2048
15-Mar-2026 15:38:19.297 INFO [main] org.apache.catalina.startup.VersionLoggerListener.log Command line argument: -Djava.protocol.handler.pkgs=org.apache.catalina.webresources
15-Mar-2026 15:38:19.297 INFO [main] org.apache.catalina.startup.VersionLoggerListener.log Command line argument: -Dsun.io.useCanonCaches=false
15-Mar-2026 15:38:19.298 INFO [main] org.apache.catalina.startup.VersionLoggerListener.log Command line argument: --add-opens=java.base/java.lang=ALL-UNNAMED
15-Mar-2026 15:38:19.298 INFO [main] org.apache.catalina.startup.VersionLoggerListener.log Command line argument: --add-opens=java.base/java.lang.reflect=ALL-UNNAMED
15-Mar-2026 15:38:19.298 INFO [main] org.apache.catalina.startup.VersionLoggerListener.log Command line argument: --add-opens=java.base/java.io=ALL-UNNAMED
15-Mar-2026 15:38:19.298 INFO [main] org.apache.catalina.startup.VersionLoggerListener.log Command line argument: --add-opens=java.base/java.util=ALL-UNNAMED
15-Mar-2026 15:38:19.298 INFO [main] org.apache.catalina.startup.VersionLoggerListener.log Command line argument: --add-opens=java.base/java.util.concurrent=ALL-UNNAMED
15-Mar-2026 15:38:19.299 INFO [main] org.apache.catalina.startup.VersionLoggerListener.log Command line argument: --add-opens=java.rmi/sun.rmi.transport=ALL-UNNAMED
15-Mar-2026 15:38:19.299 INFO [main] org.apache.catalina.startup.VersionLoggerListener.log Command line argument: -Dcatalina.base=D:\STUDY\Website-projects\Talksy-chat-app\Backend\apache-tomcat-10.1.52\apache-tomcat-10.1.52
15-Mar-2026 15:38:19.299 INFO [main] org.apache.catalina.startup.VersionLoggerListener.log Command line argument: -Dcatalina.home=D:\STUDY\Website-projects\Talksy-chat-app\Backend\apache-tomcat-10.1.52\apache-tomcat-10.1.52
15-Mar-2026 15:38:19.299 INFO [main] org.apache.catalina.startup.VersionLoggerListener.log Command line argument: -Djava.io.tmpdir=D:\STUDY\Website-projects\Talksy-chat-app\Backend\apache-tomcat-10.1.52\apache-tomcat-10.1.52\temp
15-Mar-2026 15:38:19.308 INFO [main] org.apache.catalina.core.AprLifecycleListener.lifecycleEvent The Apache Tomcat Native library which allows using OpenSSL was not found on the java.library.path: [C:\Program Files\Java\jdk-25.0.2\bin;C:\WINDOWS\Sun\Java\bin;C:\WINDOWS\system32;C:\WINDOWS;C:\Program Files\Common Files\Oracle\Java\javapath;C:\WINDOWS\system32;C:\WINDOWS;C:\WINDOWS\System32\Wbem;C:\WINDOWS\System32\WindowsPowerShell\v1.0\;C:\WINDOWS\System32\OpenSSH\;C:\ProgramData\chocolatey\bin;C:\Program Files (x86)\Microsoft SQL Server\100\Tools\Binn\;C:\Program Files\Microsoft SQL Server\100\Tools\Binn\;C:\Program Files\Microsoft SQL Server\100\DTS\Binn\;C:\Program Files\nodejs\;C:\Program Files\Java\jdk-25.0.2\bin;C:\Program Files\MySQL\MySQL Shell 8.0\bin\;C:\Users\HP\AppData\Local\Microsoft\WindowsApps;C:\Users\HP\AppData\Local\Programs\Microsoft VS Code\bin;C:\Users\HP\AppData\Local\Programs\Antigravity\bin;C:\Users\HP\AppData\Roaming\npm;.]
15-Mar-2026 15:38:19.556 INFO [main] org.apache.coyote.AbstractProtocol.init Initializing ProtocolHandler ["http-nio-8080"]
15-Mar-2026 15:38:19.587 INFO [main] org.apache.catalina.startup.Catalina.load Server initialization in [443] milliseconds
15-Mar-2026 15:38:19.640 INFO [main] org.apache.catalina.core.StandardService.startInternal Starting service [Catalina]
15-Mar-2026 15:38:19.641 INFO [main] org.apache.catalina.core.StandardEngine.startInternal Starting Servlet engine: [Apache Tomcat/10.1.52]
15-Mar-2026 15:38:19.651 INFO [main] org.apache.catalina.startup.HostConfig.deployDirectory Deploying web application directory [D:\STUDY\Website-projects\Talksy-chat-app\Backend\apache-tomcat-10.1.52\apache-tomcat-10.1.52\webapps\chatapp]
15-Mar-2026 15:38:20.320 INFO [main] org.apache.jasper.servlet.TldScanner.scanJars At least one JAR was scanned for TLDs yet contained no TLDs. Enable debug logging for this logger for a complete list of JARs that were scanned but no TLDs were found in them. Skipping unneeded JARs during scanning can improve startup time and JSP compilation time.
15-Mar-2026 15:38:20.524 INFO [main] org.apache.catalina.startup.HostConfig.deployDirectory Deployment of web application directory [D:\STUDY\Website-projects\Talksy-chat-app\Backend\apache-tomcat-10.1.52\apache-tomcat-10.1.52\webapps\chatapp] has finished in [864] ms
15-Mar-2026 15:38:20.524 INFO [main] org.apache.catalina.startup.HostConfig.deployDirectory Deploying web application directory [D:\STUDY\Website-projects\Talksy-chat-app\Backend\apache-tomcat-10.1.52\apache-tomcat-10.1.52\webapps\docs]
15-Mar-2026 15:38:21.322 INFO [main] org.apache.jasper.servlet.TldScanner.scanJars At least one JAR was scanned for TLDs yet contained no TLDs. Enable debug logging for this logger for a complete list of JARs that were scanned but no TLDs were found in them. Skipping unneeded JARs during scanning can improve startup time and JSP compilation time.
15-Mar-2026 15:38:21.340 INFO [main] org.apache.catalina.startup.HostConfig.deployDirectory Deployment of web application directory [D:\STUDY\Website-projects\Talksy-chat-app\Backend\apache-tomcat-10.1.52\apache-tomcat-10.1.52\webapps\docs] has finished in [815] ms
15-Mar-2026 15:38:21.341 INFO [main] org.apache.catalina.startup.HostConfig.deployDirectory Deploying web application directory [D:\STUDY\Website-projects\Talksy-chat-app\Backend\apache-tomcat-10.1.52\apache-tomcat-10.1.52\webapps\examples]
15-Mar-2026 15:38:22.719 INFO [main] org.apache.jasper.servlet.TldScanner.scanJars At least one JAR was scanned for TLDs yet contained no TLDs. Enable debug logging for this logger for a complete list of JARs that were scanned but no TLDs were found in them. Skipping unneeded JARs during scanning can improve startup time and JSP compilation time.
15-Mar-2026 15:38:22.816 INFO [main] org.apache.catalina.startup.HostConfig.deployDirectory Deployment of web application directory [D:\STUDY\Website-projects\Talksy-chat-app\Backend\apache-tomcat-10.1.52\apache-tomcat-10.1.52\webapps\examples] has finished in [1,475] ms
15-Mar-2026 15:38:22.817 INFO [main] org.apache.catalina.startup.HostConfig.deployDirectory Deploying web application directory [D:\STUDY\Website-projects\Talksy-chat-app\Backend\apache-tomcat-10.1.52\apache-tomcat-10.1.52\webapps\host-manager]
15-Mar-2026 15:38:23.474 INFO [main] org.apache.jasper.servlet.TldScanner.scanJars At least one JAR was scanned for TLDs yet contained no TLDs. Enable debug logging for this logger for a complete list of JARs that were scanned but no TLDs were found in them. Skipping unneeded JARs during scanning can improve startup time and JSP compilation time.
15-Mar-2026 15:38:23.498 INFO [main] org.apache.catalina.startup.HostConfig.deployDirectory Deployment of web application directory [D:\STUDY\Website-projects\Talksy-chat-app\Backend\apache-tomcat-10.1.52\apache-tomcat-10.1.52\webapps\host-manager] has finished in [681] ms
15-Mar-2026 15:38:23.498 INFO [main] org.apache.catalina.startup.HostConfig.deployDirectory Deploying web application directory [D:\STUDY\Website-projects\Talksy-chat-app\Backend\apache-tomcat-10.1.52\apache-tomcat-10.1.52\webapps\manager]
15-Mar-2026 15:38:24.022 INFO [main] org.apache.jasper.servlet.TldScanner.scanJars At least one JAR was scanned for TLDs yet contained no TLDs. Enable debug logging for this logger for a complete list of JARs that were scanned but no TLDs were found in them. Skipping unneeded JARs during scanning can improve startup time and JSP compilation time.
15-Mar-2026 15:38:24.028 INFO [main] org.apache.catalina.startup.HostConfig.deployDirectory Deployment of web application directory [D:\STUDY\Website-projects\Talksy-chat-app\Backend\apache-tomcat-10.1.52\apache-tomcat-10.1.52\webapps\manager] has finished in [530] ms
15-Mar-2026 15:38:24.029 INFO [main] org.apache.catalina.startup.HostConfig.deployDirectory Deploying web application directory [D:\STUDY\Website-projects\Talksy-chat-app\Backend\apache-tomcat-10.1.52\apache-tomcat-10.1.52\webapps\ROOT]
15-Mar-2026 15:38:24.544 INFO [main] org.apache.jasper.servlet.TldScanner.scanJars At least one JAR was scanned for TLDs yet contained no TLDs. Enable debug logging for this logger for a complete list of JARs that were scanned but no TLDs were found in them. Skipping unneeded JARs during scanning can improve startup time and JSP compilation time.
15-Mar-2026 15:38:24.552 INFO [main] org.apache.catalina.startup.HostConfig.deployDirectory Deployment of web application directory [D:\STUDY\Website-projects\Talksy-chat-app\Backend\apache-tomcat-10.1.52\apache-tomcat-10.1.52\webapps\ROOT] has finished in [523] ms
15-Mar-2026 15:38:24.557 INFO [main] org.apache.coyote.AbstractProtocol.start Starting ProtocolHandler ["http-nio-8080"]
15-Mar-2026 15:38:24.629 INFO [main] org.apache.catalina.startup.Catalina.start Server startup in [5038] milliseconds
15-Mar-2026 15:38:47.965 SEVERE [http-nio-8080-exec-2] org.apache.tomcat.websocket.pojo.PojoEndpointBase.onError No error handling configured for [ChatServer] and the following error occurred
	java.lang.NullPointerException: Cannot invoke "String.split(String)" because the return value of "jakarta.websocket.Session.getQueryString()" is null
		at ChatServer.onOpen(ChatServer.java:55)
		at java.base/jdk.internal.reflect.DirectMethodHandleAccessor.invoke(DirectMethodHandleAccessor.java:104)
		at java.base/java.lang.reflect.Method.invoke(Method.java:565)
		at org.apache.tomcat.websocket.pojo.PojoEndpointBase.doOnOpen(PojoEndpointBase.java:67)
		at org.apache.tomcat.websocket.pojo.PojoEndpointServer.onOpen(PojoEndpointServer.java:46)
		at org.apache.tomcat.websocket.server.WsHttpUpgradeHandler.init(WsHttpUpgradeHandler.java:131)
		at org.apache.coyote.AbstractProtocol$ConnectionHandler.process(AbstractProtocol.java:945)
		at org.apache.tomcat.util.net.NioEndpoint$SocketProcessor.doRun(NioEndpoint.java:1775)
		at org.apache.tomcat.util.net.SocketProcessorBase.run(SocketProcessorBase.java:52)
		at org.apache.tomcat.util.threads.ThreadPoolExecutor.runWorker(ThreadPoolExecutor.java:973)
		at org.apache.tomcat.util.threads.ThreadPoolExecutor$Worker.run(ThreadPoolExecutor.java:491)
		at org.apache.tomcat.util.threads.TaskThread$WrappingRunnable.run(TaskThread.java:63)
		at java.base/java.lang.Thread.run(Thread.java:1474)
15-Mar-2026 15:39:30.596 SEVERE [http-nio-8080-exec-10] org.apache.tomcat.websocket.pojo.PojoEndpointBase.onError No error handling configured for [ChatServer] and the following error occurred
	java.lang.NullPointerException: Cannot invoke "String.split(String)" because the return value of "jakarta.websocket.Session.getQueryString()" is null
		at ChatServer.onOpen(ChatServer.java:55)
		at java.base/jdk.internal.reflect.DirectMethodHandleAccessor.invoke(DirectMethodHandleAccessor.java:104)
		at java.base/java.lang.reflect.Method.invoke(Method.java:565)
		at org.apache.tomcat.websocket.pojo.PojoEndpointBase.doOnOpen(PojoEndpointBase.java:67)
		at org.apache.tomcat.websocket.pojo.PojoEndpointServer.onOpen(PojoEndpointServer.java:46)
		at org.apache.tomcat.websocket.server.WsHttpUpgradeHandler.init(WsHttpUpgradeHandler.java:131)
		at org.apache.coyote.AbstractProtocol$ConnectionHandler.process(AbstractProtocol.java:945)
		at org.apache.tomcat.util.net.NioEndpoint$SocketProcessor.doRun(NioEndpoint.java:1775)
		at org.apache.tomcat.util.net.SocketProcessorBase.run(SocketProcessorBase.java:52)
		at org.apache.tomcat.util.threads.ThreadPoolExecutor.runWorker(ThreadPoolExecutor.java:973)
		at org.apache.tomcat.util.threads.ThreadPoolExecutor$Worker.run(ThreadPoolExecutor.java:491)
		at org.apache.tomcat.util.threads.TaskThread$WrappingRunnable.run(TaskThread.java:63)
		at java.base/java.lang.Thread.run(Thread.java:1474)
15-Mar-2026 19:43:54.368 INFO [main] org.apache.catalina.startup.VersionLoggerListener.log Server version name:   Apache Tomcat/10.1.52
15-Mar-2026 19:43:54.372 INFO [main] org.apache.catalina.startup.VersionLoggerListener.log Server built:          Jan 23 2026 19:29:07 UTC
15-Mar-2026 19:43:54.372 INFO [main] org.apache.catalina.startup.VersionLoggerListener.log Server version number: 10.1.52.0
15-Mar-2026 19:43:54.373 INFO [main] org.apache.catalina.startup.VersionLoggerListener.log OS Name:               Windows 11
15-Mar-2026 19:43:54.373 INFO [main] org.apache.catalina.startup.VersionLoggerListener.log OS Version:            10.0
15-Mar-2026 19:43:54.373 INFO [main] org.apache.catalina.startup.VersionLoggerListener.log Architecture:          amd64
15-Mar-2026 19:43:54.374 INFO [main] org.apache.catalina.startup.VersionLoggerListener.log Java Home:             C:\Program Files\Java\jdk-25.0.2
15-Mar-2026 19:43:54.374 INFO [main] org.apache.catalina.startup.VersionLoggerListener.log JVM Version:           25.0.2+10-LTS-69
15-Mar-2026 19:43:54.374 INFO [main] org.apache.catalina.startup.VersionLoggerListener.log JVM Vendor:            Oracle Corporation
15-Mar-2026 19:43:54.375 INFO [main] org.apache.catalina.startup.VersionLoggerListener.log CATALINA_BASE:         D:\STUDY\Website-projects\Talksy-chat-app\Backend\apache-tomcat-10.1.52\apache-tomcat-10.1.52
15-Mar-2026 19:43:54.375 INFO [main] org.apache.catalina.startup.VersionLoggerListener.log CATALINA_HOME:         D:\STUDY\Website-projects\Talksy-chat-app\Backend\apache-tomcat-10.1.52\apache-tomcat-10.1.52
15-Mar-2026 19:43:54.399 INFO [main] org.apache.catalina.startup.VersionLoggerListener.log Command line argument: -Djava.util.logging.config.file=D:\STUDY\Website-projects\Talksy-chat-app\Backend\apache-tomcat-10.1.52\apache-tomcat-10.1.52\conf\logging.properties
15-Mar-2026 19:43:54.400 INFO [main] org.apache.catalina.startup.VersionLoggerListener.log Command line argument: -Djava.util.logging.manager=org.apache.juli.ClassLoaderLogManager
15-Mar-2026 19:43:54.400 INFO [main] org.apache.catalina.startup.VersionLoggerListener.log Command line argument: -Djdk.tls.ephemeralDHKeySize=2048
15-Mar-2026 19:43:54.400 INFO [main] org.apache.catalina.startup.VersionLoggerListener.log Command line argument: -Djava.protocol.handler.pkgs=org.apache.catalina.webresources
15-Mar-2026 19:43:54.400 INFO [main] org.apache.catalina.startup.VersionLoggerListener.log Command line argument: -Dsun.io.useCanonCaches=false
15-Mar-2026 19:43:54.401 INFO [main] org.apache.catalina.startup.VersionLoggerListener.log Command line argument: --add-opens=java.base/java.lang=ALL-UNNAMED
15-Mar-2026 19:43:54.401 INFO [main] org.apache.catalina.startup.VersionLoggerListener.log Command line argument: --add-opens=java.base/java.lang.reflect=ALL-UNNAMED
15-Mar-2026 19:43:54.401 INFO [main] org.apache.catalina.startup.VersionLoggerListener.log Command line argument: --add-opens=java.base/java.io=ALL-UNNAMED
15-Mar-2026 19:43:54.402 INFO [main] org.apache.catalina.startup.VersionLoggerListener.log Command line argument: --add-opens=java.base/java.util=ALL-UNNAMED
15-Mar-2026 19:43:54.402 INFO [main] org.apache.catalina.startup.VersionLoggerListener.log Command line argument: --add-opens=java.base/java.util.concurrent=ALL-UNNAMED
15-Mar-2026 19:43:54.402 INFO [main] org.apache.catalina.startup.VersionLoggerListener.log Command line argument: --add-opens=java.rmi/sun.rmi.transport=ALL-UNNAMED
15-Mar-2026 19:43:54.403 INFO [main] org.apache.catalina.startup.VersionLoggerListener.log Command line argument: -Dcatalina.base=D:\STUDY\Website-projects\Talksy-chat-app\Backend\apache-tomcat-10.1.52\apache-tomcat-10.1.52
15-Mar-2026 19:43:54.403 INFO [main] org.apache.catalina.startup.VersionLoggerListener.log Command line argument: -Dcatalina.home=D:\STUDY\Website-projects\Talksy-chat-app\Backend\apache-tomcat-10.1.52\apache-tomcat-10.1.52
15-Mar-2026 19:43:54.403 INFO [main] org.apache.catalina.startup.VersionLoggerListener.log Command line argument: -Djava.io.tmpdir=D:\STUDY\Website-projects\Talksy-chat-app\Backend\apache-tomcat-10.1.52\apache-tomcat-10.1.52\temp
15-Mar-2026 19:43:54.415 INFO [main] org.apache.catalina.core.AprLifecycleListener.lifecycleEvent The Apache Tomcat Native library which allows using OpenSSL was not found on the java.library.path: [C:\Program Files\Java\jdk-25.0.2\bin;C:\WINDOWS\Sun\Java\bin;C:\WINDOWS\system32;C:\WINDOWS;C:\Program Files\Common Files\Oracle\Java\javapath;C:\WINDOWS\system32;C:\WINDOWS;C:\WINDOWS\System32\Wbem;C:\WINDOWS\System32\WindowsPowerShell\v1.0\;C:\WINDOWS\System32\OpenSSH\;C:\ProgramData\chocolatey\bin;C:\Program Files (x86)\Microsoft SQL Server\100\Tools\Binn\;C:\Program Files\Microsoft SQL Server\100\Tools\Binn\;C:\Program Files\Microsoft SQL Server\100\DTS\Binn\;C:\Program Files\nodejs\;C:\Program Files\Java\jdk-25.0.2\bin;C:\Program Files\MySQL\MySQL Shell 8.0\bin\;C:\Users\HP\AppData\Local\Microsoft\WindowsApps;C:\Users\HP\AppData\Local\Programs\Microsoft VS Code\bin;C:\Users\HP\AppData\Local\Programs\Antigravity\bin;C:\Users\HP\AppData\Roaming\npm;.]
15-Mar-2026 19:43:54.804 INFO [main] org.apache.coyote.AbstractProtocol.init Initializing ProtocolHandler ["http-nio-8080"]
15-Mar-2026 19:43:54.852 INFO [main] org.apache.catalina.startup.Catalina.load Server initialization in [655] milliseconds
15-Mar-2026 19:43:54.920 INFO [main] org.apache.catalina.core.StandardService.startInternal Starting service [Catalina]
15-Mar-2026 19:43:54.920 INFO [main] org.apache.catalina.core.StandardEngine.startInternal Starting Servlet engine: [Apache Tomcat/10.1.52]
15-Mar-2026 19:43:54.934 INFO [main] org.apache.catalina.startup.HostConfig.deployDirectory Deploying web application directory [D:\STUDY\Website-projects\Talksy-chat-app\Backend\apache-tomcat-10.1.52\apache-tomcat-10.1.52\webapps\chatapp]
15-Mar-2026 19:43:55.610 INFO [main] org.apache.jasper.servlet.TldScanner.scanJars At least one JAR was scanned for TLDs yet contained no TLDs. Enable debug logging for this logger for a complete list of JARs that were scanned but no TLDs were found in them. Skipping unneeded JARs during scanning can improve startup time and JSP compilation time.
15-Mar-2026 19:43:55.688 INFO [main] org.apache.catalina.startup.HostConfig.deployDirectory Deployment of web application directory [D:\STUDY\Website-projects\Talksy-chat-app\Backend\apache-tomcat-10.1.52\apache-tomcat-10.1.52\webapps\chatapp] has finished in [751] ms
15-Mar-2026 19:43:55.690 INFO [main] org.apache.catalina.startup.HostConfig.deployDirectory Deploying web application directory [D:\STUDY\Website-projects\Talksy-chat-app\Backend\apache-tomcat-10.1.52\apache-tomcat-10.1.52\webapps\docs]
15-Mar-2026 19:43:55.937 INFO [main] org.apache.jasper.servlet.TldScanner.scanJars At least one JAR was scanned for TLDs yet contained no TLDs. Enable debug logging for this logger for a complete list of JARs that were scanned but no TLDs were found in them. Skipping unneeded JARs during scanning can improve startup time and JSP compilation time.
15-Mar-2026 19:43:55.953 INFO [main] org.apache.catalina.startup.HostConfig.deployDirectory Deployment of web application directory [D:\STUDY\Website-projects\Talksy-chat-app\Backend\apache-tomcat-10.1.52\apache-tomcat-10.1.52\webapps\docs] has finished in [263] ms
15-Mar-2026 19:43:55.954 INFO [main] org.apache.catalina.startup.HostConfig.deployDirectory Deploying web application directory [D:\STUDY\Website-projects\Talksy-chat-app\Backend\apache-tomcat-10.1.52\apache-tomcat-10.1.52\webapps\examples]
15-Mar-2026 19:43:56.736 INFO [main] org.apache.jasper.servlet.TldScanner.scanJars At least one JAR was scanned for TLDs yet contained no TLDs. Enable debug logging for this logger for a complete list of JARs that were scanned but no TLDs were found in them. Skipping unneeded JARs during scanning can improve startup time and JSP compilation time.
15-Mar-2026 19:43:56.782 INFO [main] org.apache.catalina.startup.HostConfig.deployDirectory Deployment of web application directory [D:\STUDY\Website-projects\Talksy-chat-app\Backend\apache-tomcat-10.1.52\apache-tomcat-10.1.52\webapps\examples] has finished in [828] ms
15-Mar-2026 19:43:56.783 INFO [main] org.apache.catalina.startup.HostConfig.deployDirectory Deploying web application directory [D:\STUDY\Website-projects\Talksy-chat-app\Backend\apache-tomcat-10.1.52\apache-tomcat-10.1.52\webapps\host-manager]
15-Mar-2026 19:43:57.055 INFO [main] org.apache.jasper.servlet.TldScanner.scanJars At least one JAR was scanned for TLDs yet contained no TLDs. Enable debug logging for this logger for a complete list of JARs that were scanned but no TLDs were found in them. Skipping unneeded JARs during scanning can improve startup time and JSP compilation time.
15-Mar-2026 19:43:57.073 INFO [main] org.apache.catalina.startup.HostConfig.deployDirectory Deployment of web application directory [D:\STUDY\Website-projects\Talksy-chat-app\Backend\apache-tomcat-10.1.52\apache-tomcat-10.1.52\webapps\host-manager] has finished in [289] ms
15-Mar-2026 19:43:57.074 INFO [main] org.apache.catalina.startup.HostConfig.deployDirectory Deploying web application directory [D:\STUDY\Website-projects\Talksy-chat-app\Backend\apache-tomcat-10.1.52\apache-tomcat-10.1.52\webapps\manager]
15-Mar-2026 19:43:57.292 INFO [main] org.apache.jasper.servlet.TldScanner.scanJars At least one JAR was scanned for TLDs yet contained no TLDs. Enable debug logging for this logger for a complete list of JARs that were scanned but no TLDs were found in them. Skipping unneeded JARs during scanning can improve startup time and JSP compilation time.
15-Mar-2026 19:43:57.297 INFO [main] org.apache.catalina.startup.HostConfig.deployDirectory Deployment of web application directory [D:\STUDY\Website-projects\Talksy-chat-app\Backend\apache-tomcat-10.1.52\apache-tomcat-10.1.52\webapps\manager] has finished in [223] ms
15-Mar-2026 19:43:57.297 INFO [main] org.apache.catalina.startup.HostConfig.deployDirectory Deploying web application directory [D:\STUDY\Website-projects\Talksy-chat-app\Backend\apache-tomcat-10.1.52\apache-tomcat-10.1.52\webapps\ROOT]
15-Mar-2026 19:43:57.837 INFO [main] org.apache.jasper.servlet.TldScanner.scanJars At least one JAR was scanned for TLDs yet contained no TLDs. Enable debug logging for this logger for a complete list of JARs that were scanned but no TLDs were found in them. Skipping unneeded JARs during scanning can improve startup time and JSP compilation time.
15-Mar-2026 19:43:57.846 INFO [main] org.apache.catalina.startup.HostConfig.deployDirectory Deployment of web application directory [D:\STUDY\Website-projects\Talksy-chat-app\Backend\apache-tomcat-10.1.52\apache-tomcat-10.1.52\webapps\ROOT] has finished in [549] ms
15-Mar-2026 19:43:57.852 INFO [main] org.apache.coyote.AbstractProtocol.start Starting ProtocolHandler ["http-nio-8080"]
15-Mar-2026 19:43:57.935 INFO [main] org.apache.catalina.startup.Catalina.start Server startup in [3081] milliseconds
15-Mar-2026 19:43:59.266 SEVERE [http-nio-8080-exec-2] org.apache.tomcat.websocket.pojo.PojoEndpointBase.onError No error handling configured for [ChatServer] and the following error occurred
	java.lang.NullPointerException: Cannot invoke "String.split(String)" because the return value of "jakarta.websocket.Session.getQueryString()" is null
		at ChatServer.onOpen(ChatServer.java:55)
		at java.base/jdk.internal.reflect.DirectMethodHandleAccessor.invoke(DirectMethodHandleAccessor.java:104)
		at java.base/java.lang.reflect.Method.invoke(Method.java:565)
		at org.apache.tomcat.websocket.pojo.PojoEndpointBase.doOnOpen(PojoEndpointBase.java:67)
		at org.apache.tomcat.websocket.pojo.PojoEndpointServer.onOpen(PojoEndpointServer.java:46)
		at org.apache.tomcat.websocket.server.WsHttpUpgradeHandler.init(WsHttpUpgradeHandler.java:131)
		at org.apache.coyote.AbstractProtocol$ConnectionHandler.process(AbstractProtocol.java:945)
		at org.apache.tomcat.util.net.NioEndpoint$SocketProcessor.doRun(NioEndpoint.java:1775)
		at org.apache.tomcat.util.net.SocketProcessorBase.run(SocketProcessorBase.java:52)
		at org.apache.tomcat.util.threads.ThreadPoolExecutor.runWorker(ThreadPoolExecutor.java:973)
		at org.apache.tomcat.util.threads.ThreadPoolExecutor$Worker.run(ThreadPoolExecutor.java:491)
		at org.apache.tomcat.util.threads.TaskThread$WrappingRunnable.run(TaskThread.java:63)
		at java.base/java.lang.Thread.run(Thread.java:1474)
15-Mar-2026 19:44:44.784 SEVERE [http-nio-8080-exec-4] org.apache.tomcat.websocket.pojo.PojoEndpointBase.onError No error handling configured for [ChatServer] and the following error occurred
	java.lang.NullPointerException: Cannot invoke "String.split(String)" because the return value of "jakarta.websocket.Session.getQueryString()" is null
		at ChatServer.onOpen(ChatServer.java:55)
		at java.base/jdk.internal.reflect.DirectMethodHandleAccessor.invoke(DirectMethodHandleAccessor.java:104)
		at java.base/java.lang.reflect.Method.invoke(Method.java:565)
		at org.apache.tomcat.websocket.pojo.PojoEndpointBase.doOnOpen(PojoEndpointBase.java:67)
		at org.apache.tomcat.websocket.pojo.PojoEndpointServer.onOpen(PojoEndpointServer.java:46)
		at org.apache.tomcat.websocket.server.WsHttpUpgradeHandler.init(WsHttpUpgradeHandler.java:131)
		at org.apache.coyote.AbstractProtocol$ConnectionHandler.process(AbstractProtocol.java:945)
		at org.apache.tomcat.util.net.NioEndpoint$SocketProcessor.doRun(NioEndpoint.java:1775)
		at org.apache.tomcat.util.net.SocketProcessorBase.run(SocketProcessorBase.java:52)
		at org.apache.tomcat.util.threads.ThreadPoolExecutor.runWorker(ThreadPoolExecutor.java:973)
		at org.apache.tomcat.util.threads.ThreadPoolExecutor$Worker.run(ThreadPoolExecutor.java:491)
		at org.apache.tomcat.util.threads.TaskThread$WrappingRunnable.run(TaskThread.java:63)
		at java.base/java.lang.Thread.run(Thread.java:1474)
15-Mar-2026 19:45:17.710 SEVERE [http-nio-8080-exec-1] org.apache.tomcat.websocket.pojo.PojoEndpointBase.onError No error handling configured for [ChatServer] and the following error occurred
	java.lang.NullPointerException: Cannot invoke "String.split(String)" because the return value of "jakarta.websocket.Session.getQueryString()" is null
		at ChatServer.onOpen(ChatServer.java:55)
		at java.base/jdk.internal.reflect.DirectMethodHandleAccessor.invoke(DirectMethodHandleAccessor.java:104)
		at java.base/java.lang.reflect.Method.invoke(Method.java:565)
		at org.apache.tomcat.websocket.pojo.PojoEndpointBase.doOnOpen(PojoEndpointBase.java:67)
		at org.apache.tomcat.websocket.pojo.PojoEndpointServer.onOpen(PojoEndpointServer.java:46)
		at org.apache.tomcat.websocket.server.WsHttpUpgradeHandler.init(WsHttpUpgradeHandler.java:131)
		at org.apache.coyote.AbstractProtocol$ConnectionHandler.process(AbstractProtocol.java:945)
		at org.apache.tomcat.util.net.NioEndpoint$SocketProcessor.doRun(NioEndpoint.java:1775)
		at org.apache.tomcat.util.net.SocketProcessorBase.run(SocketProcessorBase.java:52)
		at org.apache.tomcat.util.threads.ThreadPoolExecutor.runWorker(ThreadPoolExecutor.java:973)
		at org.apache.tomcat.util.threads.ThreadPoolExecutor$Worker.run(ThreadPoolExecutor.java:491)
		at org.apache.tomcat.util.threads.TaskThread$WrappingRunnable.run(TaskThread.java:63)
		at java.base/java.lang.Thread.run(Thread.java:1474)
15-Mar-2026 19:53:00.873 INFO [main] org.apache.catalina.startup.VersionLoggerListener.log Server version name:   Apache Tomcat/10.1.52
15-Mar-2026 19:53:00.877 INFO [main] org.apache.catalina.startup.VersionLoggerListener.log Server built:          Jan 23 2026 19:29:07 UTC
15-Mar-2026 19:53:00.878 INFO [main] org.apache.catalina.startup.VersionLoggerListener.log Server version number: 10.1.52.0
15-Mar-2026 19:53:00.879 INFO [main] org.apache.catalina.startup.VersionLoggerListener.log OS Name:               Windows 11
15-Mar-2026 19:53:00.879 INFO [main] org.apache.catalina.startup.VersionLoggerListener.log OS Version:            10.0
15-Mar-2026 19:53:00.879 INFO [main] org.apache.catalina.startup.VersionLoggerListener.log Architecture:          amd64
15-Mar-2026 19:53:00.879 INFO [main] org.apache.catalina.startup.VersionLoggerListener.log Java Home:             C:\Program Files\Java\jdk-25.0.2
15-Mar-2026 19:53:00.879 INFO [main] org.apache.catalina.startup.VersionLoggerListener.log JVM Version:           25.0.2+10-LTS-69
15-Mar-2026 19:53:00.880 INFO [main] org.apache.catalina.startup.VersionLoggerListener.log JVM Vendor:            Oracle Corporation
15-Mar-2026 19:53:00.880 INFO [main] org.apache.catalina.startup.VersionLoggerListener.log CATALINA_BASE:         D:\STUDY\Website-projects\Talksy-chat-app\Backend\apache-tomcat-10.1.52\apache-tomcat-10.1.52
15-Mar-2026 19:53:00.880 INFO [main] org.apache.catalina.startup.VersionLoggerListener.log CATALINA_HOME:         D:\STUDY\Website-projects\Talksy-chat-app\Backend\apache-tomcat-10.1.52\apache-tomcat-10.1.52
15-Mar-2026 19:53:00.899 INFO [main] org.apache.catalina.startup.VersionLoggerListener.log Command line argument: -Djava.util.logging.config.file=D:\STUDY\Website-projects\Talksy-chat-app\Backend\apache-tomcat-10.1.52\apache-tomcat-10.1.52\conf\logging.properties
15-Mar-2026 19:53:00.900 INFO [main] org.apache.catalina.startup.VersionLoggerListener.log Command line argument: -Djava.util.logging.manager=org.apache.juli.ClassLoaderLogManager
15-Mar-2026 19:53:00.901 INFO [main] org.apache.catalina.startup.VersionLoggerListener.log Command line argument: -Djdk.tls.ephemeralDHKeySize=2048
15-Mar-2026 19:53:00.901 INFO [main] org.apache.catalina.startup.VersionLoggerListener.log Command line argument: -Djava.protocol.handler.pkgs=org.apache.catalina.webresources
15-Mar-2026 19:53:00.901 INFO [main] org.apache.catalina.startup.VersionLoggerListener.log Command line argument: -Dsun.io.useCanonCaches=false
15-Mar-2026 19:53:00.902 INFO [main] org.apache.catalina.startup.VersionLoggerListener.log Command line argument: --add-opens=java.base/java.lang=ALL-UNNAMED
15-Mar-2026 19:53:00.902 INFO [main] org.apache.catalina.startup.VersionLoggerListener.log Command line argument: --add-opens=java.base/java.lang.reflect=ALL-UNNAMED
15-Mar-2026 19:53:00.903 INFO [main] org.apache.catalina.startup.VersionLoggerListener.log Command line argument: --add-opens=java.base/java.io=ALL-UNNAMED
15-Mar-2026 19:53:00.903 INFO [main] org.apache.catalina.startup.VersionLoggerListener.log Command line argument: --add-opens=java.base/java.util=ALL-UNNAMED
15-Mar-2026 19:53:00.904 INFO [main] org.apache.catalina.startup.VersionLoggerListener.log Command line argument: --add-opens=java.base/java.util.concurrent=ALL-UNNAMED
15-Mar-2026 19:53:00.904 INFO [main] org.apache.catalina.startup.VersionLoggerListener.log Command line argument: --add-opens=java.rmi/sun.rmi.transport=ALL-UNNAMED
15-Mar-2026 19:53:00.904 INFO [main] org.apache.catalina.startup.VersionLoggerListener.log Command line argument: -Dcatalina.base=D:\STUDY\Website-projects\Talksy-chat-app\Backend\apache-tomcat-10.1.52\apache-tomcat-10.1.52
15-Mar-2026 19:53:00.905 INFO [main] org.apache.catalina.startup.VersionLoggerListener.log Command line argument: -Dcatalina.home=D:\STUDY\Website-projects\Talksy-chat-app\Backend\apache-tomcat-10.1.52\apache-tomcat-10.1.52
15-Mar-2026 19:53:00.905 INFO [main] org.apache.catalina.startup.VersionLoggerListener.log Command line argument: -Djava.io.tmpdir=D:\STUDY\Website-projects\Talksy-chat-app\Backend\apache-tomcat-10.1.52\apache-tomcat-10.1.52\temp
15-Mar-2026 19:53:00.912 INFO [main] org.apache.catalina.core.AprLifecycleListener.lifecycleEvent The Apache Tomcat Native library which allows using OpenSSL was not found on the java.library.path: [C:\Program Files\Java\jdk-25.0.2\bin;C:\WINDOWS\Sun\Java\bin;C:\WINDOWS\system32;C:\WINDOWS;C:\Program Files\Common Files\Oracle\Java\javapath;C:\WINDOWS\system32;C:\WINDOWS;C:\WINDOWS\System32\Wbem;C:\WINDOWS\System32\WindowsPowerShell\v1.0\;C:\WINDOWS\System32\OpenSSH\;C:\ProgramData\chocolatey\bin;C:\Program Files (x86)\Microsoft SQL Server\100\Tools\Binn\;C:\Program Files\Microsoft SQL Server\100\Tools\Binn\;C:\Program Files\Microsoft SQL Server\100\DTS\Binn\;C:\Program Files\nodejs\;C:\Program Files\Java\jdk-25.0.2\bin;C:\Program Files\MySQL\MySQL Shell 8.0\bin\;C:\Users\HP\AppData\Local\Microsoft\WindowsApps;C:\Users\HP\AppData\Local\Programs\Microsoft VS Code\bin;C:\Users\HP\AppData\Local\Programs\Antigravity\bin;C:\Users\HP\AppData\Roaming\npm;.]
15-Mar-2026 19:53:01.238 INFO [main] org.apache.coyote.AbstractProtocol.init Initializing ProtocolHandler ["http-nio-8080"]
15-Mar-2026 19:53:01.281 INFO [main] org.apache.catalina.startup.Catalina.load Server initialization in [725] milliseconds
15-Mar-2026 19:53:01.343 INFO [main] org.apache.catalina.core.StandardService.startInternal Starting service [Catalina]
15-Mar-2026 19:53:01.344 INFO [main] org.apache.catalina.core.StandardEngine.startInternal Starting Servlet engine: [Apache Tomcat/10.1.52]
15-Mar-2026 19:53:01.357 INFO [main] org.apache.catalina.startup.HostConfig.deployDirectory Deploying web application directory [D:\STUDY\Website-projects\Talksy-chat-app\Backend\apache-tomcat-10.1.52\apache-tomcat-10.1.52\webapps\chatapp]
15-Mar-2026 19:53:03.466 INFO [main] org.apache.jasper.servlet.TldScanner.scanJars At least one JAR was scanned for TLDs yet contained no TLDs. Enable debug logging for this logger for a complete list of JARs that were scanned but no TLDs were found in them. Skipping unneeded JARs during scanning can improve startup time and JSP compilation time.
15-Mar-2026 19:53:03.691 INFO [main] org.apache.catalina.startup.HostConfig.deployDirectory Deployment of web application directory [D:\STUDY\Website-projects\Talksy-chat-app\Backend\apache-tomcat-10.1.52\apache-tomcat-10.1.52\webapps\chatapp] has finished in [2,325] ms
15-Mar-2026 19:53:03.692 INFO [main] org.apache.catalina.startup.HostConfig.deployDirectory Deploying web application directory [D:\STUDY\Website-projects\Talksy-chat-app\Backend\apache-tomcat-10.1.52\apache-tomcat-10.1.52\webapps\docs]
15-Mar-2026 19:53:03.981 INFO [main] org.apache.jasper.servlet.TldScanner.scanJars At least one JAR was scanned for TLDs yet contained no TLDs. Enable debug logging for this logger for a complete list of JARs that were scanned but no TLDs were found in them. Skipping unneeded JARs during scanning can improve startup time and JSP compilation time.
15-Mar-2026 19:53:03.986 INFO [main] org.apache.catalina.startup.HostConfig.deployDirectory Deployment of web application directory [D:\STUDY\Website-projects\Talksy-chat-app\Backend\apache-tomcat-10.1.52\apache-tomcat-10.1.52\webapps\docs] has finished in [294] ms
15-Mar-2026 19:53:03.986 INFO [main] org.apache.catalina.startup.HostConfig.deployDirectory Deploying web application directory [D:\STUDY\Website-projects\Talksy-chat-app\Backend\apache-tomcat-10.1.52\apache-tomcat-10.1.52\webapps\examples]
15-Mar-2026 19:53:04.840 INFO [main] org.apache.jasper.servlet.TldScanner.scanJars At least one JAR was scanned for TLDs yet contained no TLDs. Enable debug logging for this logger for a complete list of JARs that were scanned but no TLDs were found in them. Skipping unneeded JARs during scanning can improve startup time and JSP compilation time.
15-Mar-2026 19:53:04.890 INFO [main] org.apache.catalina.startup.HostConfig.deployDirectory Deployment of web application directory [D:\STUDY\Website-projects\Talksy-chat-app\Backend\apache-tomcat-10.1.52\apache-tomcat-10.1.52\webapps\examples] has finished in [904] ms
15-Mar-2026 19:53:04.890 INFO [main] org.apache.catalina.startup.HostConfig.deployDirectory Deploying web application directory [D:\STUDY\Website-projects\Talksy-chat-app\Backend\apache-tomcat-10.1.52\apache-tomcat-10.1.52\webapps\host-manager]
15-Mar-2026 19:53:05.154 INFO [main] org.apache.jasper.servlet.TldScanner.scanJars At least one JAR was scanned for TLDs yet contained no TLDs. Enable debug logging for this logger for a complete list of JARs that were scanned but no TLDs were found in them. Skipping unneeded JARs during scanning can improve startup time and JSP compilation time.
15-Mar-2026 19:53:05.169 INFO [main] org.apache.catalina.startup.HostConfig.deployDirectory Deployment of web application directory [D:\STUDY\Website-projects\Talksy-chat-app\Backend\apache-tomcat-10.1.52\apache-tomcat-10.1.52\webapps\host-manager] has finished in [278] ms
15-Mar-2026 19:53:05.170 INFO [main] org.apache.catalina.startup.HostConfig.deployDirectory Deploying web application directory [D:\STUDY\Website-projects\Talksy-chat-app\Backend\apache-tomcat-10.1.52\apache-tomcat-10.1.52\webapps\manager]
15-Mar-2026 19:53:05.395 INFO [main] org.apache.jasper.servlet.TldScanner.scanJars At least one JAR was scanned for TLDs yet contained no TLDs. Enable debug logging for this logger for a complete list of JARs that were scanned but no TLDs were found in them. Skipping unneeded JARs during scanning can improve startup time and JSP compilation time.
15-Mar-2026 19:53:05.399 INFO [main] org.apache.catalina.startup.HostConfig.deployDirectory Deployment of web application directory [D:\STUDY\Website-projects\Talksy-chat-app\Backend\apache-tomcat-10.1.52\apache-tomcat-10.1.52\webapps\manager] has finished in [230] ms
15-Mar-2026 19:53:05.399 INFO [main] org.apache.catalina.startup.HostConfig.deployDirectory Deploying web application directory [D:\STUDY\Website-projects\Talksy-chat-app\Backend\apache-tomcat-10.1.52\apache-tomcat-10.1.52\webapps\ROOT]
15-Mar-2026 19:53:05.585 INFO [main] org.apache.jasper.servlet.TldScanner.scanJars At least one JAR was scanned for TLDs yet contained no TLDs. Enable debug logging for this logger for a complete list of JARs that were scanned but no TLDs were found in them. Skipping unneeded JARs during scanning can improve startup time and JSP compilation time.
15-Mar-2026 19:53:05.589 INFO [main] org.apache.catalina.startup.HostConfig.deployDirectory Deployment of web application directory [D:\STUDY\Website-projects\Talksy-chat-app\Backend\apache-tomcat-10.1.52\apache-tomcat-10.1.52\webapps\ROOT] has finished in [190] ms
15-Mar-2026 19:53:05.593 INFO [main] org.apache.coyote.AbstractProtocol.start Starting ProtocolHandler ["http-nio-8080"]
15-Mar-2026 19:53:05.644 INFO [main] org.apache.catalina.startup.Catalina.start Server startup in [4358] milliseconds
15-Mar-2026 20:33:15.496 INFO [main] org.apache.catalina.startup.VersionLoggerListener.log Server version name:   Apache Tomcat/10.1.52
15-Mar-2026 20:33:15.501 INFO [main] org.apache.catalina.startup.VersionLoggerListener.log Server built:          Jan 23 2026 19:29:07 UTC
15-Mar-2026 20:33:15.503 INFO [main] org.apache.catalina.startup.VersionLoggerListener.log Server version number: 10.1.52.0
15-Mar-2026 20:33:15.503 INFO [main] org.apache.catalina.startup.VersionLoggerListener.log OS Name:               Windows 11
15-Mar-2026 20:33:15.503 INFO [main] org.apache.catalina.startup.VersionLoggerListener.log OS Version:            10.0
15-Mar-2026 20:33:15.504 INFO [main] org.apache.catalina.startup.VersionLoggerListener.log Architecture:          amd64
15-Mar-2026 20:33:15.504 INFO [main] org.apache.catalina.startup.VersionLoggerListener.log Java Home:             C:\Program Files\Java\jdk-25.0.2
15-Mar-2026 20:33:15.505 INFO [main] org.apache.catalina.startup.VersionLoggerListener.log JVM Version:           25.0.2+10-LTS-69
15-Mar-2026 20:33:15.506 INFO [main] org.apache.catalina.startup.VersionLoggerListener.log JVM Vendor:            Oracle Corporation
15-Mar-2026 20:33:15.506 INFO [main] org.apache.catalina.startup.VersionLoggerListener.log CATALINA_BASE:         D:\STUDY\Website-projects\Talksy-chat-app\Backend\apache-tomcat-10.1.52\apache-tomcat-10.1.52
15-Mar-2026 20:33:15.506 INFO [main] org.apache.catalina.startup.VersionLoggerListener.log CATALINA_HOME:         D:\STUDY\Website-projects\Talksy-chat-app\Backend\apache-tomcat-10.1.52\apache-tomcat-10.1.52
15-Mar-2026 20:33:15.528 INFO [main] org.apache.catalina.startup.VersionLoggerListener.log Command line argument: -Djava.util.logging.config.file=D:\STUDY\Website-projects\Talksy-chat-app\Backend\apache-tomcat-10.1.52\apache-tomcat-10.1.52\conf\logging.properties
15-Mar-2026 20:33:15.529 INFO [main] org.apache.catalina.startup.VersionLoggerListener.log Command line argument: -Djava.util.logging.manager=org.apache.juli.ClassLoaderLogManager
15-Mar-2026 20:33:15.529 INFO [main] org.apache.catalina.startup.VersionLoggerListener.log Command line argument: -Djdk.tls.ephemeralDHKeySize=2048
15-Mar-2026 20:33:15.530 INFO [main] org.apache.catalina.startup.VersionLoggerListener.log Command line argument: -Djava.protocol.handler.pkgs=org.apache.catalina.webresources
15-Mar-2026 20:33:15.530 INFO [main] org.apache.catalina.startup.VersionLoggerListener.log Command line argument: -Dsun.io.useCanonCaches=false
15-Mar-2026 20:33:15.530 INFO [main] org.apache.catalina.startup.VersionLoggerListener.log Command line argument: --add-opens=java.base/java.lang=ALL-UNNAMED
15-Mar-2026 20:33:15.531 INFO [main] org.apache.catalina.startup.VersionLoggerListener.log Command line argument: --add-opens=java.base/java.lang.reflect=ALL-UNNAMED
15-Mar-2026 20:33:15.531 INFO [main] org.apache.catalina.startup.VersionLoggerListener.log Command line argument: --add-opens=java.base/java.io=ALL-UNNAMED
15-Mar-2026 20:33:15.531 INFO [main] org.apache.catalina.startup.VersionLoggerListener.log Command line argument: --add-opens=java.base/java.util=ALL-UNNAMED
15-Mar-2026 20:33:15.532 INFO [main] org.apache.catalina.startup.VersionLoggerListener.log Command line argument: --add-opens=java.base/java.util.concurrent=ALL-UNNAMED
15-Mar-2026 20:33:15.532 INFO [main] org.apache.catalina.startup.VersionLoggerListener.log Command line argument: --add-opens=java.rmi/sun.rmi.transport=ALL-UNNAMED
15-Mar-2026 20:33:15.533 INFO [main] org.apache.catalina.startup.VersionLoggerListener.log Command line argument: -Dcatalina.base=D:\STUDY\Website-projects\Talksy-chat-app\Backend\apache-tomcat-10.1.52\apache-tomcat-10.1.52
15-Mar-2026 20:33:15.533 INFO [main] org.apache.catalina.startup.VersionLoggerListener.log Command line argument: -Dcatalina.home=D:\STUDY\Website-projects\Talksy-chat-app\Backend\apache-tomcat-10.1.52\apache-tomcat-10.1.52
15-Mar-2026 20:33:15.534 INFO [main] org.apache.catalina.startup.VersionLoggerListener.log Command line argument: -Djava.io.tmpdir=D:\STUDY\Website-projects\Talksy-chat-app\Backend\apache-tomcat-10.1.52\apache-tomcat-10.1.52\temp
15-Mar-2026 20:33:15.551 INFO [main] org.apache.catalina.core.AprLifecycleListener.lifecycleEvent The Apache Tomcat Native library which allows using OpenSSL was not found on the java.library.path: [C:\Program Files\Java\jdk-25.0.2\bin;C:\WINDOWS\Sun\Java\bin;C:\WINDOWS\system32;C:\WINDOWS;C:\Program Files\Common Files\Oracle\Java\javapath;C:\WINDOWS\system32;C:\WINDOWS;C:\WINDOWS\System32\Wbem;C:\WINDOWS\System32\WindowsPowerShell\v1.0\;C:\WINDOWS\System32\OpenSSH\;C:\ProgramData\chocolatey\bin;C:\Program Files (x86)\Microsoft SQL Server\100\Tools\Binn\;C:\Program Files\Microsoft SQL Server\100\Tools\Binn\;C:\Program Files\Microsoft SQL Server\100\DTS\Binn\;C:\Program Files\nodejs\;C:\Program Files\Java\jdk-25.0.2\bin;C:\Program Files\MySQL\MySQL Shell 8.0\bin\;C:\Users\HP\AppData\Local\Microsoft\WindowsApps;C:\Users\HP\AppData\Local\Programs\Microsoft VS Code\bin;C:\Users\HP\AppData\Local\Programs\Antigravity\bin;C:\Users\HP\AppData\Roaming\npm;.]
15-Mar-2026 20:33:15.875 INFO [main] org.apache.coyote.AbstractProtocol.init Initializing ProtocolHandler ["http-nio-8080"]
15-Mar-2026 20:33:15.911 INFO [main] org.apache.catalina.startup.Catalina.load Server initialization in [693] milliseconds
15-Mar-2026 20:33:15.981 INFO [main] org.apache.catalina.core.StandardService.startInternal Starting service [Catalina]
15-Mar-2026 20:33:15.982 INFO [main] org.apache.catalina.core.StandardEngine.startInternal Starting Servlet engine: [Apache Tomcat/10.1.52]
15-Mar-2026 20:33:15.996 INFO [main] org.apache.catalina.startup.HostConfig.deployDirectory Deploying web application directory [D:\STUDY\Website-projects\Talksy-chat-app\Backend\apache-tomcat-10.1.52\apache-tomcat-10.1.52\webapps\chatapp]
15-Mar-2026 20:33:16.598 INFO [main] org.apache.jasper.servlet.TldScanner.scanJars At least one JAR was scanned for TLDs yet contained no TLDs. Enable debug logging for this logger for a complete list of JARs that were scanned but no TLDs were found in them. Skipping unneeded JARs during scanning can improve startup time and JSP compilation time.
15-Mar-2026 20:33:16.676 INFO [main] org.apache.catalina.startup.HostConfig.deployDirectory Deployment of web application directory [D:\STUDY\Website-projects\Talksy-chat-app\Backend\apache-tomcat-10.1.52\apache-tomcat-10.1.52\webapps\chatapp] has finished in [677] ms
15-Mar-2026 20:33:16.676 INFO [main] org.apache.catalina.startup.HostConfig.deployDirectory Deploying web application directory [D:\STUDY\Website-projects\Talksy-chat-app\Backend\apache-tomcat-10.1.52\apache-tomcat-10.1.52\webapps\docs]
15-Mar-2026 20:33:16.959 INFO [main] org.apache.jasper.servlet.TldScanner.scanJars At least one JAR was scanned for TLDs yet contained no TLDs. Enable debug logging for this logger for a complete list of JARs that were scanned but no TLDs were found in them. Skipping unneeded JARs during scanning can improve startup time and JSP compilation time.
15-Mar-2026 20:33:16.966 INFO [main] org.apache.catalina.startup.HostConfig.deployDirectory Deployment of web application directory [D:\STUDY\Website-projects\Talksy-chat-app\Backend\apache-tomcat-10.1.52\apache-tomcat-10.1.52\webapps\docs] has finished in [290] ms
15-Mar-2026 20:33:16.967 INFO [main] org.apache.catalina.startup.HostConfig.deployDirectory Deploying web application directory [D:\STUDY\Website-projects\Talksy-chat-app\Backend\apache-tomcat-10.1.52\apache-tomcat-10.1.52\webapps\examples]
15-Mar-2026 20:33:17.601 INFO [main] org.apache.jasper.servlet.TldScanner.scanJars At least one JAR was scanned for TLDs yet contained no TLDs. Enable debug logging for this logger for a complete list of JARs that were scanned but no TLDs were found in them. Skipping unneeded JARs during scanning can improve startup time and JSP compilation time.
15-Mar-2026 20:33:17.652 INFO [main] org.apache.catalina.startup.HostConfig.deployDirectory Deployment of web application directory [D:\STUDY\Website-projects\Talksy-chat-app\Backend\apache-tomcat-10.1.52\apache-tomcat-10.1.52\webapps\examples] has finished in [685] ms
15-Mar-2026 20:33:17.653 INFO [main] org.apache.catalina.startup.HostConfig.deployDirectory Deploying web application directory [D:\STUDY\Website-projects\Talksy-chat-app\Backend\apache-tomcat-10.1.52\apache-tomcat-10.1.52\webapps\host-manager]
15-Mar-2026 20:33:17.900 INFO [main] org.apache.jasper.servlet.TldScanner.scanJars At least one JAR was scanned for TLDs yet contained no TLDs. Enable debug logging for this logger for a complete list of JARs that were scanned but no TLDs were found in them. Skipping unneeded JARs during scanning can improve startup time and JSP compilation time.
15-Mar-2026 20:33:17.920 INFO [main] org.apache.catalina.startup.HostConfig.deployDirectory Deployment of web application directory [D:\STUDY\Website-projects\Talksy-chat-app\Backend\apache-tomcat-10.1.52\apache-tomcat-10.1.52\webapps\host-manager] has finished in [266] ms
15-Mar-2026 20:33:17.920 INFO [main] org.apache.catalina.startup.HostConfig.deployDirectory Deploying web application directory [D:\STUDY\Website-projects\Talksy-chat-app\Backend\apache-tomcat-10.1.52\apache-tomcat-10.1.52\webapps\manager]
15-Mar-2026 20:33:18.176 INFO [main] org.apache.jasper.servlet.TldScanner.scanJars At least one JAR was scanned for TLDs yet contained no TLDs. Enable debug logging for this logger for a complete list of JARs that were scanned but no TLDs were found in them. Skipping unneeded JARs during scanning can improve startup time and JSP compilation time.
15-Mar-2026 20:33:18.180 INFO [main] org.apache.catalina.startup.HostConfig.deployDirectory Deployment of web application directory [D:\STUDY\Website-projects\Talksy-chat-app\Backend\apache-tomcat-10.1.52\apache-tomcat-10.1.52\webapps\manager] has finished in [260] ms
15-Mar-2026 20:33:18.181 INFO [main] org.apache.catalina.startup.HostConfig.deployDirectory Deploying web application directory [D:\STUDY\Website-projects\Talksy-chat-app\Backend\apache-tomcat-10.1.52\apache-tomcat-10.1.52\webapps\ROOT]
15-Mar-2026 20:33:18.396 INFO [main] org.apache.jasper.servlet.TldScanner.scanJars At least one JAR was scanned for TLDs yet contained no TLDs. Enable debug logging for this logger for a complete list of JARs that were scanned but no TLDs were found in them. Skipping unneeded JARs during scanning can improve startup time and JSP compilation time.
15-Mar-2026 20:33:18.400 INFO [main] org.apache.catalina.startup.HostConfig.deployDirectory Deployment of web application directory [D:\STUDY\Website-projects\Talksy-chat-app\Backend\apache-tomcat-10.1.52\apache-tomcat-10.1.52\webapps\ROOT] has finished in [219] ms
15-Mar-2026 20:33:18.405 INFO [main] org.apache.coyote.AbstractProtocol.start Starting ProtocolHandler ["http-nio-8080"]
15-Mar-2026 20:33:18.451 INFO [main] org.apache.catalina.startup.Catalina.start Server startup in [2535] milliseconds
15-Mar-2026 20:49:01.250 INFO [main] org.apache.catalina.startup.VersionLoggerListener.log Server version name:   Apache Tomcat/10.1.52
15-Mar-2026 20:49:01.255 INFO [main] org.apache.catalina.startup.VersionLoggerListener.log Server built:          Jan 23 2026 19:29:07 UTC
15-Mar-2026 20:49:01.255 INFO [main] org.apache.catalina.startup.VersionLoggerListener.log Server version number: 10.1.52.0
15-Mar-2026 20:49:01.256 INFO [main] org.apache.catalina.startup.VersionLoggerListener.log OS Name:               Windows 11
15-Mar-2026 20:49:01.256 INFO [main] org.apache.catalina.startup.VersionLoggerListener.log OS Version:            10.0
15-Mar-2026 20:49:01.257 INFO [main] org.apache.catalina.startup.VersionLoggerListener.log Architecture:          amd64
15-Mar-2026 20:49:01.257 INFO [main] org.apache.catalina.startup.VersionLoggerListener.log Java Home:             C:\Program Files\Java\jdk-25.0.2
15-Mar-2026 20:49:01.257 INFO [main] org.apache.catalina.startup.VersionLoggerListener.log JVM Version:           25.0.2+10-LTS-69
15-Mar-2026 20:49:01.258 INFO [main] org.apache.catalina.startup.VersionLoggerListener.log JVM Vendor:            Oracle Corporation
15-Mar-2026 20:49:01.258 INFO [main] org.apache.catalina.startup.VersionLoggerListener.log CATALINA_BASE:         D:\STUDY\Website-projects\Talksy-chat-app\Backend\apache-tomcat-10.1.52\apache-tomcat-10.1.52
15-Mar-2026 20:49:01.259 INFO [main] org.apache.catalina.startup.VersionLoggerListener.log CATALINA_HOME:         D:\STUDY\Website-projects\Talksy-chat-app\Backend\apache-tomcat-10.1.52\apache-tomcat-10.1.52
15-Mar-2026 20:49:01.272 INFO [main] org.apache.catalina.startup.VersionLoggerListener.log Command line argument: -Djava.util.logging.config.file=D:\STUDY\Website-projects\Talksy-chat-app\Backend\apache-tomcat-10.1.52\apache-tomcat-10.1.52\conf\logging.properties
15-Mar-2026 20:49:01.272 INFO [main] org.apache.catalina.startup.VersionLoggerListener.log Command line argument: -Djava.util.logging.manager=org.apache.juli.ClassLoaderLogManager
15-Mar-2026 20:49:01.272 INFO [main] org.apache.catalina.startup.VersionLoggerListener.log Command line argument: -Djdk.tls.ephemeralDHKeySize=2048
15-Mar-2026 20:49:01.273 INFO [main] org.apache.catalina.startup.VersionLoggerListener.log Command line argument: -Djava.protocol.handler.pkgs=org.apache.catalina.webresources
15-Mar-2026 20:49:01.273 INFO [main] org.apache.catalina.startup.VersionLoggerListener.log Command line argument: -Dsun.io.useCanonCaches=false
15-Mar-2026 20:49:01.273 INFO [main] org.apache.catalina.startup.VersionLoggerListener.log Command line argument: --add-opens=java.base/java.lang=ALL-UNNAMED
15-Mar-2026 20:49:01.273 INFO [main] org.apache.catalina.startup.VersionLoggerListener.log Command line argument: --add-opens=java.base/java.lang.reflect=ALL-UNNAMED
15-Mar-2026 20:49:01.274 INFO [main] org.apache.catalina.startup.VersionLoggerListener.log Command line argument: --add-opens=java.base/java.io=ALL-UNNAMED
15-Mar-2026 20:49:01.274 INFO [main] org.apache.catalina.startup.VersionLoggerListener.log Command line argument: --add-opens=java.base/java.util=ALL-UNNAMED
15-Mar-2026 20:49:01.274 INFO [main] org.apache.catalina.startup.VersionLoggerListener.log Command line argument: --add-opens=java.base/java.util.concurrent=ALL-UNNAMED
15-Mar-2026 20:49:01.274 INFO [main] org.apache.catalina.startup.VersionLoggerListener.log Command line argument: --add-opens=java.rmi/sun.rmi.transport=ALL-UNNAMED
15-Mar-2026 20:49:01.275 INFO [main] org.apache.catalina.startup.VersionLoggerListener.log Command line argument: -Dcatalina.base=D:\STUDY\Website-projects\Talksy-chat-app\Backend\apache-tomcat-10.1.52\apache-tomcat-10.1.52
15-Mar-2026 20:49:01.275 INFO [main] org.apache.catalina.startup.VersionLoggerListener.log Command line argument: -Dcatalina.home=D:\STUDY\Website-projects\Talksy-chat-app\Backend\apache-tomcat-10.1.52\apache-tomcat-10.1.52
15-Mar-2026 20:49:01.276 INFO [main] org.apache.catalina.startup.VersionLoggerListener.log Command line argument: -Djava.io.tmpdir=D:\STUDY\Website-projects\Talksy-chat-app\Backend\apache-tomcat-10.1.52\apache-tomcat-10.1.52\temp
15-Mar-2026 20:49:01.291 INFO [main] org.apache.catalina.core.AprLifecycleListener.lifecycleEvent The Apache Tomcat Native library which allows using OpenSSL was not found on the java.library.path: [C:\Program Files\Java\jdk-25.0.2\bin;C:\WINDOWS\Sun\Java\bin;C:\WINDOWS\system32;C:\WINDOWS;C:\Program Files\Common Files\Oracle\Java\javapath;C:\WINDOWS\system32;C:\WINDOWS;C:\WINDOWS\System32\Wbem;C:\WINDOWS\System32\WindowsPowerShell\v1.0\;C:\WINDOWS\System32\OpenSSH\;C:\ProgramData\chocolatey\bin;C:\Program Files (x86)\Microsoft SQL Server\100\Tools\Binn\;C:\Program Files\Microsoft SQL Server\100\Tools\Binn\;C:\Program Files\Microsoft SQL Server\100\DTS\Binn\;C:\Program Files\nodejs\;C:\Program Files\Java\jdk-25.0.2\bin;C:\Program Files\MySQL\MySQL Shell 8.0\bin\;C:\Users\HP\AppData\Local\Microsoft\WindowsApps;C:\Users\HP\AppData\Local\Programs\Microsoft VS Code\bin;C:\Users\HP\AppData\Local\Programs\Antigravity\bin;C:\Users\HP\AppData\Roaming\npm;.]
15-Mar-2026 20:49:01.650 INFO [main] org.apache.coyote.AbstractProtocol.init Initializing ProtocolHandler ["http-nio-8080"]
15-Mar-2026 20:49:01.695 INFO [main] org.apache.catalina.startup.Catalina.load Server initialization in [623] milliseconds
15-Mar-2026 20:49:01.762 INFO [main] org.apache.catalina.core.StandardService.startInternal Starting service [Catalina]
15-Mar-2026 20:49:01.762 INFO [main] org.apache.catalina.core.StandardEngine.startInternal Starting Servlet engine: [Apache Tomcat/10.1.52]
15-Mar-2026 20:49:01.777 INFO [main] org.apache.catalina.startup.HostConfig.deployDirectory Deploying web application directory [D:\STUDY\Website-projects\Talksy-chat-app\Backend\apache-tomcat-10.1.52\apache-tomcat-10.1.52\webapps\chatapp]
15-Mar-2026 20:49:02.692 INFO [main] org.apache.jasper.servlet.TldScanner.scanJars At least one JAR was scanned for TLDs yet contained no TLDs. Enable debug logging for this logger for a complete list of JARs that were scanned but no TLDs were found in them. Skipping unneeded JARs during scanning can improve startup time and JSP compilation time.
15-Mar-2026 20:49:02.888 INFO [main] org.apache.catalina.startup.HostConfig.deployDirectory Deployment of web application directory [D:\STUDY\Website-projects\Talksy-chat-app\Backend\apache-tomcat-10.1.52\apache-tomcat-10.1.52\webapps\chatapp] has finished in [1,102] ms
15-Mar-2026 20:49:02.889 INFO [main] org.apache.catalina.startup.HostConfig.deployDirectory Deploying web application directory [D:\STUDY\Website-projects\Talksy-chat-app\Backend\apache-tomcat-10.1.52\apache-tomcat-10.1.52\webapps\docs]
15-Mar-2026 20:49:03.154 INFO [main] org.apache.jasper.servlet.TldScanner.scanJars At least one JAR was scanned for TLDs yet contained no TLDs. Enable debug logging for this logger for a complete list of JARs that were scanned but no TLDs were found in them. Skipping unneeded JARs during scanning can improve startup time and JSP compilation time.
15-Mar-2026 20:49:03.159 INFO [main] org.apache.catalina.startup.HostConfig.deployDirectory Deployment of web application directory [D:\STUDY\Website-projects\Talksy-chat-app\Backend\apache-tomcat-10.1.52\apache-tomcat-10.1.52\webapps\docs] has finished in [270] ms
15-Mar-2026 20:49:03.160 INFO [main] org.apache.catalina.startup.HostConfig.deployDirectory Deploying web application directory [D:\STUDY\Website-projects\Talksy-chat-app\Backend\apache-tomcat-10.1.52\apache-tomcat-10.1.52\webapps\examples]
15-Mar-2026 20:49:03.788 INFO [main] org.apache.jasper.servlet.TldScanner.scanJars At least one JAR was scanned for TLDs yet contained no TLDs. Enable debug logging for this logger for a complete list of JARs that were scanned but no TLDs were found in them. Skipping unneeded JARs during scanning can improve startup time and JSP compilation time.
15-Mar-2026 20:49:03.831 INFO [main] org.apache.catalina.startup.HostConfig.deployDirectory Deployment of web application directory [D:\STUDY\Website-projects\Talksy-chat-app\Backend\apache-tomcat-10.1.52\apache-tomcat-10.1.52\webapps\examples] has finished in [671] ms
15-Mar-2026 20:49:03.831 INFO [main] org.apache.catalina.startup.HostConfig.deployDirectory Deploying web application directory [D:\STUDY\Website-projects\Talksy-chat-app\Backend\apache-tomcat-10.1.52\apache-tomcat-10.1.52\webapps\host-manager]
15-Mar-2026 20:49:04.093 INFO [main] org.apache.jasper.servlet.TldScanner.scanJars At least one JAR was scanned for TLDs yet contained no TLDs. Enable debug logging for this logger for a complete list of JARs that were scanned but no TLDs were found in them. Skipping unneeded JARs during scanning can improve startup time and JSP compilation time.
15-Mar-2026 20:49:04.107 INFO [main] org.apache.catalina.startup.HostConfig.deployDirectory Deployment of web application directory [D:\STUDY\Website-projects\Talksy-chat-app\Backend\apache-tomcat-10.1.52\apache-tomcat-10.1.52\webapps\host-manager] has finished in [276] ms
15-Mar-2026 20:49:04.107 INFO [main] org.apache.catalina.startup.HostConfig.deployDirectory Deploying web application directory [D:\STUDY\Website-projects\Talksy-chat-app\Backend\apache-tomcat-10.1.52\apache-tomcat-10.1.52\webapps\manager]
15-Mar-2026 20:49:04.340 INFO [main] org.apache.jasper.servlet.TldScanner.scanJars At least one JAR was scanned for TLDs yet contained no TLDs. Enable debug logging for this logger for a complete list of JARs that were scanned but no TLDs were found in them. Skipping unneeded JARs during scanning can improve startup time and JSP compilation time.
15-Mar-2026 20:49:04.345 INFO [main] org.apache.catalina.startup.HostConfig.deployDirectory Deployment of web application directory [D:\STUDY\Website-projects\Talksy-chat-app\Backend\apache-tomcat-10.1.52\apache-tomcat-10.1.52\webapps\manager] has finished in [237] ms
15-Mar-2026 20:49:04.346 INFO [main] org.apache.catalina.startup.HostConfig.deployDirectory Deploying web application directory [D:\STUDY\Website-projects\Talksy-chat-app\Backend\apache-tomcat-10.1.52\apache-tomcat-10.1.52\webapps\ROOT]
15-Mar-2026 20:49:04.566 INFO [main] org.apache.jasper.servlet.TldScanner.scanJars At least one JAR was scanned for TLDs yet contained no TLDs. Enable debug logging for this logger for a complete list of JARs that were scanned but no TLDs were found in them. Skipping unneeded JARs during scanning can improve startup time and JSP compilation time.
15-Mar-2026 20:49:04.571 INFO [main] org.apache.catalina.startup.HostConfig.deployDirectory Deployment of web application directory [D:\STUDY\Website-projects\Talksy-chat-app\Backend\apache-tomcat-10.1.52\apache-tomcat-10.1.52\webapps\ROOT] has finished in [226] ms
15-Mar-2026 20:49:04.575 INFO [main] org.apache.coyote.AbstractProtocol.start Starting ProtocolHandler ["http-nio-8080"]
15-Mar-2026 20:49:04.622 INFO [main] org.apache.catalina.startup.Catalina.start Server startup in [2923] milliseconds
